=== arch campaign batch1b QUEUED Fri Jul  3 10:13:58 PM EEST 2026 git=2320dbf ===
=== arch campaign batch1b QUEUED Sat Jul  4 03:45:21 AM EEST 2026 git=2a8edbd ===
=== arch campaign batch1b QUEUED Sat Jul  4 08:16:56 AM EEST 2026 git=b493a0c ===
=== arch campaign batch1b QUEUED Mon Jul  6 09:44:45 AM EEST 2026 git=fb54933 ===
=== arch campaign batch1b QUEUED Mon Jul  6 09:58:32 AM EEST 2026 git=90028ba ===
=== arch campaign batch1b QUEUED Mon Jul  6 11:14:34 PM EEST 2026 git=570e9cf ===
=== gpu free Tue Jul  7 06:14:46 AM EEST 2026 ===
>>> archb1b pilot arm=base-T-s0 Tue Jul  7 06:14:46 AM EEST 2026

Mode: nongray_large_dt - Mode-resolved with β-network, large ΔT (~100K)
[07/07/26 06:14:48] INFO     use_spectral_t=True: forcing use_hard_ic=False     
                             (spectral architecture handles IC by construction).
[07/07/26 06:14:48] INFO     use_spectral_t=True: forcing use_hard_ic=False     
                             (spectral architecture handles IC by construction).
                    INFO     Random seed set: 0                                 
                    INFO     Random seed set: 0                                 
                    INFO     Lt from dom γ: 97.322 τ_ref (gray Lt was 549.202)  
                    INFO     Lt from dom γ: 97.322 τ_ref (gray Lt was 549.202)  
                    INFO     Analytical Lt: A(Lt)=0.001 threshold,              
                             Lt_analytical=549.2τ, Lt_final=97.3τ               
                    INFO     Analytical Lt: A(Lt)=0.001 threshold,              
                             Lt_analytical=549.2τ, Lt_final=97.3τ               
                    INFO     Large ΔT model: L=1.0μm, ΔT=100.0K                 
                    INFO     Large ΔT model: L=1.0μm, ΔT=100.0K                 
                    INFO     Temperature range: [250K, 350K]                    
                    INFO     Temperature range: [250K, 350K]                    
                    INFO     Reference scales: v_ref=1.68e+00, τ_ref=6.05e-11   
                    INFO     Reference scales: v_ref=1.68e+00, τ_ref=6.05e-11   
                    INFO     Effective Kn=0.1015, Lt=97.3                       
                    INFO     Effective Kn=0.1015, Lt=97.3                       
                    INFO     Vectorized: ALL 60 modes × ALL 16 angles per epoch 
                    INFO     Vectorized: ALL 60 modes × ALL 16 angles per epoch 
                    INFO     Subsampling: 1800/3600 interior points per epoch   
                    INFO     Subsampling: 1800/3600 interior points per epoch   
[07/07/26 06:14:52] INFO     DOM γ-target (universal, all-L): grid [250,350]K,  
                             γ_no13 ∈ [1.08e+09,1.34e+09] Hz (replaces          
                             1/(1+Kn²))                                         
[07/07/26 06:14:52] INFO     DOM γ-target (universal, all-L): grid [250,350]K,  
                             γ_no13 ∈ [1.08e+09,1.34e+09] Hz (replaces          
                             1/(1+Kn²))                                         
                    INFO     dT/dt IC (large ΔT): target range [-6.334, 7.894]  
                             in [0,1] time                                      
                    INFO     dT/dt IC (large ΔT): target range [-6.334, 7.894]  
                             in [0,1] time                                      
                    INFO     Waypoints: 5 (uniform), weight=0.0, shape=rate     
                    INFO     Waypoints: 5 (uniform), weight=0.0, shape=rate     
                    INFO     Auto energy weight: 1.000 (grating Kn=0.6379,      
                             Kn_eff=0.1015)                                     
                    INFO     Auto energy weight: 1.000 (grating Kn=0.6379,      
                             Kn_eff=0.1015)                                     
[07/07/26 06:14:52] INFO     W&B tracking enabled: project=pinn-bte,            
                             group=transient_1d_nongray_large_dt                
                    INFO     W&B tracking enabled: project=pinn-bte,            
                             group=transient_1d_nongray_large_dt                

1D Nongray Large ΔT Transient BTE
  L = 1.0 μm, ΔT = 100.0 K
  T range: [250K, 350K]
  Kn_eff = 0.1015
  Epochs: 15000 (β: 200)
  Output: runs/transient/1d_nongray_large_dt_1.0um_100K/20260707_061448
                    INFO     Logging to:                                        
                             runs/transient/1d_nongray_large_dt_1.0um_100K/20260
                             707_061448/training_20260707_061448.log            
                    INFO     Logging to:                                        
                             runs/transient/1d_nongray_large_dt_1.0um_100K/20260
                             707_061448/training_20260707_061448.log            
wandb: WARNING Using a boolean value for 'reinit' is deprecated. Use 'return_previous' or 'finish_previous' instead.
wandb: Tracking run with wandb version 0.24.1
wandb: W&B syncing is set to `offline` in this directory. Run `wandb online` or set WANDB_MODE=online to enable cloud syncing.
wandb: Run data is saved locally in /home/markoherkaliuk/src/pinn-bte-zoo/wandb/offline-run-20260707_061452-glop7tou
[07/07/26 06:14:53] INFO     Started W&B run: tr_1d_ng_L1.0um_dT100K ·          
                             20260707_061448 (glop7tou)                         
[07/07/26 06:14:53] INFO     Started W&B run: tr_1d_ng_L1.0um_dT100K ·          
                             20260707_061448 (glop7tou)                         

Phase 1: Pretraining β-network
  Temperature range: [250K, 350K]
  Epochs: 200
     0.1s | Epoch     0 | β Loss = 2.67e-01
  β pretraining complete! Final loss: 2.37e-02
╭───────────────────────────── Starting Training ──────────────────────────────╮
│   Mode      Transient_Nongray_LargeDT                                        │
│   Epochs    15000                                                            │
│   Device    cuda                                                             │
│   Run ID    20260707_061448                                                  │
╰──────────────────────────────────────────────────────────────────────────────╯

Phase 2: BTE Training
  L = 1.0 μm, ΔT = 100.0K
  T range: [250K, 350K]
  Kn_eff = 0.1015
  τ(T) model = holland (full branch-resolved Holland--Callaway)
  Waypoints: 5 (uniform), weight=0.0
  ALL 60 modes × ALL 16 angles (vectorized)
  Epochs: 15000
     0.6s | Epoch     0 | BTE=1.29e+01 | Energy=7.55e-01 | BC=4.19e-03 | 
IC_n=2.60e-03 | IC_T=0.00e+00 | dT=0.00e+00 | WP=1.70e+01 | GE=7.78e-08 | 
Amp=0.00e+00 | Total=3.07e+01
    63.8s | Epoch   200 | BTE=1.84e+00 | Energy=1.35e+00 | BC=4.55e-02 | 
IC_n=5.23e-02 | IC_T=0.00e+00 | dT=0.00e+00 | WP=4.74e+00 | GE=9.07e-06 | 
Amp=0.00e+00 | Total=8.03e+00
   126.7s | Epoch   400 | BTE=1.43e+00 | Energy=9.36e-01 | BC=2.59e-02 | 
IC_n=3.76e-02 | IC_T=0.00e+00 | dT=0.00e+00 | WP=4.23e+00 | GE=5.86e-05 | 
Amp=0.00e+00 | Total=6.67e+00
   191.6s | Epoch   600 | BTE=1.21e+00 | Energy=7.61e-01 | BC=2.56e-02 | 
IC_n=2.17e-02 | IC_T=0.00e+00 | dT=0.00e+00 | WP=3.72e+00 | GE=1.07e-04 | 
Amp=0.00e+00 | Total=5.73e+00
   253.8s | Epoch   800 | BTE=1.09e+00 | Energy=6.60e-01 | BC=2.72e-02 | 
IC_n=1.24e-02 | IC_T=0.00e+00 | dT=0.00e+00 | WP=3.40e+00 | GE=4.94e-05 | 
Amp=0.00e+00 | Total=5.19e+00
   316.1s | Epoch  1000 | BTE=1.08e+00 | Energy=5.51e-01 | BC=2.87e-02 | 
IC_n=1.21e-02 | IC_T=0.00e+00 | dT=0.00e+00 | WP=3.34e+00 | GE=5.51e-05 | 
Amp=0.00e+00 | Total=5.02e+00
   380.2s | Epoch  1200 | BTE=9.85e-01 | Energy=5.28e-01 | BC=2.91e-02 | 
IC_n=6.33e-03 | IC_T=0.00e+00 | dT=0.00e+00 | WP=3.29e+00 | GE=7.35e-05 | 
Amp=0.00e+00 | Total=4.83e+00
   442.3s | Epoch  1400 | BTE=1.04e+00 | Energy=4.64e-01 | BC=2.85e-02 | 
IC_n=7.97e-03 | IC_T=0.00e+00 | dT=0.00e+00 | WP=3.26e+00 | GE=2.30e-04 | 
Amp=0.00e+00 | Total=4.79e+00
   505.7s | Epoch  1600 | BTE=9.57e-01 | Energy=4.47e-01 | BC=2.94e-02 | 
IC_n=1.05e-02 | IC_T=0.00e+00 | dT=0.00e+00 | WP=3.37e+00 | GE=1.74e-04 | 
Amp=0.00e+00 | Total=4.81e+00
   568.3s | Epoch  1800 | BTE=9.89e-01 | Energy=4.15e-01 | BC=2.47e-02 | 
IC_n=6.37e-03 | IC_T=0.00e+00 | dT=0.00e+00 | WP=3.29e+00 | GE=1.12e-04 | 
Amp=0.00e+00 | Total=4.72e+00
   632.7s | Epoch  2000 | BTE=9.14e-01 | Energy=3.94e-01 | BC=2.65e-02 | 
IC_n=3.15e-03 | IC_T=0.00e+00 | dT=0.00e+00 | WP=3.39e+00 | GE=5.12e-05 | 
Amp=0.00e+00 | Total=4.73e+00
   693.9s | Epoch  2200 | BTE=9.61e-01 | Energy=3.75e-01 | BC=2.76e-02 | 
IC_n=3.38e-03 | IC_T=0.00e+00 | dT=0.00e+00 | WP=3.39e+00 | GE=7.77e-05 | 
Amp=0.00e+00 | Total=4.75e+00
   756.9s | Epoch  2400 | BTE=9.90e-01 | Energy=3.98e-01 | BC=2.84e-02 | 
IC_n=3.16e-03 | IC_T=0.00e+00 | dT=0.00e+00 | WP=3.28e+00 | GE=9.66e-06 | 
Amp=0.00e+00 | Total=4.70e+00
   819.4s | Epoch  2600 | BTE=9.61e-01 | Energy=3.76e-01 | BC=2.74e-02 | 
IC_n=2.47e-03 | IC_T=0.00e+00 | dT=0.00e+00 | WP=3.28e+00 | GE=1.54e-05 | 
Amp=0.00e+00 | Total=4.64e+00
   882.7s | Epoch  2800 | BTE=9.93e-01 | Energy=4.06e-01 | BC=2.45e-02 | 
IC_n=3.39e-03 | IC_T=0.00e+00 | dT=0.00e+00 | WP=3.34e+00 | GE=8.95e-05 | 
Amp=0.00e+00 | Total=4.77e+00
   942.8s | Epoch  3000 | BTE=9.44e-01 | Energy=3.48e-01 | BC=2.49e-02 | 
IC_n=2.51e-03 | IC_T=0.00e+00 | dT=0.00e+00 | WP=3.36e+00 | GE=9.45e-05 | 
Amp=0.00e+00 | Total=4.68e+00
  1006.8s | Epoch  3200 | BTE=9.52e-01 | Energy=3.48e-01 | BC=2.39e-02 | 
IC_n=6.36e-03 | IC_T=0.00e+00 | dT=0.00e+00 | WP=3.38e+00 | GE=1.60e-07 | 
Amp=0.00e+00 | Total=4.71e+00
  1068.4s | Epoch  3400 | BTE=9.08e-01 | Energy=3.25e-01 | BC=2.57e-02 | 
IC_n=6.17e-03 | IC_T=0.00e+00 | dT=0.00e+00 | WP=3.33e+00 | GE=1.79e-04 | 
Amp=0.00e+00 | Total=4.60e+00
  1130.8s | Epoch  3600 | BTE=9.51e-01 | Energy=3.15e-01 | BC=2.49e-02 | 
IC_n=8.31e-03 | IC_T=0.00e+00 | dT=0.00e+00 | WP=3.35e+00 | GE=4.93e-05 | 
Amp=0.00e+00 | Total=4.65e+00
  1194.2s | Epoch  3800 | BTE=8.54e-01 | Energy=3.50e-01 | BC=2.50e-02 | 
IC_n=5.69e-03 | IC_T=0.00e+00 | dT=0.00e+00 | WP=3.24e+00 | GE=2.03e-04 | 
Amp=0.00e+00 | Total=4.48e+00
  1256.9s | Epoch  4000 | BTE=8.39e-01 | Energy=3.22e-01 | BC=2.45e-02 | 
IC_n=2.33e-03 | IC_T=0.00e+00 | dT=0.00e+00 | WP=3.32e+00 | GE=3.22e-05 | 
Amp=0.00e+00 | Total=4.51e+00
  1320.1s | Epoch  4200 | BTE=9.37e-01 | Energy=3.29e-01 | BC=2.69e-02 | 
IC_n=3.81e-03 | IC_T=0.00e+00 | dT=0.00e+00 | WP=3.27e+00 | GE=2.97e-04 | 
Amp=0.00e+00 | Total=4.57e+00
  1382.8s | Epoch  4400 | BTE=9.12e-01 | Energy=3.31e-01 | BC=2.40e-02 | 
IC_n=2.50e-03 | IC_T=0.00e+00 | dT=0.00e+00 | WP=3.24e+00 | GE=3.68e-06 | 
Amp=0.00e+00 | Total=4.51e+00
  1444.0s | Epoch  4600 | BTE=7.68e-01 | Energy=3.13e-01 | BC=2.36e-02 | 
IC_n=6.04e-03 | IC_T=0.00e+00 | dT=0.00e+00 | WP=3.10e+00 | GE=2.17e-04 | 
Amp=0.00e+00 | Total=4.21e+00
  1506.8s | Epoch  4800 | BTE=7.62e-01 | Energy=3.00e-01 | BC=2.20e-02 | 
IC_n=7.98e-03 | IC_T=0.00e+00 | dT=0.00e+00 | WP=2.93e+00 | GE=9.62e-07 | 
Amp=0.00e+00 | Total=4.02e+00
  1570.5s | Epoch  5000 | BTE=7.31e-01 | Energy=2.57e-01 | BC=1.88e-02 | 
IC_n=4.24e-03 | IC_T=0.00e+00 | dT=0.00e+00 | WP=2.61e+00 | GE=8.28e-05 | 
Amp=0.00e+00 | Total=3.62e+00
  1633.6s | Epoch  5200 | BTE=6.79e-01 | Energy=2.07e-01 | BC=1.97e-02 | 
IC_n=3.30e-03 | IC_T=0.00e+00 | dT=0.00e+00 | WP=2.12e+00 | GE=1.66e-05 | 
Amp=0.00e+00 | Total=3.03e+00
  1696.8s | Epoch  5400 | BTE=6.24e-01 | Energy=1.65e-01 | BC=1.21e-02 | 
IC_n=1.79e-03 | IC_T=0.00e+00 | dT=0.00e+00 | WP=1.55e+00 | GE=4.44e-05 | 
Amp=0.00e+00 | Total=2.36e+00
  1759.5s | Epoch  5600 | BTE=3.77e-01 | Energy=1.21e-01 | BC=9.04e-03 | 
IC_n=1.01e-02 | IC_T=0.00e+00 | dT=0.00e+00 | WP=1.06e+00 | GE=7.34e-05 | 
Amp=0.00e+00 | Total=1.58e+00
  1822.5s | Epoch  5800 | BTE=3.68e-01 | Energy=7.48e-02 | BC=6.63e-03 | 
IC_n=1.15e-03 | IC_T=0.00e+00 | dT=0.00e+00 | WP=7.78e-01 | GE=7.15e-06 | 
Amp=0.00e+00 | Total=1.23e+00
  1885.5s | Epoch  6000 | BTE=3.01e-01 | Energy=5.54e-02 | BC=4.80e-03 | 
IC_n=2.74e-03 | IC_T=0.00e+00 | dT=0.00e+00 | WP=4.83e-01 | GE=3.75e-05 | 
Amp=0.00e+00 | Total=8.47e-01
  1949.6s | Epoch  6200 | BTE=2.88e-01 | Energy=3.16e-02 | BC=3.08e-03 | 
IC_n=1.30e-03 | IC_T=0.00e+00 | dT=0.00e+00 | WP=2.93e-01 | GE=2.95e-05 | 
Amp=0.00e+00 | Total=6.18e-01
  2011.6s | Epoch  6400 | BTE=2.07e-01 | Energy=4.18e-02 | BC=2.33e-03 | 
IC_n=6.74e-03 | IC_T=0.00e+00 | dT=0.00e+00 | WP=1.99e-01 | GE=1.16e-07 | 
Amp=0.00e+00 | Total=4.57e-01
  2074.9s | Epoch  6600 | BTE=2.93e-01 | Energy=2.40e-02 | BC=1.79e-03 | 
IC_n=1.37e-03 | IC_T=0.00e+00 | dT=0.00e+00 | WP=1.63e-01 | GE=3.48e-05 | 
Amp=0.00e+00 | Total=4.84e-01
  2138.6s | Epoch  6800 | BTE=2.38e-01 | Energy=1.93e-02 | BC=1.59e-03 | 
IC_n=1.78e-03 | IC_T=0.00e+00 | dT=0.00e+00 | WP=1.24e-01 | GE=2.52e-06 | 
Amp=0.00e+00 | Total=3.85e-01
  2203.0s | Epoch  7000 | BTE=1.98e-01 | Energy=3.76e-02 | BC=1.30e-03 | 
IC_n=7.82e-03 | IC_T=0.00e+00 | dT=0.00e+00 | WP=9.99e-02 | GE=3.73e-06 | 
Amp=0.00e+00 | Total=3.45e-01
  2266.1s | Epoch  7200 | BTE=1.77e-01 | Energy=1.60e-02 | BC=1.26e-03 | 
IC_n=1.92e-03 | IC_T=0.00e+00 | dT=0.00e+00 | WP=7.71e-02 | GE=3.30e-06 | 
Amp=0.00e+00 | Total=2.74e-01
  2329.1s | Epoch  7400 | BTE=2.03e-01 | Energy=1.14e-02 | BC=1.17e-03 | 
IC_n=1.70e-03 | IC_T=0.00e+00 | dT=0.00e+00 | WP=6.13e-02 | GE=5.85e-09 | 
Amp=0.00e+00 | Total=2.78e-01
  2391.2s | Epoch  7600 | BTE=1.45e-01 | Energy=1.33e-02 | BC=1.09e-03 | 
IC_n=8.80e-03 | IC_T=0.00e+00 | dT=0.00e+00 | WP=6.35e-02 | GE=1.33e-06 | 
Amp=0.00e+00 | Total=2.32e-01
  2453.4s | Epoch  7800 | BTE=2.05e-01 | Energy=1.32e-02 | BC=9.96e-04 | 
IC_n=2.63e-03 | IC_T=0.00e+00 | dT=0.00e+00 | WP=5.57e-02 | GE=5.29e-06 | 
Amp=0.00e+00 | Total=2.78e-01
  2514.9s | Epoch  8000 | BTE=1.78e-01 | Energy=1.14e-02 | BC=1.05e-03 | 
IC_n=2.34e-03 | IC_T=0.00e+00 | dT=0.00e+00 | WP=4.72e-02 | GE=1.43e-06 | 
Amp=0.00e+00 | Total=2.40e-01
  2578.7s | Epoch  8200 | BTE=1.61e-01 | Energy=1.08e-02 | BC=9.32e-04 | 
IC_n=3.35e-03 | IC_T=0.00e+00 | dT=0.00e+00 | WP=4.27e-02 | GE=2.37e-07 | 
Amp=0.00e+00 | Total=2.19e-01
  2640.2s | Epoch  8400 | BTE=1.61e-01 | Energy=1.11e-02 | BC=7.82e-04 | 
IC_n=7.02e-03 | IC_T=0.00e+00 | dT=0.00e+00 | WP=3.62e-02 | GE=1.37e-06 | 
Amp=0.00e+00 | Total=2.16e-01
  2704.0s | Epoch  8600 | BTE=1.17e-01 | Energy=7.94e-03 | BC=7.34e-04 | 
IC_n=6.69e-03 | IC_T=0.00e+00 | dT=0.00e+00 | WP=3.55e-02 | GE=4.17e-06 | 
Amp=0.00e+00 | Total=1.68e-01
  2767.4s | Epoch  8800 | BTE=1.87e-01 | Energy=1.23e-02 | BC=7.09e-04 | 
IC_n=3.57e-03 | IC_T=0.00e+00 | dT=0.00e+00 | WP=3.07e-02 | GE=1.91e-06 | 
Amp=0.00e+00 | Total=2.34e-01
  2829.7s | Epoch  9000 | BTE=1.05e-01 | Energy=7.78e-03 | BC=6.72e-04 | 
IC_n=6.30e-03 | IC_T=0.00e+00 | dT=0.00e+00 | WP=3.27e-02 | GE=6.95e-06 | 
Amp=0.00e+00 | Total=1.53e-01
  2892.0s | Epoch  9200 | BTE=1.16e-01 | Energy=8.73e-03 | BC=6.32e-04 | 
IC_n=5.99e-03 | IC_T=0.00e+00 | dT=0.00e+00 | WP=2.96e-02 | GE=2.22e-07 | 
Amp=0.00e+00 | Total=1.61e-01
  2953.9s | Epoch  9400 | BTE=1.75e-01 | Energy=1.21e-02 | BC=6.16e-04 | 
IC_n=3.79e-03 | IC_T=0.00e+00 | dT=0.00e+00 | WP=3.02e-02 | GE=1.49e-06 | 
Amp=0.00e+00 | Total=2.22e-01
  3017.8s | Epoch  9600 | BTE=9.65e-02 | Energy=7.76e-03 | BC=5.66e-04 | 
IC_n=6.81e-03 | IC_T=0.00e+00 | dT=0.00e+00 | WP=2.83e-02 | GE=1.80e-06 | 
Amp=0.00e+00 | Total=1.40e-01
  3079.7s | Epoch  9800 | BTE=9.37e-02 | Energy=7.13e-03 | BC=5.66e-04 | 
IC_n=5.53e-03 | IC_T=0.00e+00 | dT=0.00e+00 | WP=2.33e-02 | GE=4.73e-07 | 
Amp=0.00e+00 | Total=1.30e-01
  3143.7s | Epoch 10000 | BTE=7.35e-02 | Energy=1.01e-02 | BC=5.53e-04 | 
IC_n=4.60e-03 | IC_T=0.00e+00 | dT=0.00e+00 | WP=2.18e-02 | GE=5.03e-06 | 
Amp=0.00e+00 | Total=1.10e-01
  3206.8s | Epoch 10200 | BTE=7.18e-02 | Energy=7.31e-03 | BC=5.35e-04 | 
IC_n=8.28e-03 | IC_T=0.00e+00 | dT=0.00e+00 | WP=2.38e-02 | GE=5.01e-06 | 
Amp=0.00e+00 | Total=1.12e-01
  3269.2s | Epoch 10400 | BTE=9.90e-02 | Energy=7.22e-03 | BC=5.05e-04 | 
IC_n=6.30e-03 | IC_T=0.00e+00 | dT=0.00e+00 | WP=2.01e-02 | GE=1.95e-06 | 
Amp=0.00e+00 | Total=1.33e-01
  3331.6s | Epoch 10600 | BTE=8.51e-02 | Energy=5.44e-03 | BC=5.01e-04 | 
IC_n=4.38e-03 | IC_T=0.00e+00 | dT=0.00e+00 | WP=1.83e-02 | GE=8.61e-07 | 
Amp=0.00e+00 | Total=1.14e-01
  3395.6s | Epoch 10800 | BTE=5.11e-02 | Energy=7.48e-03 | BC=4.87e-04 | 
IC_n=8.94e-03 | IC_T=0.00e+00 | dT=0.00e+00 | WP=1.92e-02 | GE=5.02e-09 | 
Amp=0.00e+00 | Total=8.72e-02
  3459.6s | Epoch 11000 | BTE=8.48e-02 | Energy=1.61e-02 | BC=4.80e-04 | 
IC_n=3.88e-03 | IC_T=0.00e+00 | dT=0.00e+00 | WP=1.69e-02 | GE=2.09e-08 | 
Amp=0.00e+00 | Total=1.22e-01
  3521.0s | Epoch 11200 | BTE=7.66e-02 | Energy=6.56e-03 | BC=4.81e-04 | 
IC_n=5.13e-03 | IC_T=0.00e+00 | dT=0.00e+00 | WP=1.54e-02 | GE=3.35e-06 | 
Amp=0.00e+00 | Total=1.04e-01
  3583.2s | Epoch 11400 | BTE=4.96e-02 | Energy=1.53e-02 | BC=4.68e-04 | 
IC_n=8.33e-03 | IC_T=0.00e+00 | dT=0.00e+00 | WP=1.75e-02 | GE=3.20e-06 | 
Amp=0.00e+00 | Total=9.13e-02
  3646.3s | Epoch 11600 | BTE=8.94e-02 | Energy=5.45e-03 | BC=4.60e-04 | 
IC_n=5.27e-03 | IC_T=0.00e+00 | dT=0.00e+00 | WP=1.58e-02 | GE=6.35e-08 | 
Amp=0.00e+00 | Total=1.16e-01
  3709.0s | Epoch 11800 | BTE=8.07e-02 | Energy=6.02e-03 | BC=4.49e-04 | 
IC_n=5.42e-03 | IC_T=0.00e+00 | dT=0.00e+00 | WP=1.55e-02 | GE=7.11e-06 | 
Amp=0.00e+00 | Total=1.08e-01
  3771.0s | Epoch 12000 | BTE=7.68e-02 | Energy=5.65e-03 | BC=4.44e-04 | 
IC_n=5.53e-03 | IC_T=0.00e+00 | dT=0.00e+00 | WP=1.52e-02 | GE=8.40e-08 | 
Amp=0.00e+00 | Total=1.04e-01
  3834.1s | Epoch 12200 | BTE=6.93e-02 | Energy=3.57e-03 | BC=4.28e-04 | 
IC_n=5.08e-03 | IC_T=0.00e+00 | dT=0.00e+00 | WP=1.47e-02 | GE=5.45e-06 | 
Amp=0.00e+00 | Total=9.31e-02
  3897.8s | Epoch 12400 | BTE=6.03e-02 | Energy=4.93e-03 | BC=4.17e-04 | 
IC_n=6.49e-03 | IC_T=0.00e+00 | dT=0.00e+00 | WP=1.40e-02 | GE=4.98e-07 | 
Amp=0.00e+00 | Total=8.61e-02
  3960.2s | Epoch 12600 | BTE=5.86e-02 | Energy=5.92e-03 | BC=4.21e-04 | 
IC_n=4.62e-03 | IC_T=0.00e+00 | dT=0.00e+00 | WP=1.48e-02 | GE=3.70e-06 | 
Amp=0.00e+00 | Total=8.44e-02
  4021.5s | Epoch 12800 | BTE=5.80e-02 | Energy=4.31e-03 | BC=4.07e-04 | 
IC_n=4.82e-03 | IC_T=0.00e+00 | dT=0.00e+00 | WP=1.32e-02 | GE=1.06e-05 | 
Amp=0.00e+00 | Total=8.08e-02
  4085.6s | Epoch 13000 | BTE=6.02e-02 | Energy=4.20e-03 | BC=4.05e-04 | 
IC_n=5.30e-03 | IC_T=0.00e+00 | dT=0.00e+00 | WP=1.46e-02 | GE=2.01e-06 | 
Amp=0.00e+00 | Total=8.47e-02
  4147.3s | Epoch 13200 | BTE=7.47e-02 | Energy=3.84e-03 | BC=4.06e-04 | 
IC_n=4.67e-03 | IC_T=0.00e+00 | dT=0.00e+00 | WP=1.47e-02 | GE=2.53e-07 | 
Amp=0.00e+00 | Total=9.83e-02
  4210.6s | Epoch 13400 | BTE=5.02e-02 | Energy=3.68e-03 | BC=4.01e-04 | 
IC_n=4.58e-03 | IC_T=0.00e+00 | dT=0.00e+00 | WP=1.53e-02 | GE=6.46e-07 | 
Amp=0.00e+00 | Total=7.42e-02
  4273.6s | Epoch 13600 | BTE=4.89e-02 | Energy=4.13e-03 | BC=4.00e-04 | 
IC_n=4.90e-03 | IC_T=0.00e+00 | dT=0.00e+00 | WP=1.49e-02 | GE=4.58e-06 | 
Amp=0.00e+00 | Total=7.32e-02
  4336.3s | Epoch 13800 | BTE=5.20e-02 | Energy=3.83e-03 | BC=4.05e-04 | 
IC_n=4.80e-03 | IC_T=0.00e+00 | dT=0.00e+00 | WP=1.42e-02 | GE=2.17e-06 | 
Amp=0.00e+00 | Total=7.53e-02
  4398.8s | Epoch 14000 | BTE=5.75e-02 | Energy=3.55e-03 | BC=3.92e-04 | 
IC_n=4.74e-03 | IC_T=0.00e+00 | dT=0.00e+00 | WP=1.26e-02 | GE=2.06e-07 | 
Amp=0.00e+00 | Total=7.87e-02
  4463.5s | Epoch 14200 | BTE=5.65e-02 | Energy=3.44e-03 | BC=4.01e-04 | 
IC_n=4.82e-03 | IC_T=0.00e+00 | dT=0.00e+00 | WP=1.29e-02 | GE=9.78e-07 | 
Amp=0.00e+00 | Total=7.81e-02
  4527.2s | Epoch 14400 | BTE=5.14e-02 | Energy=3.83e-03 | BC=3.96e-04 | 
IC_n=4.72e-03 | IC_T=0.00e+00 | dT=0.00e+00 | WP=1.33e-02 | GE=3.06e-06 | 
Amp=0.00e+00 | Total=7.37e-02
  4590.1s | Epoch 14600 | BTE=5.73e-02 | Energy=3.76e-03 | BC=3.96e-04 | 
IC_n=5.29e-03 | IC_T=0.00e+00 | dT=0.00e+00 | WP=1.27e-02 | GE=1.49e-06 | 
Amp=0.00e+00 | Total=7.94e-02
  4653.2s | Epoch 14800 | BTE=5.16e-02 | Energy=3.52e-03 | BC=3.91e-04 | 
IC_n=4.89e-03 | IC_T=0.00e+00 | dT=0.00e+00 | WP=1.23e-02 | GE=4.65e-06 | 
Amp=0.00e+00 | Total=7.27e-02
╭───────────────────────────── Training Complete ──────────────────────────────╮
│   Time      4716.37s                                                         │
│   Output    runs/transient/1d_nongray_large_dt_1.0um_100K/20260707_061448    │
│   Saved     net_T_20260707_061448.pt                                         │
│   Saved     net_n_20260707_061448.pt                                         │
│   Saved     net_beta_20260707_061448.pt                                      │
╰──────────────────────────────────────────────────────────────────────────────╯
wandb: 
wandb: Run summary:
wandb: physics/local_dir runs/transient/1d_no...
wandb: 
wandb: You can sync this run to the cloud by running:
wandb: wandb sync /home/markoherkaliuk/src/pinn-bte-zoo/wandb/offline-run-20260707_061452-glop7tou
wandb: Find logs at: ./wandb/offline-run-20260707_061452-glop7tou/logs
Results saved to: 
runs/transient/1d_nongray_large_dt_1.0um_100K/20260707_061448/20260707_061448_re
sults.npz
  Generating visualizations...
Saved heatmap: runs/transient/1d_nongray_large_dt_1.0um_100K/20260707_061448/heatmap_20260707_061448.png
Saved snapshots: runs/transient/1d_nongray_large_dt_1.0um_100K/20260707_061448/snapshots_20260707_061448.png
Saved BC check: runs/transient/1d_nongray_large_dt_1.0um_100K/20260707_061448/bc_check_20260707_061448.png
Saved IC check: runs/transient/1d_nongray_large_dt_1.0um_100K/20260707_061448/ic_check_20260707_061448.png
Saved animation: runs/transient/1d_nongray_large_dt_1.0um_100K/20260707_061448/animation_20260707_061448.gif
  Saved: loss_20260707_061448.png
  Amplitude: A(0)=50.0000, A(end)=0.5007 (99.0% decay)
  Energy drift: 0.0062
  ⚠ Oscillation at t≈23τ
  Saved: 
runs/transient/1d_nongray_large_dt_1.0um_100K/20260707_061448/amplitude_decay_20
260707_061448.png

Done!
>>> archb1b arm=base-T-s0 done exit=0 Tue Jul  7 07:33:36 AM EEST 2026
>>> archb1b pilot arm=base-T-s1 Tue Jul  7 07:33:36 AM EEST 2026

Mode: nongray_large_dt - Mode-resolved with β-network, large ΔT (~100K)
[07/07/26 07:33:37] INFO     use_spectral_t=True: forcing use_hard_ic=False     
                             (spectral architecture handles IC by construction).
[07/07/26 07:33:37] INFO     use_spectral_t=True: forcing use_hard_ic=False     
                             (spectral architecture handles IC by construction).
                    INFO     Random seed set: 1                                 
                    INFO     Random seed set: 1                                 
[07/07/26 07:33:38] INFO     Lt from dom γ: 97.322 τ_ref (gray Lt was 549.202)  
[07/07/26 07:33:38] INFO     Lt from dom γ: 97.322 τ_ref (gray Lt was 549.202)  
                    INFO     Analytical Lt: A(Lt)=0.001 threshold,              
                             Lt_analytical=549.2τ, Lt_final=97.3τ               
                    INFO     Analytical Lt: A(Lt)=0.001 threshold,              
                             Lt_analytical=549.2τ, Lt_final=97.3τ               
                    INFO     Large ΔT model: L=1.0μm, ΔT=100.0K                 
                    INFO     Large ΔT model: L=1.0μm, ΔT=100.0K                 
                    INFO     Temperature range: [250K, 350K]                    
                    INFO     Temperature range: [250K, 350K]                    
                    INFO     Reference scales: v_ref=1.68e+00, τ_ref=6.05e-11   
                    INFO     Reference scales: v_ref=1.68e+00, τ_ref=6.05e-11   
                    INFO     Effective Kn=0.1015, Lt=97.3                       
                    INFO     Effective Kn=0.1015, Lt=97.3                       
                    INFO     Vectorized: ALL 60 modes × ALL 16 angles per epoch 
                    INFO     Vectorized: ALL 60 modes × ALL 16 angles per epoch 
                    INFO     Subsampling: 1800/3600 interior points per epoch   
                    INFO     Subsampling: 1800/3600 interior points per epoch   
[07/07/26 07:33:42] INFO     DOM γ-target (universal, all-L): grid [250,350]K,  
                             γ_no13 ∈ [1.08e+09,1.34e+09] Hz (replaces          
                             1/(1+Kn²))                                         
[07/07/26 07:33:42] INFO     DOM γ-target (universal, all-L): grid [250,350]K,  
                             γ_no13 ∈ [1.08e+09,1.34e+09] Hz (replaces          
                             1/(1+Kn²))                                         
                    INFO     dT/dt IC (large ΔT): target range [-6.334, 7.894]  
                             in [0,1] time                                      
                    INFO     dT/dt IC (large ΔT): target range [-6.334, 7.894]  
                             in [0,1] time                                      
                    INFO     Waypoints: 5 (uniform), weight=0.0, shape=rate     
                    INFO     Waypoints: 5 (uniform), weight=0.0, shape=rate     
                    INFO     Auto energy weight: 1.000 (grating Kn=0.6379,      
                             Kn_eff=0.1015)                                     
                    INFO     Auto energy weight: 1.000 (grating Kn=0.6379,      
                             Kn_eff=0.1015)                                     
[07/07/26 07:33:42] INFO     W&B tracking enabled: project=pinn-bte,            
                             group=transient_1d_nongray_large_dt                
                    INFO     W&B tracking enabled: project=pinn-bte,            
                             group=transient_1d_nongray_large_dt                

1D Nongray Large ΔT Transient BTE
  L = 1.0 μm, ΔT = 100.0 K
  T range: [250K, 350K]
  Kn_eff = 0.1015
  Epochs: 15000 (β: 200)
  Output: runs/transient/1d_nongray_large_dt_1.0um_100K/20260707_073337
                    INFO     Logging to:                                        
                             runs/transient/1d_nongray_large_dt_1.0um_100K/20260
                             707_073337/training_20260707_073337.log            
                    INFO     Logging to:                                        
                             runs/transient/1d_nongray_large_dt_1.0um_100K/20260
                             707_073337/training_20260707_073337.log            
wandb: WARNING Using a boolean value for 'reinit' is deprecated. Use 'return_previous' or 'finish_previous' instead.
wandb: Tracking run with wandb version 0.24.1
wandb: W&B syncing is set to `offline` in this directory. Run `wandb online` or set WANDB_MODE=online to enable cloud syncing.
wandb: Run data is saved locally in /home/markoherkaliuk/src/pinn-bte-zoo/wandb/offline-run-20260707_073342-dnk633zj
[07/07/26 07:33:42] INFO     Started W&B run: tr_1d_ng_L1.0um_dT100K ·          
                             20260707_073337 (dnk633zj)                         
                    INFO     Started W&B run: tr_1d_ng_L1.0um_dT100K ·          
                             20260707_073337 (dnk633zj)                         

Phase 1: Pretraining β-network
  Temperature range: [250K, 350K]
  Epochs: 200
     0.1s | Epoch     0 | β Loss = 7.80e-01
  β pretraining complete! Final loss: 5.18e-02
╭───────────────────────────── Starting Training ──────────────────────────────╮
│   Mode      Transient_Nongray_LargeDT                                        │
│   Epochs    15000                                                            │
│   Device    cuda                                                             │
│   Run ID    20260707_073337                                                  │
╰──────────────────────────────────────────────────────────────────────────────╯

Phase 2: BTE Training
  L = 1.0 μm, ΔT = 100.0K
  T range: [250K, 350K]
  Kn_eff = 0.1015
  τ(T) model = holland (full branch-resolved Holland--Callaway)
  Waypoints: 5 (uniform), weight=0.0
  ALL 60 modes × ALL 16 angles (vectorized)
  Epochs: 15000
     0.6s | Epoch     0 | BTE=7.47e+00 | Energy=1.14e+00 | BC=2.92e-03 | 
IC_n=1.56e-02 | IC_T=0.00e+00 | dT=0.00e+00 | WP=1.15e+01 | GE=4.72e-05 | 
Amp=0.00e+00 | Total=2.01e+01
    63.6s | Epoch   200 | BTE=1.55e+00 | Energy=1.06e+00 | BC=3.89e-02 | 
IC_n=4.56e-02 | IC_T=0.00e+00 | dT=0.00e+00 | WP=6.14e+00 | GE=1.53e-04 | 
Amp=0.00e+00 | Total=8.84e+00
   127.4s | Epoch   400 | BTE=1.40e+00 | Energy=7.56e-01 | BC=2.19e-02 | 
IC_n=3.54e-02 | IC_T=0.00e+00 | dT=0.00e+00 | WP=5.73e+00 | GE=2.16e-04 | 
Amp=0.00e+00 | Total=7.94e+00
   191.0s | Epoch   600 | BTE=1.28e+00 | Energy=5.93e-01 | BC=2.25e-02 | 
IC_n=2.36e-02 | IC_T=0.00e+00 | dT=0.00e+00 | WP=5.19e+00 | GE=3.13e-04 | 
Amp=0.00e+00 | Total=7.11e+00
   253.6s | Epoch   800 | BTE=1.09e+00 | Energy=5.18e-01 | BC=2.37e-02 | 
IC_n=1.10e-02 | IC_T=0.00e+00 | dT=0.00e+00 | WP=4.84e+00 | GE=6.12e-06 | 
Amp=0.00e+00 | Total=6.48e+00
   317.6s | Epoch  1000 | BTE=1.06e+00 | Energy=5.00e-01 | BC=2.33e-02 | 
IC_n=7.10e-03 | IC_T=0.00e+00 | dT=0.00e+00 | WP=4.60e+00 | GE=2.65e-06 | 
Amp=0.00e+00 | Total=6.18e+00
   379.6s | Epoch  1200 | BTE=1.05e+00 | Energy=4.86e-01 | BC=2.36e-02 | 
IC_n=4.68e-03 | IC_T=0.00e+00 | dT=0.00e+00 | WP=4.61e+00 | GE=1.32e-05 | 
Amp=0.00e+00 | Total=6.18e+00
   441.8s | Epoch  1400 | BTE=9.28e-01 | Energy=4.10e-01 | BC=2.26e-02 | 
IC_n=7.63e-03 | IC_T=0.00e+00 | dT=0.00e+00 | WP=4.62e+00 | GE=1.94e-05 | 
Amp=0.00e+00 | Total=5.98e+00
   505.8s | Epoch  1600 | BTE=9.43e-01 | Energy=4.10e-01 | BC=2.15e-02 | 
IC_n=4.59e-03 | IC_T=0.00e+00 | dT=0.00e+00 | WP=4.57e+00 | GE=1.48e-04 | 
Amp=0.00e+00 | Total=5.94e+00
   568.9s | Epoch  1800 | BTE=9.38e-01 | Energy=3.94e-01 | BC=2.27e-02 | 
IC_n=5.01e-03 | IC_T=0.00e+00 | dT=0.00e+00 | WP=4.62e+00 | GE=2.01e-05 | 
Amp=0.00e+00 | Total=5.98e+00
   631.8s | Epoch  2000 | BTE=9.33e-01 | Energy=3.69e-01 | BC=2.16e-02 | 
IC_n=2.64e-03 | IC_T=0.00e+00 | dT=0.00e+00 | WP=4.64e+00 | GE=4.52e-06 | 
Amp=0.00e+00 | Total=5.97e+00
   694.5s | Epoch  2200 | BTE=8.72e-01 | Energy=3.47e-01 | BC=2.12e-02 | 
IC_n=6.82e-03 | IC_T=0.00e+00 | dT=0.00e+00 | WP=4.62e+00 | GE=4.44e-06 | 
Amp=0.00e+00 | Total=5.87e+00
   757.3s | Epoch  2400 | BTE=8.47e-01 | Energy=3.34e-01 | BC=2.33e-02 | 
IC_n=4.52e-03 | IC_T=0.00e+00 | dT=0.00e+00 | WP=4.56e+00 | GE=1.10e-05 | 
Amp=0.00e+00 | Total=5.77e+00
   822.1s | Epoch  2600 | BTE=8.42e-01 | Energy=3.08e-01 | BC=2.15e-02 | 
IC_n=8.36e-03 | IC_T=0.00e+00 | dT=0.00e+00 | WP=4.62e+00 | GE=7.36e-05 | 
Amp=0.00e+00 | Total=5.80e+00
   884.9s | Epoch  2800 | BTE=8.65e-01 | Energy=2.89e-01 | BC=2.09e-02 | 
IC_n=5.32e-03 | IC_T=0.00e+00 | dT=0.00e+00 | WP=4.55e+00 | GE=2.21e-04 | 
Amp=0.00e+00 | Total=5.73e+00
   948.0s | Epoch  3000 | BTE=8.37e-01 | Energy=3.21e-01 | BC=2.23e-02 | 
IC_n=2.56e-03 | IC_T=0.00e+00 | dT=0.00e+00 | WP=4.61e+00 | GE=4.77e-10 | 
Amp=0.00e+00 | Total=5.79e+00
  1011.2s | Epoch  3200 | BTE=8.33e-01 | Energy=2.94e-01 | BC=2.11e-02 | 
IC_n=3.83e-03 | IC_T=0.00e+00 | dT=0.00e+00 | WP=4.62e+00 | GE=5.11e-05 | 
Amp=0.00e+00 | Total=5.78e+00
  1073.9s | Epoch  3400 | BTE=8.39e-01 | Energy=3.00e-01 | BC=2.11e-02 | 
IC_n=2.34e-03 | IC_T=0.00e+00 | dT=0.00e+00 | WP=4.58e+00 | GE=8.55e-06 | 
Amp=0.00e+00 | Total=5.75e+00
  1137.0s | Epoch  3600 | BTE=7.65e-01 | Energy=2.88e-01 | BC=2.18e-02 | 
IC_n=2.79e-03 | IC_T=0.00e+00 | dT=0.00e+00 | WP=4.57e+00 | GE=3.80e-05 | 
Amp=0.00e+00 | Total=5.65e+00
  1201.1s | Epoch  3800 | BTE=7.57e-01 | Energy=2.62e-01 | BC=2.08e-02 | 
IC_n=6.63e-03 | IC_T=0.00e+00 | dT=0.00e+00 | WP=4.51e+00 | GE=1.05e-04 | 
Amp=0.00e+00 | Total=5.56e+00
  1264.4s | Epoch  4000 | BTE=7.95e-01 | Energy=2.58e-01 | BC=2.12e-02 | 
IC_n=5.88e-03 | IC_T=0.00e+00 | dT=0.00e+00 | WP=4.40e+00 | GE=1.92e-04 | 
Amp=0.00e+00 | Total=5.48e+00
  1327.7s | Epoch  4200 | BTE=7.69e-01 | Energy=2.84e-01 | BC=2.04e-02 | 
IC_n=2.29e-03 | IC_T=0.00e+00 | dT=0.00e+00 | WP=4.24e+00 | GE=2.72e-04 | 
Amp=0.00e+00 | Total=5.31e+00
  1390.9s | Epoch  4400 | BTE=7.13e-01 | Energy=2.25e-01 | BC=1.82e-02 | 
IC_n=2.03e-03 | IC_T=0.00e+00 | dT=0.00e+00 | WP=3.81e+00 | GE=3.38e-04 | 
Amp=0.00e+00 | Total=4.77e+00
  1453.8s | Epoch  4600 | BTE=5.62e-01 | Energy=1.77e-01 | BC=1.48e-02 | 
IC_n=4.06e-03 | IC_T=0.00e+00 | dT=0.00e+00 | WP=3.19e+00 | GE=1.09e-04 | 
Amp=0.00e+00 | Total=3.94e+00
  1517.4s | Epoch  4800 | BTE=5.39e-01 | Energy=1.55e-01 | BC=1.28e-02 | 
IC_n=1.61e-03 | IC_T=0.00e+00 | dT=0.00e+00 | WP=2.54e+00 | GE=2.05e-05 | 
Amp=0.00e+00 | Total=3.25e+00
  1579.9s | Epoch  5000 | BTE=3.99e-01 | Energy=9.22e-02 | BC=8.86e-03 | 
IC_n=4.02e-03 | IC_T=0.00e+00 | dT=0.00e+00 | WP=2.00e+00 | GE=5.09e-06 | 
Amp=0.00e+00 | Total=2.51e+00
  1642.7s | Epoch  5200 | BTE=3.11e-01 | Energy=7.02e-02 | BC=6.69e-03 | 
IC_n=1.96e-03 | IC_T=0.00e+00 | dT=0.00e+00 | WP=1.33e+00 | GE=4.61e-05 | 
Amp=0.00e+00 | Total=1.72e+00
  1707.0s | Epoch  5400 | BTE=2.61e-01 | Energy=4.57e-02 | BC=4.46e-03 | 
IC_n=1.48e-03 | IC_T=0.00e+00 | dT=0.00e+00 | WP=7.29e-01 | GE=7.70e-10 | 
Amp=0.00e+00 | Total=1.04e+00
  1768.8s | Epoch  5600 | BTE=1.95e-01 | Energy=3.05e-02 | BC=2.61e-03 | 
IC_n=3.97e-03 | IC_T=0.00e+00 | dT=0.00e+00 | WP=4.52e-01 | GE=2.04e-05 | 
Amp=0.00e+00 | Total=6.84e-01
  1832.0s | Epoch  5800 | BTE=2.02e-01 | Energy=1.85e-02 | BC=2.24e-03 | 
IC_n=1.58e-03 | IC_T=0.00e+00 | dT=0.00e+00 | WP=3.21e-01 | GE=1.46e-05 | 
Amp=0.00e+00 | Total=5.46e-01
  1893.9s | Epoch  6000 | BTE=1.40e-01 | Energy=3.09e-02 | BC=2.09e-03 | 
IC_n=3.50e-03 | IC_T=0.00e+00 | dT=0.00e+00 | WP=1.96e-01 | GE=4.30e-07 | 
Amp=0.00e+00 | Total=3.73e-01
  1956.9s | Epoch  6200 | BTE=2.30e-01 | Energy=1.79e-02 | BC=1.45e-03 | 
IC_n=2.50e-03 | IC_T=0.00e+00 | dT=0.00e+00 | WP=1.68e-01 | GE=1.15e-06 | 
Amp=0.00e+00 | Total=4.20e-01
  2019.4s | Epoch  6400 | BTE=1.68e-01 | Energy=1.26e-02 | BC=1.25e-03 | 
IC_n=4.78e-03 | IC_T=0.00e+00 | dT=0.00e+00 | WP=1.50e-01 | GE=2.54e-05 | 
Amp=0.00e+00 | Total=3.37e-01
  2081.4s | Epoch  6600 | BTE=1.46e-01 | Energy=1.17e-02 | BC=1.05e-03 | 
IC_n=5.96e-03 | IC_T=0.00e+00 | dT=0.00e+00 | WP=1.04e-01 | GE=9.38e-08 | 
Amp=0.00e+00 | Total=2.69e-01
  2143.1s | Epoch  6800 | BTE=2.09e-01 | Energy=7.76e-03 | BC=9.93e-04 | 
IC_n=1.60e-03 | IC_T=0.00e+00 | dT=0.00e+00 | WP=8.14e-02 | GE=1.82e-06 | 
Amp=0.00e+00 | Total=3.01e-01
  2206.6s | Epoch  7000 | BTE=1.72e-01 | Energy=9.01e-03 | BC=8.60e-04 | 
IC_n=1.54e-03 | IC_T=0.00e+00 | dT=0.00e+00 | WP=7.10e-02 | GE=3.29e-07 | 
Amp=0.00e+00 | Total=2.55e-01
  2268.9s | Epoch  7200 | BTE=1.56e-01 | Energy=7.10e-03 | BC=9.34e-04 | 
IC_n=2.18e-03 | IC_T=0.00e+00 | dT=0.00e+00 | WP=5.07e-02 | GE=2.04e-07 | 
Amp=0.00e+00 | Total=2.17e-01
  2331.0s | Epoch  7400 | BTE=1.15e-01 | Energy=8.28e-03 | BC=7.74e-04 | 
IC_n=6.74e-03 | IC_T=0.00e+00 | dT=0.00e+00 | WP=4.67e-02 | GE=2.12e-06 | 
Amp=0.00e+00 | Total=1.77e-01
  2394.6s | Epoch  7600 | BTE=9.44e-02 | Energy=4.97e-03 | BC=7.66e-04 | 
IC_n=2.57e-03 | IC_T=0.00e+00 | dT=0.00e+00 | WP=4.70e-02 | GE=3.79e-06 | 
Amp=0.00e+00 | Total=1.50e-01
  2457.4s | Epoch  7800 | BTE=1.59e-01 | Energy=5.56e-03 | BC=7.46e-04 | 
IC_n=2.21e-03 | IC_T=0.00e+00 | dT=0.00e+00 | WP=3.46e-02 | GE=3.66e-07 | 
Amp=0.00e+00 | Total=2.02e-01
  2522.7s | Epoch  8000 | BTE=1.07e-01 | Energy=7.90e-03 | BC=7.04e-04 | 
IC_n=6.77e-03 | IC_T=0.00e+00 | dT=0.00e+00 | WP=3.27e-02 | GE=2.60e-06 | 
Amp=0.00e+00 | Total=1.55e-01
  2586.4s | Epoch  8200 | BTE=8.96e-02 | Energy=4.61e-03 | BC=6.61e-04 | 
IC_n=3.01e-03 | IC_T=0.00e+00 | dT=0.00e+00 | WP=2.99e-02 | GE=1.07e-05 | 
Amp=0.00e+00 | Total=1.28e-01
  2648.8s | Epoch  8400 | BTE=9.97e-02 | Energy=5.80e-03 | BC=6.44e-04 | 
IC_n=4.75e-03 | IC_T=0.00e+00 | dT=0.00e+00 | WP=2.55e-02 | GE=3.41e-07 | 
Amp=0.00e+00 | Total=1.36e-01
  2711.4s | Epoch  8600 | BTE=9.44e-02 | Energy=6.92e-03 | BC=6.32e-04 | 
IC_n=3.23e-03 | IC_T=0.00e+00 | dT=0.00e+00 | WP=1.94e-02 | GE=1.56e-05 | 
Amp=0.00e+00 | Total=1.25e-01
  2774.6s | Epoch  8800 | BTE=9.51e-02 | Energy=4.27e-03 | BC=6.30e-04 | 
IC_n=2.87e-03 | IC_T=0.00e+00 | dT=0.00e+00 | WP=1.98e-02 | GE=2.15e-09 | 
Amp=0.00e+00 | Total=1.23e-01
  2838.1s | Epoch  9000 | BTE=8.27e-02 | Energy=5.08e-03 | BC=5.79e-04 | 
IC_n=6.36e-03 | IC_T=0.00e+00 | dT=0.00e+00 | WP=1.79e-02 | GE=4.81e-10 | 
Amp=0.00e+00 | Total=1.13e-01
  2899.2s | Epoch  9200 | BTE=8.48e-02 | Energy=4.00e-03 | BC=5.98e-04 | 
IC_n=3.34e-03 | IC_T=0.00e+00 | dT=0.00e+00 | WP=1.59e-02 | GE=7.99e-06 | 
Amp=0.00e+00 | Total=1.09e-01
  2962.1s | Epoch  9400 | BTE=9.45e-02 | Energy=3.60e-02 | BC=5.66e-04 | 
IC_n=3.71e-03 | IC_T=0.00e+00 | dT=0.00e+00 | WP=1.87e-02 | GE=2.49e-06 | 
Amp=0.00e+00 | Total=1.53e-01
  3024.8s | Epoch  9600 | BTE=6.41e-02 | Energy=4.82e-03 | BC=5.77e-04 | 
IC_n=5.61e-03 | IC_T=0.00e+00 | dT=0.00e+00 | WP=1.73e-02 | GE=4.46e-06 | 
Amp=0.00e+00 | Total=9.25e-02
  3087.5s | Epoch  9800 | BTE=6.44e-02 | Energy=3.29e-03 | BC=5.63e-04 | 
IC_n=3.59e-03 | IC_T=0.00e+00 | dT=0.00e+00 | WP=1.46e-02 | GE=1.31e-07 | 
Amp=0.00e+00 | Total=8.64e-02
  3150.9s | Epoch 10000 | BTE=7.50e-02 | Energy=3.51e-03 | BC=5.57e-04 | 
IC_n=3.57e-03 | IC_T=0.00e+00 | dT=0.00e+00 | WP=1.47e-02 | GE=8.81e-08 | 
Amp=0.00e+00 | Total=9.74e-02
  3213.8s | Epoch 10200 | BTE=5.85e-02 | Energy=3.79e-03 | BC=5.24e-04 | 
IC_n=5.67e-03 | IC_T=0.00e+00 | dT=0.00e+00 | WP=1.32e-02 | GE=1.29e-06 | 
Amp=0.00e+00 | Total=8.17e-02
  3275.5s | Epoch 10400 | BTE=7.62e-02 | Energy=4.46e-03 | BC=5.32e-04 | 
IC_n=3.86e-03 | IC_T=0.00e+00 | dT=0.00e+00 | WP=1.22e-02 | GE=5.90e-07 | 
Amp=0.00e+00 | Total=9.72e-02
  3340.4s | Epoch 10600 | BTE=7.05e-02 | Energy=4.14e-03 | BC=5.26e-04 | 
IC_n=4.54e-03 | IC_T=0.00e+00 | dT=0.00e+00 | WP=1.10e-02 | GE=6.67e-07 | 
Amp=0.00e+00 | Total=9.07e-02
  3403.3s | Epoch 10800 | BTE=6.16e-02 | Energy=3.06e-03 | BC=5.15e-04 | 
IC_n=4.08e-03 | IC_T=0.00e+00 | dT=0.00e+00 | WP=1.17e-02 | GE=2.17e-06 | 
Amp=0.00e+00 | Total=8.09e-02
  3466.0s | Epoch 11000 | BTE=6.65e-02 | Energy=4.17e-03 | BC=5.13e-04 | 
IC_n=3.85e-03 | IC_T=0.00e+00 | dT=0.00e+00 | WP=1.09e-02 | GE=4.03e-06 | 
Amp=0.00e+00 | Total=8.59e-02
  3528.2s | Epoch 11200 | BTE=4.69e-02 | Energy=3.66e-03 | BC=5.03e-04 | 
IC_n=4.89e-03 | IC_T=0.00e+00 | dT=0.00e+00 | WP=1.13e-02 | GE=6.99e-06 | 
Amp=0.00e+00 | Total=6.73e-02
  3590.9s | Epoch 11400 | BTE=4.93e-02 | Energy=4.31e-03 | BC=4.99e-04 | 
IC_n=6.47e-03 | IC_T=0.00e+00 | dT=0.00e+00 | WP=1.05e-02 | GE=8.30e-06 | 
Amp=0.00e+00 | Total=7.11e-02
  3653.8s | Epoch 11600 | BTE=6.62e-02 | Energy=3.20e-03 | BC=5.02e-04 | 
IC_n=3.67e-03 | IC_T=0.00e+00 | dT=0.00e+00 | WP=1.06e-02 | GE=2.08e-07 | 
Amp=0.00e+00 | Total=8.41e-02
  3716.8s | Epoch 11800 | BTE=5.36e-02 | Energy=3.47e-03 | BC=4.99e-04 | 
IC_n=3.97e-03 | IC_T=0.00e+00 | dT=0.00e+00 | WP=1.15e-02 | GE=6.43e-07 | 
Amp=0.00e+00 | Total=7.30e-02
  3780.0s | Epoch 12000 | BTE=5.41e-02 | Energy=3.12e-03 | BC=4.94e-04 | 
IC_n=3.82e-03 | IC_T=0.00e+00 | dT=0.00e+00 | WP=1.06e-02 | GE=6.70e-06 | 
Amp=0.00e+00 | Total=7.21e-02
  3843.4s | Epoch 12200 | BTE=3.39e-02 | Energy=2.46e-03 | BC=5.05e-04 | 
IC_n=3.83e-03 | IC_T=0.00e+00 | dT=0.00e+00 | WP=1.08e-02 | GE=4.50e-06 | 
Amp=0.00e+00 | Total=5.16e-02
  3907.4s | Epoch 12400 | BTE=4.83e-02 | Energy=3.18e-03 | BC=4.88e-04 | 
IC_n=4.68e-03 | IC_T=0.00e+00 | dT=0.00e+00 | WP=9.51e-03 | GE=1.27e-06 | 
Amp=0.00e+00 | Total=6.62e-02
  3971.4s | Epoch 12600 | BTE=4.53e-02 | Energy=2.72e-03 | BC=4.81e-04 | 
IC_n=4.50e-03 | IC_T=0.00e+00 | dT=0.00e+00 | WP=9.67e-03 | GE=6.48e-07 | 
Amp=0.00e+00 | Total=6.27e-02
  4035.4s | Epoch 12800 | BTE=5.40e-02 | Energy=2.67e-03 | BC=5.00e-04 | 
IC_n=4.00e-03 | IC_T=0.00e+00 | dT=0.00e+00 | WP=1.06e-02 | GE=4.12e-06 | 
Amp=0.00e+00 | Total=7.17e-02
  4099.9s | Epoch 13000 | BTE=4.67e-02 | Energy=2.46e-03 | BC=4.73e-04 | 
IC_n=4.50e-03 | IC_T=0.00e+00 | dT=0.00e+00 | WP=9.95e-03 | GE=5.41e-06 | 
Amp=0.00e+00 | Total=6.41e-02
  4163.1s | Epoch 13200 | BTE=5.44e-02 | Energy=2.73e-03 | BC=4.66e-04 | 
IC_n=4.05e-03 | IC_T=0.00e+00 | dT=0.00e+00 | WP=9.06e-03 | GE=6.61e-07 | 
Amp=0.00e+00 | Total=7.07e-02
  4228.0s | Epoch 13400 | BTE=4.19e-02 | Energy=2.44e-03 | BC=4.67e-04 | 
IC_n=3.95e-03 | IC_T=0.00e+00 | dT=0.00e+00 | WP=9.04e-03 | GE=8.25e-07 | 
Amp=0.00e+00 | Total=5.78e-02
  4290.7s | Epoch 13600 | BTE=4.36e-02 | Energy=2.96e-03 | BC=4.66e-04 | 
IC_n=4.28e-03 | IC_T=0.00e+00 | dT=0.00e+00 | WP=8.90e-03 | GE=8.74e-08 | 
Amp=0.00e+00 | Total=6.02e-02
  4352.7s | Epoch 13800 | BTE=4.66e-02 | Energy=2.65e-03 | BC=4.71e-04 | 
IC_n=4.22e-03 | IC_T=0.00e+00 | dT=0.00e+00 | WP=8.85e-03 | GE=1.37e-06 | 
Amp=0.00e+00 | Total=6.28e-02
  4416.4s | Epoch 14000 | BTE=4.11e-02 | Energy=2.35e-03 | BC=4.69e-04 | 
IC_n=4.06e-03 | IC_T=0.00e+00 | dT=0.00e+00 | WP=8.45e-03 | GE=1.72e-06 | 
Amp=0.00e+00 | Total=5.64e-02
  4480.0s | Epoch 14200 | BTE=3.74e-02 | Energy=2.23e-03 | BC=4.72e-04 | 
IC_n=3.89e-03 | IC_T=0.00e+00 | dT=0.00e+00 | WP=8.57e-03 | GE=2.69e-09 | 
Amp=0.00e+00 | Total=5.25e-02
  4543.1s | Epoch 14400 | BTE=4.63e-02 | Energy=3.21e-03 | BC=4.68e-04 | 
IC_n=3.93e-03 | IC_T=0.00e+00 | dT=0.00e+00 | WP=8.77e-03 | GE=4.29e-08 | 
Amp=0.00e+00 | Total=6.27e-02
  4606.9s | Epoch 14600 | BTE=5.23e-02 | Energy=2.38e-03 | BC=4.68e-04 | 
IC_n=3.92e-03 | IC_T=0.00e+00 | dT=0.00e+00 | WP=8.87e-03 | GE=3.88e-06 | 
Amp=0.00e+00 | Total=6.79e-02
  4671.4s | Epoch 14800 | BTE=5.67e-02 | Energy=2.55e-03 | BC=4.64e-04 | 
IC_n=4.01e-03 | IC_T=0.00e+00 | dT=0.00e+00 | WP=8.83e-03 | GE=3.95e-06 | 
Amp=0.00e+00 | Total=7.26e-02
╭───────────────────────────── Training Complete ──────────────────────────────╮
│   Time      4733.76s                                                         │
│   Output    runs/transient/1d_nongray_large_dt_1.0um_100K/20260707_073337    │
│   Saved     net_T_20260707_073337.pt                                         │
│   Saved     net_n_20260707_073337.pt                                         │
│   Saved     net_beta_20260707_073337.pt                                      │
╰──────────────────────────────────────────────────────────────────────────────╯
wandb: 
wandb: Run summary:
wandb: physics/local_dir runs/transient/1d_no...
wandb: 
wandb: You can sync this run to the cloud by running:
wandb: wandb sync /home/markoherkaliuk/src/pinn-bte-zoo/wandb/offline-run-20260707_073342-dnk633zj
wandb: Find logs at: ./wandb/offline-run-20260707_073342-dnk633zj/logs
Results saved to: 
runs/transient/1d_nongray_large_dt_1.0um_100K/20260707_073337/20260707_073337_re
sults.npz
  Generating visualizations...
Saved heatmap: runs/transient/1d_nongray_large_dt_1.0um_100K/20260707_073337/heatmap_20260707_073337.png
Saved snapshots: runs/transient/1d_nongray_large_dt_1.0um_100K/20260707_073337/snapshots_20260707_073337.png
Saved BC check: runs/transient/1d_nongray_large_dt_1.0um_100K/20260707_073337/bc_check_20260707_073337.png
Saved IC check: runs/transient/1d_nongray_large_dt_1.0um_100K/20260707_073337/ic_check_20260707_073337.png
Saved animation: runs/transient/1d_nongray_large_dt_1.0um_100K/20260707_073337/animation_20260707_073337.gif
  Saved: loss_20260707_073337.png
  Amplitude: A(0)=50.0000, A(end)=0.5493 (98.9% decay)
  Energy drift: 0.0068
  ⚠ Oscillation at t≈29τ
  Saved: 
runs/transient/1d_nongray_large_dt_1.0um_100K/20260707_073337/amplitude_decay_20
260707_073337.png

Done!
>>> archb1b arm=base-T-s1 done exit=0 Tue Jul  7 08:52:43 AM EEST 2026
>>> archb1b pilot arm=base-T-s2 Tue Jul  7 08:52:43 AM EEST 2026

Mode: nongray_large_dt - Mode-resolved with β-network, large ΔT (~100K)
[07/07/26 08:52:44] INFO     use_spectral_t=True: forcing use_hard_ic=False     
                             (spectral architecture handles IC by construction).
[07/07/26 08:52:44] INFO     use_spectral_t=True: forcing use_hard_ic=False     
                             (spectral architecture handles IC by construction).
                    INFO     Random seed set: 2                                 
                    INFO     Random seed set: 2                                 
[07/07/26 08:52:45] INFO     Lt from dom γ: 97.322 τ_ref (gray Lt was 549.202)  
[07/07/26 08:52:45] INFO     Lt from dom γ: 97.322 τ_ref (gray Lt was 549.202)  
                    INFO     Analytical Lt: A(Lt)=0.001 threshold,              
                             Lt_analytical=549.2τ, Lt_final=97.3τ               
                    INFO     Analytical Lt: A(Lt)=0.001 threshold,              
                             Lt_analytical=549.2τ, Lt_final=97.3τ               
                    INFO     Large ΔT model: L=1.0μm, ΔT=100.0K                 
                    INFO     Large ΔT model: L=1.0μm, ΔT=100.0K                 
                    INFO     Temperature range: [250K, 350K]                    
                    INFO     Temperature range: [250K, 350K]                    
                    INFO     Reference scales: v_ref=1.68e+00, τ_ref=6.05e-11   
                    INFO     Reference scales: v_ref=1.68e+00, τ_ref=6.05e-11   
                    INFO     Effective Kn=0.1015, Lt=97.3                       
                    INFO     Effective Kn=0.1015, Lt=97.3                       
                    INFO     Vectorized: ALL 60 modes × ALL 16 angles per epoch 
                    INFO     Vectorized: ALL 60 modes × ALL 16 angles per epoch 
                    INFO     Subsampling: 1800/3600 interior points per epoch   
                    INFO     Subsampling: 1800/3600 interior points per epoch   
[07/07/26 08:52:48] INFO     DOM γ-target (universal, all-L): grid [250,350]K,  
                             γ_no13 ∈ [1.08e+09,1.34e+09] Hz (replaces          
                             1/(1+Kn²))                                         
[07/07/26 08:52:48] INFO     DOM γ-target (universal, all-L): grid [250,350]K,  
                             γ_no13 ∈ [1.08e+09,1.34e+09] Hz (replaces          
                             1/(1+Kn²))                                         
                    INFO     dT/dt IC (large ΔT): target range [-6.334, 7.894]  
                             in [0,1] time                                      
                    INFO     dT/dt IC (large ΔT): target range [-6.334, 7.894]  
                             in [0,1] time                                      
                    INFO     Waypoints: 5 (uniform), weight=0.0, shape=rate     
                    INFO     Waypoints: 5 (uniform), weight=0.0, shape=rate     
                    INFO     Auto energy weight: 1.000 (grating Kn=0.6379,      
                             Kn_eff=0.1015)                                     
                    INFO     Auto energy weight: 1.000 (grating Kn=0.6379,      
                             Kn_eff=0.1015)                                     
[07/07/26 08:52:48] INFO     W&B tracking enabled: project=pinn-bte,            
                             group=transient_1d_nongray_large_dt                
                    INFO     W&B tracking enabled: project=pinn-bte,            
                             group=transient_1d_nongray_large_dt                

1D Nongray Large ΔT Transient BTE
  L = 1.0 μm, ΔT = 100.0 K
  T range: [250K, 350K]
  Kn_eff = 0.1015
  Epochs: 15000 (β: 200)
  Output: runs/transient/1d_nongray_large_dt_1.0um_100K/20260707_085244
                    INFO     Logging to:                                        
                             runs/transient/1d_nongray_large_dt_1.0um_100K/20260
                             707_085244/training_20260707_085244.log            
                    INFO     Logging to:                                        
                             runs/transient/1d_nongray_large_dt_1.0um_100K/20260
                             707_085244/training_20260707_085244.log            
wandb: WARNING Using a boolean value for 'reinit' is deprecated. Use 'return_previous' or 'finish_previous' instead.
wandb: Tracking run with wandb version 0.24.1
wandb: W&B syncing is set to `offline` in this directory. Run `wandb online` or set WANDB_MODE=online to enable cloud syncing.
wandb: Run data is saved locally in /home/markoherkaliuk/src/pinn-bte-zoo/wandb/offline-run-20260707_085249-2wrsmobd
[07/07/26 08:52:49] INFO     Started W&B run: tr_1d_ng_L1.0um_dT100K ·          
                             20260707_085244 (2wrsmobd)                         
[07/07/26 08:52:49] INFO     Started W&B run: tr_1d_ng_L1.0um_dT100K ·          
                             20260707_085244 (2wrsmobd)                         

Phase 1: Pretraining β-network
  Temperature range: [250K, 350K]
  Epochs: 200
     0.2s | Epoch     0 | β Loss = 6.82e-01
  β pretraining complete! Final loss: 9.45e-02
╭───────────────────────────── Starting Training ──────────────────────────────╮
│   Mode      Transient_Nongray_LargeDT                                        │
│   Epochs    15000                                                            │
│   Device    cuda                                                             │
│   Run ID    20260707_085244                                                  │
╰──────────────────────────────────────────────────────────────────────────────╯

Phase 2: BTE Training
  L = 1.0 μm, ΔT = 100.0K
  T range: [250K, 350K]
  Kn_eff = 0.1015
  τ(T) model = holland (full branch-resolved Holland--Callaway)
  Waypoints: 5 (uniform), weight=0.0
  ALL 60 modes × ALL 16 angles (vectorized)
  Epochs: 15000
     0.5s | Epoch     0 | BTE=8.33e+00 | Energy=3.41e-01 | BC=2.31e-03 | 
IC_n=2.31e-03 | IC_T=0.00e+00 | dT=0.00e+00 | WP=1.79e+01 | GE=2.68e-04 | 
Amp=0.00e+00 | Total=2.66e+01
    62.5s | Epoch   200 | BTE=1.15e+00 | Energy=8.77e-01 | BC=1.95e-02 | 
IC_n=3.32e-02 | IC_T=0.00e+00 | dT=0.00e+00 | WP=5.91e+00 | GE=1.16e-05 | 
Amp=0.00e+00 | Total=7.99e+00
   124.1s | Epoch   400 | BTE=9.97e-01 | Energy=5.99e-01 | BC=1.52e-02 | 
IC_n=2.63e-02 | IC_T=0.00e+00 | dT=0.00e+00 | WP=5.67e+00 | GE=3.18e-04 | 
Amp=0.00e+00 | Total=7.31e+00
   188.0s | Epoch   600 | BTE=8.87e-01 | Energy=5.26e-01 | BC=1.80e-02 | 
IC_n=2.16e-02 | IC_T=0.00e+00 | dT=0.00e+00 | WP=5.41e+00 | GE=1.66e-04 | 
Amp=0.00e+00 | Total=6.86e+00
   251.3s | Epoch   800 | BTE=9.01e-01 | Energy=4.67e-01 | BC=1.59e-02 | 
IC_n=1.39e-02 | IC_T=0.00e+00 | dT=0.00e+00 | WP=5.27e+00 | GE=3.25e-05 | 
Amp=0.00e+00 | Total=6.66e+00
   315.2s | Epoch  1000 | BTE=8.09e-01 | Energy=4.39e-01 | BC=1.66e-02 | 
IC_n=1.33e-02 | IC_T=0.00e+00 | dT=0.00e+00 | WP=5.14e+00 | GE=1.20e-04 | 
Amp=0.00e+00 | Total=6.41e+00
   378.4s | Epoch  1200 | BTE=7.53e-01 | Energy=4.14e-01 | BC=1.89e-02 | 
IC_n=1.10e-02 | IC_T=0.00e+00 | dT=0.00e+00 | WP=4.96e+00 | GE=5.07e-04 | 
Amp=0.00e+00 | Total=6.16e+00
   442.2s | Epoch  1400 | BTE=6.55e-01 | Energy=3.80e-01 | BC=1.93e-02 | 
IC_n=1.38e-02 | IC_T=0.00e+00 | dT=0.00e+00 | WP=4.89e+00 | GE=1.35e-04 | 
Amp=0.00e+00 | Total=5.95e+00
   505.5s | Epoch  1600 | BTE=6.48e-01 | Energy=3.71e-01 | BC=1.94e-02 | 
IC_n=8.80e-03 | IC_T=0.00e+00 | dT=0.00e+00 | WP=4.78e+00 | GE=5.64e-05 | 
Amp=0.00e+00 | Total=5.82e+00
   567.7s | Epoch  1800 | BTE=7.04e-01 | Energy=3.25e-01 | BC=1.64e-02 | 
IC_n=4.97e-03 | IC_T=0.00e+00 | dT=0.00e+00 | WP=4.68e+00 | GE=1.59e-04 | 
Amp=0.00e+00 | Total=5.73e+00
   630.6s | Epoch  2000 | BTE=6.10e-01 | Energy=3.04e-01 | BC=1.84e-02 | 
IC_n=6.79e-03 | IC_T=0.00e+00 | dT=0.00e+00 | WP=4.67e+00 | GE=6.29e-05 | 
Amp=0.00e+00 | Total=5.61e+00
   693.0s | Epoch  2200 | BTE=5.81e-01 | Energy=3.07e-01 | BC=2.07e-02 | 
IC_n=4.86e-03 | IC_T=0.00e+00 | dT=0.00e+00 | WP=4.62e+00 | GE=9.88e-05 | 
Amp=0.00e+00 | Total=5.54e+00
   756.4s | Epoch  2400 | BTE=6.27e-01 | Energy=2.70e-01 | BC=1.78e-02 | 
IC_n=6.08e-03 | IC_T=0.00e+00 | dT=0.00e+00 | WP=4.57e+00 | GE=2.98e-05 | 
Amp=0.00e+00 | Total=5.49e+00
   819.0s | Epoch  2600 | BTE=6.62e-01 | Energy=2.59e-01 | BC=1.84e-02 | 
IC_n=3.72e-03 | IC_T=0.00e+00 | dT=0.00e+00 | WP=4.60e+00 | GE=1.75e-05 | 
Amp=0.00e+00 | Total=5.55e+00
   881.5s | Epoch  2800 | BTE=6.60e-01 | Energy=2.39e-01 | BC=1.70e-02 | 
IC_n=2.89e-03 | IC_T=0.00e+00 | dT=0.00e+00 | WP=4.60e+00 | GE=1.78e-04 | 
Amp=0.00e+00 | Total=5.51e+00
   944.1s | Epoch  3000 | BTE=5.99e-01 | Energy=2.30e-01 | BC=1.65e-02 | 
IC_n=2.87e-03 | IC_T=0.00e+00 | dT=0.00e+00 | WP=4.63e+00 | GE=4.69e-06 | 
Amp=0.00e+00 | Total=5.48e+00
  1006.3s | Epoch  3200 | BTE=6.21e-01 | Energy=2.20e-01 | BC=1.72e-02 | 
IC_n=3.57e-03 | IC_T=0.00e+00 | dT=0.00e+00 | WP=4.59e+00 | GE=5.95e-04 | 
Amp=0.00e+00 | Total=5.45e+00
  1069.5s | Epoch  3400 | BTE=5.92e-01 | Energy=2.20e-01 | BC=1.83e-02 | 
IC_n=4.85e-03 | IC_T=0.00e+00 | dT=0.00e+00 | WP=4.48e+00 | GE=1.68e-04 | 
Amp=0.00e+00 | Total=5.32e+00
  1132.5s | Epoch  3600 | BTE=5.71e-01 | Energy=2.19e-01 | BC=1.89e-02 | 
IC_n=5.54e-03 | IC_T=0.00e+00 | dT=0.00e+00 | WP=4.52e+00 | GE=4.37e-04 | 
Amp=0.00e+00 | Total=5.34e+00
  1193.6s | Epoch  3800 | BTE=6.20e-01 | Energy=2.06e-01 | BC=1.66e-02 | 
IC_n=2.72e-03 | IC_T=0.00e+00 | dT=0.00e+00 | WP=4.51e+00 | GE=2.11e-04 | 
Amp=0.00e+00 | Total=5.36e+00
  1258.3s | Epoch  4000 | BTE=5.86e-01 | Energy=2.15e-01 | BC=1.78e-02 | 
IC_n=2.90e-03 | IC_T=0.00e+00 | dT=0.00e+00 | WP=4.52e+00 | GE=2.29e-05 | 
Amp=0.00e+00 | Total=5.35e+00
  1318.9s | Epoch  4200 | BTE=6.19e-01 | Energy=2.03e-01 | BC=1.61e-02 | 
IC_n=3.29e-03 | IC_T=0.00e+00 | dT=0.00e+00 | WP=4.45e+00 | GE=4.70e-05 | 
Amp=0.00e+00 | Total=5.29e+00
  1381.0s | Epoch  4400 | BTE=5.73e-01 | Energy=2.14e-01 | BC=1.63e-02 | 
IC_n=3.94e-03 | IC_T=0.00e+00 | dT=0.00e+00 | WP=4.37e+00 | GE=8.74e-06 | 
Amp=0.00e+00 | Total=5.18e+00
  1444.0s | Epoch  4600 | BTE=5.80e-01 | Energy=1.97e-01 | BC=1.50e-02 | 
IC_n=3.64e-03 | IC_T=0.00e+00 | dT=0.00e+00 | WP=4.02e+00 | GE=2.72e-06 | 
Amp=0.00e+00 | Total=4.81e+00
  1506.3s | Epoch  4800 | BTE=4.86e-01 | Energy=1.71e-01 | BC=1.46e-02 | 
IC_n=4.79e-03 | IC_T=0.00e+00 | dT=0.00e+00 | WP=3.76e+00 | GE=3.49e-05 | 
Amp=0.00e+00 | Total=4.43e+00
  1567.6s | Epoch  5000 | BTE=4.00e-01 | Energy=1.46e-01 | BC=1.27e-02 | 
IC_n=4.84e-03 | IC_T=0.00e+00 | dT=0.00e+00 | WP=3.16e+00 | GE=2.54e-05 | 
Amp=0.00e+00 | Total=3.72e+00
  1629.7s | Epoch  5200 | BTE=3.80e-01 | Energy=1.22e-01 | BC=1.09e-02 | 
IC_n=3.87e-03 | IC_T=0.00e+00 | dT=0.00e+00 | WP=2.69e+00 | GE=7.70e-05 | 
Amp=0.00e+00 | Total=3.21e+00
  1692.4s | Epoch  5400 | BTE=3.85e-01 | Energy=9.84e-02 | BC=8.93e-03 | 
IC_n=2.56e-03 | IC_T=0.00e+00 | dT=0.00e+00 | WP=2.27e+00 | GE=7.54e-05 | 
Amp=0.00e+00 | Total=2.77e+00
  1755.2s | Epoch  5600 | BTE=3.31e-01 | Energy=1.05e-01 | BC=8.53e-03 | 
IC_n=1.78e-03 | IC_T=0.00e+00 | dT=0.00e+00 | WP=1.65e+00 | GE=3.27e-05 | 
Amp=0.00e+00 | Total=2.10e+00
  1817.3s | Epoch  5800 | BTE=2.49e-01 | Energy=7.25e-02 | BC=6.48e-03 | 
IC_n=4.47e-03 | IC_T=0.00e+00 | dT=0.00e+00 | WP=1.45e+00 | GE=4.86e-05 | 
Amp=0.00e+00 | Total=1.78e+00
  1879.8s | Epoch  6000 | BTE=2.36e-01 | Energy=6.73e-02 | BC=5.10e-03 | 
IC_n=4.99e-03 | IC_T=0.00e+00 | dT=0.00e+00 | WP=1.18e+00 | GE=1.65e-05 | 
Amp=0.00e+00 | Total=1.49e+00
  1942.4s | Epoch  6200 | BTE=2.22e-01 | Energy=5.36e-02 | BC=4.57e-03 | 
IC_n=4.78e-03 | IC_T=0.00e+00 | dT=0.00e+00 | WP=9.39e-01 | GE=1.13e-05 | 
Amp=0.00e+00 | Total=1.22e+00
  2005.8s | Epoch  6400 | BTE=1.96e-01 | Energy=3.91e-02 | BC=3.64e-03 | 
IC_n=1.35e-03 | IC_T=0.00e+00 | dT=0.00e+00 | WP=8.06e-01 | GE=1.52e-05 | 
Amp=0.00e+00 | Total=1.05e+00
  2068.8s | Epoch  6600 | BTE=1.65e-01 | Energy=3.56e-02 | BC=3.06e-03 | 
IC_n=1.64e-03 | IC_T=0.00e+00 | dT=0.00e+00 | WP=5.82e-01 | GE=1.20e-05 | 
Amp=0.00e+00 | Total=7.87e-01
  2131.5s | Epoch  6800 | BTE=1.34e-01 | Energy=3.04e-02 | BC=2.73e-03 | 
IC_n=3.10e-03 | IC_T=0.00e+00 | dT=0.00e+00 | WP=5.01e-01 | GE=1.61e-05 | 
Amp=0.00e+00 | Total=6.71e-01
  2194.5s | Epoch  7000 | BTE=1.32e-01 | Energy=3.33e-02 | BC=2.18e-03 | 
IC_n=4.45e-03 | IC_T=0.00e+00 | dT=0.00e+00 | WP=3.94e-01 | GE=2.52e-06 | 
Amp=0.00e+00 | Total=5.66e-01
  2255.6s | Epoch  7200 | BTE=1.34e-01 | Energy=2.28e-02 | BC=2.02e-03 | 
IC_n=2.18e-03 | IC_T=0.00e+00 | dT=0.00e+00 | WP=3.40e-01 | GE=1.79e-05 | 
Amp=0.00e+00 | Total=5.01e-01
  2318.6s | Epoch  7400 | BTE=1.03e-01 | Energy=1.86e-02 | BC=1.89e-03 | 
IC_n=3.93e-03 | IC_T=0.00e+00 | dT=0.00e+00 | WP=3.22e-01 | GE=8.60e-09 | 
Amp=0.00e+00 | Total=4.50e-01
  2382.0s | Epoch  7600 | BTE=1.16e-01 | Energy=6.96e-02 | BC=1.50e-03 | 
IC_n=3.55e-03 | IC_T=0.00e+00 | dT=0.00e+00 | WP=2.76e-01 | GE=2.19e-05 | 
Amp=0.00e+00 | Total=4.67e-01
  2445.7s | Epoch  7800 | BTE=9.93e-02 | Energy=1.66e-02 | BC=1.42e-03 | 
IC_n=2.22e-03 | IC_T=0.00e+00 | dT=0.00e+00 | WP=1.95e-01 | GE=3.73e-06 | 
Amp=0.00e+00 | Total=3.15e-01
  2509.8s | Epoch  8000 | BTE=1.03e-01 | Energy=1.60e-02 | BC=1.15e-03 | 
IC_n=4.49e-03 | IC_T=0.00e+00 | dT=0.00e+00 | WP=1.92e-01 | GE=1.60e-06 | 
Amp=0.00e+00 | Total=3.17e-01
  2572.0s | Epoch  8200 | BTE=7.27e-02 | Energy=1.10e-02 | BC=1.12e-03 | 
IC_n=3.70e-03 | IC_T=0.00e+00 | dT=0.00e+00 | WP=1.53e-01 | GE=1.50e-06 | 
Amp=0.00e+00 | Total=2.41e-01
  2634.2s | Epoch  8400 | BTE=8.98e-02 | Energy=1.48e-02 | BC=1.08e-03 | 
IC_n=3.16e-03 | IC_T=0.00e+00 | dT=0.00e+00 | WP=1.27e-01 | GE=1.97e-05 | 
Amp=0.00e+00 | Total=2.36e-01
  2695.9s | Epoch  8600 | BTE=6.71e-02 | Energy=8.76e-03 | BC=8.98e-04 | 
IC_n=4.41e-03 | IC_T=0.00e+00 | dT=0.00e+00 | WP=1.46e-01 | GE=1.69e-05 | 
Amp=0.00e+00 | Total=2.27e-01
  2760.3s | Epoch  8800 | BTE=8.53e-02 | Energy=1.49e-02 | BC=9.03e-04 | 
IC_n=3.36e-03 | IC_T=0.00e+00 | dT=0.00e+00 | WP=1.18e-01 | GE=7.67e-06 | 
Amp=0.00e+00 | Total=2.22e-01
  2823.3s | Epoch  9000 | BTE=5.34e-02 | Energy=8.19e-03 | BC=7.92e-04 | 
IC_n=4.21e-03 | IC_T=0.00e+00 | dT=0.00e+00 | WP=1.02e-01 | GE=1.16e-06 | 
Amp=0.00e+00 | Total=1.68e-01
  2886.2s | Epoch  9200 | BTE=8.46e-02 | Energy=8.05e-03 | BC=7.27e-04 | 
IC_n=2.91e-03 | IC_T=0.00e+00 | dT=0.00e+00 | WP=9.66e-02 | GE=5.26e-06 | 
Amp=0.00e+00 | Total=1.93e-01
  2948.4s | Epoch  9400 | BTE=5.49e-02 | Energy=8.43e-03 | BC=7.03e-04 | 
IC_n=4.51e-03 | IC_T=0.00e+00 | dT=0.00e+00 | WP=8.05e-02 | GE=9.61e-06 | 
Amp=0.00e+00 | Total=1.49e-01
  3011.5s | Epoch  9600 | BTE=6.16e-02 | Energy=7.03e-03 | BC=6.80e-04 | 
IC_n=3.55e-03 | IC_T=0.00e+00 | dT=0.00e+00 | WP=7.75e-02 | GE=1.45e-07 | 
Amp=0.00e+00 | Total=1.50e-01
  3073.9s | Epoch  9800 | BTE=9.51e-02 | Energy=8.06e-03 | BC=6.22e-04 | 
IC_n=3.68e-03 | IC_T=0.00e+00 | dT=0.00e+00 | WP=7.42e-02 | GE=1.30e-07 | 
Amp=0.00e+00 | Total=1.82e-01
  3137.0s | Epoch 10000 | BTE=5.80e-02 | Energy=6.50e-03 | BC=5.96e-04 | 
IC_n=3.07e-03 | IC_T=0.00e+00 | dT=0.00e+00 | WP=7.01e-02 | GE=6.26e-06 | 
Amp=0.00e+00 | Total=1.38e-01
  3200.8s | Epoch 10200 | BTE=5.81e-02 | Energy=1.38e-02 | BC=5.53e-04 | 
IC_n=3.11e-03 | IC_T=0.00e+00 | dT=0.00e+00 | WP=7.11e-02 | GE=1.76e-05 | 
Amp=0.00e+00 | Total=1.47e-01
  3263.2s | Epoch 10400 | BTE=5.89e-02 | Energy=8.53e-03 | BC=5.40e-04 | 
IC_n=3.58e-03 | IC_T=0.00e+00 | dT=0.00e+00 | WP=6.52e-02 | GE=3.07e-07 | 
Amp=0.00e+00 | Total=1.37e-01
  3325.1s | Epoch 10600 | BTE=5.49e-02 | Energy=6.49e-03 | BC=5.12e-04 | 
IC_n=3.41e-03 | IC_T=0.00e+00 | dT=0.00e+00 | WP=5.46e-02 | GE=4.23e-08 | 
Amp=0.00e+00 | Total=1.20e-01
  3387.9s | Epoch 10800 | BTE=3.99e-02 | Energy=5.96e-03 | BC=4.97e-04 | 
IC_n=4.96e-03 | IC_T=0.00e+00 | dT=0.00e+00 | WP=5.76e-02 | GE=5.58e-07 | 
Amp=0.00e+00 | Total=1.09e-01
  3452.3s | Epoch 11000 | BTE=6.72e-02 | Energy=4.39e-03 | BC=4.69e-04 | 
IC_n=2.79e-03 | IC_T=0.00e+00 | dT=0.00e+00 | WP=5.29e-02 | GE=7.77e-06 | 
Amp=0.00e+00 | Total=1.28e-01
  3515.9s | Epoch 11200 | BTE=3.58e-02 | Energy=5.87e-03 | BC=4.79e-04 | 
IC_n=4.80e-03 | IC_T=0.00e+00 | dT=0.00e+00 | WP=5.30e-02 | GE=3.82e-06 | 
Amp=0.00e+00 | Total=9.99e-02
  3578.7s | Epoch 11400 | BTE=4.37e-02 | Energy=9.90e-03 | BC=4.54e-04 | 
IC_n=4.12e-03 | IC_T=0.00e+00 | dT=0.00e+00 | WP=4.76e-02 | GE=7.64e-09 | 
Amp=0.00e+00 | Total=1.06e-01
  3641.1s | Epoch 11600 | BTE=4.99e-02 | Energy=4.53e-03 | BC=4.49e-04 | 
IC_n=3.18e-03 | IC_T=0.00e+00 | dT=0.00e+00 | WP=4.55e-02 | GE=1.18e-08 | 
Amp=0.00e+00 | Total=1.04e-01
  3703.8s | Epoch 11800 | BTE=3.80e-02 | Energy=3.93e-03 | BC=4.22e-04 | 
IC_n=3.33e-03 | IC_T=0.00e+00 | dT=0.00e+00 | WP=4.45e-02 | GE=3.75e-06 | 
Amp=0.00e+00 | Total=9.02e-02
  3767.4s | Epoch 12000 | BTE=4.72e-02 | Energy=4.65e-03 | BC=4.40e-04 | 
IC_n=3.25e-03 | IC_T=0.00e+00 | dT=0.00e+00 | WP=4.22e-02 | GE=9.29e-06 | 
Amp=0.00e+00 | Total=9.77e-02
  3830.3s | Epoch 12200 | BTE=4.41e-02 | Energy=4.80e-03 | BC=4.30e-04 | 
IC_n=3.57e-03 | IC_T=0.00e+00 | dT=0.00e+00 | WP=4.73e-02 | GE=2.74e-06 | 
Amp=0.00e+00 | Total=1.00e-01
  3893.8s | Epoch 12400 | BTE=4.73e-02 | Energy=1.11e-02 | BC=4.40e-04 | 
IC_n=3.06e-03 | IC_T=0.00e+00 | dT=0.00e+00 | WP=4.47e-02 | GE=4.71e-08 | 
Amp=0.00e+00 | Total=1.07e-01
  3957.9s | Epoch 12600 | BTE=3.08e-02 | Energy=4.78e-03 | BC=4.09e-04 | 
IC_n=3.94e-03 | IC_T=0.00e+00 | dT=0.00e+00 | WP=3.98e-02 | GE=7.11e-07 | 
Amp=0.00e+00 | Total=7.97e-02
  4021.1s | Epoch 12800 | BTE=4.61e-02 | Energy=3.89e-03 | BC=3.96e-04 | 
IC_n=3.02e-03 | IC_T=0.00e+00 | dT=0.00e+00 | WP=4.29e-02 | GE=8.47e-09 | 
Amp=0.00e+00 | Total=9.64e-02
  4082.8s | Epoch 13000 | BTE=4.66e-02 | Energy=3.82e-03 | BC=4.00e-04 | 
IC_n=3.20e-03 | IC_T=0.00e+00 | dT=0.00e+00 | WP=3.90e-02 | GE=1.40e-05 | 
Amp=0.00e+00 | Total=9.31e-02
  4145.7s | Epoch 13200 | BTE=4.16e-02 | Energy=3.97e-03 | BC=3.94e-04 | 
IC_n=3.26e-03 | IC_T=0.00e+00 | dT=0.00e+00 | WP=3.88e-02 | GE=7.34e-06 | 
Amp=0.00e+00 | Total=8.80e-02
  4208.7s | Epoch 13400 | BTE=3.80e-02 | Energy=3.66e-03 | BC=3.89e-04 | 
IC_n=3.48e-03 | IC_T=0.00e+00 | dT=0.00e+00 | WP=3.58e-02 | GE=5.98e-08 | 
Amp=0.00e+00 | Total=8.13e-02
  4271.9s | Epoch 13600 | BTE=3.79e-02 | Energy=4.15e-03 | BC=3.87e-04 | 
IC_n=3.22e-03 | IC_T=0.00e+00 | dT=0.00e+00 | WP=3.78e-02 | GE=1.09e-09 | 
Amp=0.00e+00 | Total=8.34e-02
  4334.1s | Epoch 13800 | BTE=3.44e-02 | Energy=3.92e-03 | BC=3.75e-04 | 
IC_n=3.37e-03 | IC_T=0.00e+00 | dT=0.00e+00 | WP=3.58e-02 | GE=3.08e-06 | 
Amp=0.00e+00 | Total=7.79e-02
  4396.8s | Epoch 14000 | BTE=3.18e-02 | Energy=3.65e-03 | BC=3.83e-04 | 
IC_n=3.53e-03 | IC_T=0.00e+00 | dT=0.00e+00 | WP=3.70e-02 | GE=2.13e-07 | 
Amp=0.00e+00 | Total=7.63e-02
  4458.4s | Epoch 14200 | BTE=3.61e-02 | Energy=3.73e-03 | BC=3.75e-04 | 
IC_n=3.80e-03 | IC_T=0.00e+00 | dT=0.00e+00 | WP=3.66e-02 | GE=1.71e-07 | 
Amp=0.00e+00 | Total=8.05e-02
  4521.4s | Epoch 14400 | BTE=3.84e-02 | Energy=3.58e-03 | BC=3.71e-04 | 
IC_n=3.53e-03 | IC_T=0.00e+00 | dT=0.00e+00 | WP=3.80e-02 | GE=3.69e-06 | 
Amp=0.00e+00 | Total=8.39e-02
  4584.0s | Epoch 14600 | BTE=4.36e-02 | Energy=5.94e-03 | BC=3.77e-04 | 
IC_n=3.32e-03 | IC_T=0.00e+00 | dT=0.00e+00 | WP=3.64e-02 | GE=4.28e-07 | 
Amp=0.00e+00 | Total=8.96e-02
  4647.9s | Epoch 14800 | BTE=3.80e-02 | Energy=3.71e-03 | BC=3.77e-04 | 
IC_n=3.26e-03 | IC_T=0.00e+00 | dT=0.00e+00 | WP=3.74e-02 | GE=4.43e-06 | 
Amp=0.00e+00 | Total=8.28e-02
╭───────────────────────────── Training Complete ──────────────────────────────╮
│   Time      4710.71s                                                         │
│   Output    runs/transient/1d_nongray_large_dt_1.0um_100K/20260707_085244    │
│   Saved     net_T_20260707_085244.pt                                         │
│   Saved     net_n_20260707_085244.pt                                         │
│   Saved     net_beta_20260707_085244.pt                                      │
╰──────────────────────────────────────────────────────────────────────────────╯
wandb: 
wandb: Run summary:
wandb: physics/local_dir runs/transient/1d_no...
wandb: 
wandb: You can sync this run to the cloud by running:
wandb: wandb sync /home/markoherkaliuk/src/pinn-bte-zoo/wandb/offline-run-20260707_085249-2wrsmobd
wandb: Find logs at: ./wandb/offline-run-20260707_085249-2wrsmobd/logs
Results saved to: 
runs/transient/1d_nongray_large_dt_1.0um_100K/20260707_085244/20260707_085244_re
sults.npz
  Generating visualizations...
Saved heatmap: runs/transient/1d_nongray_large_dt_1.0um_100K/20260707_085244/heatmap_20260707_085244.png
Saved snapshots: runs/transient/1d_nongray_large_dt_1.0um_100K/20260707_085244/snapshots_20260707_085244.png
Saved BC check: runs/transient/1d_nongray_large_dt_1.0um_100K/20260707_085244/bc_check_20260707_085244.png
Saved IC check: runs/transient/1d_nongray_large_dt_1.0um_100K/20260707_085244/ic_check_20260707_085244.png
Saved animation: runs/transient/1d_nongray_large_dt_1.0um_100K/20260707_085244/animation_20260707_085244.gif
  Saved: loss_20260707_085244.png
  Amplitude: A(0)=50.0000, A(end)=0.9860 (98.0% decay)
  Energy drift: 0.0122
  ⚠ Oscillation at t≈7τ
  Saved: 
runs/transient/1d_nongray_large_dt_1.0um_100K/20260707_085244/amplitude_decay_20
260707_085244.png

Done!
>>> archb1b arm=base-T-s2 done exit=0 Tue Jul  7 10:11:27 AM EEST 2026
>>> archb1b pilot arm=base-B-s0 Tue Jul  7 10:11:27 AM EEST 2026

Mode: nongray_large_dt - Mode-resolved with β-network, large ΔT (~100K)
[07/07/26 10:11:29] INFO     use_spectral_t=True: forcing use_hard_ic=False     
                             (spectral architecture handles IC by construction).
[07/07/26 10:11:29] INFO     use_spectral_t=True: forcing use_hard_ic=False     
                             (spectral architecture handles IC by construction).
                    INFO     Random seed set: 0                                 
                    INFO     Random seed set: 0                                 
                    INFO     Lt from dom γ: 0.241 τ_ref (gray Lt was 84.493)    
                    INFO     Lt from dom γ: 0.241 τ_ref (gray Lt was 84.493)    
                    INFO     Analytical Lt: A(Lt)=0.001 threshold,              
                             Lt_analytical=84.5τ, Lt_final=0.2τ                 
                    INFO     Analytical Lt: A(Lt)=0.001 threshold,              
                             Lt_analytical=84.5τ, Lt_final=0.2τ                 
                    INFO     Large ΔT model: L=0.0μm, ΔT=100.0K                 
                    INFO     Large ΔT model: L=0.0μm, ΔT=100.0K                 
                    INFO     Temperature range: [250K, 350K]                    
                    INFO     Temperature range: [250K, 350K]                    
                    INFO     Reference scales: v_ref=1.68e+00, τ_ref=6.05e-11   
                    INFO     Reference scales: v_ref=1.68e+00, τ_ref=6.05e-11   
                    INFO     Effective Kn=10.1522, Lt=0.2                       
                    INFO     Effective Kn=10.1522, Lt=0.2                       
                    INFO     Vectorized: ALL 60 modes × ALL 16 angles per epoch 
                    INFO     Vectorized: ALL 60 modes × ALL 16 angles per epoch 
                    INFO     Subsampling: 1800/3600 interior points per epoch   
                    INFO     Subsampling: 1800/3600 interior points per epoch   
[07/07/26 10:11:34] INFO     DOM γ-target (universal, all-L): grid [250,350]K,  
                             γ_no13 ∈ [3.96e+11,5.54e+11] Hz (replaces          
                             1/(1+Kn²))                                         
[07/07/26 10:11:34] INFO     DOM γ-target (universal, all-L): grid [250,350]K,  
                             γ_no13 ∈ [3.96e+11,5.54e+11] Hz (replaces          
                             1/(1+Kn²))                                         
                    INFO     dT/dt IC (large ΔT): target range [-8.101, 5.779]  
                             in [0,1] time                                      
                    INFO     dT/dt IC (large ΔT): target range [-8.101, 5.779]  
                             in [0,1] time                                      
                    INFO     Waypoints: 5 (uniform), weight=0.0, shape=rate     
                    INFO     Waypoints: 5 (uniform), weight=0.0, shape=rate     
                    INFO     Auto energy weight: 1.000 (grating Kn=63.7879,     
                             Kn_eff=10.1522)                                    
                    INFO     Auto energy weight: 1.000 (grating Kn=63.7879,     
                             Kn_eff=10.1522)                                    
[07/07/26 10:11:34] INFO     W&B tracking enabled: project=pinn-bte,            
                             group=transient_1d_nongray_large_dt                
                    INFO     W&B tracking enabled: project=pinn-bte,            
                             group=transient_1d_nongray_large_dt                

1D Nongray Large ΔT Transient BTE
  L = 0.01 μm, ΔT = 100.0 K
  T range: [250K, 350K]
  Kn_eff = 10.1522
  Epochs: 15000 (β: 200)
  Output: runs/transient/1d_nongray_large_dt_0.01um_100K/20260707_101129
                    INFO     Logging to:                                        
                             runs/transient/1d_nongray_large_dt_0.01um_100K/2026
                             0707_101129/training_20260707_101129.log           
                    INFO     Logging to:                                        
                             runs/transient/1d_nongray_large_dt_0.01um_100K/2026
                             0707_101129/training_20260707_101129.log           
wandb: WARNING Using a boolean value for 'reinit' is deprecated. Use 'return_previous' or 'finish_previous' instead.
wandb: Tracking run with wandb version 0.24.1
wandb: W&B syncing is set to `offline` in this directory. Run `wandb online` or set WANDB_MODE=online to enable cloud syncing.
wandb: Run data is saved locally in /home/markoherkaliuk/src/pinn-bte-zoo/wandb/offline-run-20260707_101134-ny8vah1m
[07/07/26 10:11:34] INFO     Started W&B run: tr_1d_ng_L0.01um_dT100K ·         
                             20260707_101129 (ny8vah1m)                         
                    INFO     Started W&B run: tr_1d_ng_L0.01um_dT100K ·         
                             20260707_101129 (ny8vah1m)                         

Phase 1: Pretraining β-network
  Temperature range: [250K, 350K]
  Epochs: 200
     0.1s | Epoch     0 | β Loss = 2.67e-01
  β pretraining complete! Final loss: 2.37e-02
╭───────────────────────────── Starting Training ──────────────────────────────╮
│   Mode      Transient_Nongray_LargeDT                                        │
│   Epochs    15000                                                            │
│   Device    cuda                                                             │
│   Run ID    20260707_101129                                                  │
╰──────────────────────────────────────────────────────────────────────────────╯

Phase 2: BTE Training
  L = 0.0 μm, ΔT = 100.0K
  T range: [250K, 350K]
  Kn_eff = 10.1522
  τ(T) model = holland (full branch-resolved Holland--Callaway)
  Waypoints: 5 (uniform), weight=0.0
  ALL 60 modes × ALL 16 angles (vectorized)
  Epochs: 15000
     0.5s | Epoch     0 | BTE=1.54e+01 | Energy=1.64e+02 | BC=4.19e-03 | 
IC_n=2.60e-03 | IC_T=0.00e+00 | dT=0.00e+00 | WP=1.59e+01 | GE=7.78e-08 | 
Amp=0.00e+00 | Total=1.95e+02
    63.5s | Epoch   200 | BTE=9.01e+00 | Energy=1.74e+00 | BC=8.08e-04 | 
IC_n=7.10e-04 | IC_T=0.00e+00 | dT=0.00e+00 | WP=1.80e+01 | GE=2.45e-05 | 
Amp=0.00e+00 | Total=2.88e+01
   126.7s | Epoch   400 | BTE=6.24e+00 | Energy=1.36e+00 | BC=6.56e-04 | 
IC_n=1.22e-03 | IC_T=0.00e+00 | dT=0.00e+00 | WP=1.88e+01 | GE=1.24e-04 | 
Amp=0.00e+00 | Total=2.64e+01
   190.2s | Epoch   600 | BTE=5.17e+00 | Energy=8.48e-01 | BC=3.94e-04 | 
IC_n=1.41e-03 | IC_T=0.00e+00 | dT=0.00e+00 | WP=1.94e+01 | GE=3.06e-04 | 
Amp=0.00e+00 | Total=2.54e+01
   251.7s | Epoch   800 | BTE=4.17e+00 | Energy=6.16e-01 | BC=1.15e-04 | 
IC_n=1.86e-03 | IC_T=0.00e+00 | dT=0.00e+00 | WP=2.00e+01 | GE=8.02e-05 | 
Amp=0.00e+00 | Total=2.47e+01
   314.8s | Epoch  1000 | BTE=3.20e+00 | Energy=4.77e-01 | BC=2.63e-04 | 
IC_n=3.20e-03 | IC_T=0.00e+00 | dT=0.00e+00 | WP=2.05e+01 | GE=7.85e-05 | 
Amp=0.00e+00 | Total=2.42e+01
   377.2s | Epoch  1200 | BTE=2.53e+00 | Energy=3.23e-01 | BC=2.49e-04 | 
IC_n=4.83e-03 | IC_T=0.00e+00 | dT=0.00e+00 | WP=2.13e+01 | GE=3.58e-04 | 
Amp=0.00e+00 | Total=2.41e+01
   438.8s | Epoch  1400 | BTE=2.30e+00 | Energy=2.50e-01 | BC=2.24e-04 | 
IC_n=5.73e-03 | IC_T=0.00e+00 | dT=0.00e+00 | WP=2.15e+01 | GE=1.16e-03 | 
Amp=0.00e+00 | Total=2.41e+01
   500.9s | Epoch  1600 | BTE=2.08e+00 | Energy=2.62e-01 | BC=2.10e-04 | 
IC_n=6.00e-03 | IC_T=0.00e+00 | dT=0.00e+00 | WP=2.17e+01 | GE=6.47e-04 | 
Amp=0.00e+00 | Total=2.40e+01
   562.9s | Epoch  1800 | BTE=2.01e+00 | Energy=2.10e-01 | BC=2.06e-04 | 
IC_n=5.32e-03 | IC_T=0.00e+00 | dT=0.00e+00 | WP=2.17e+01 | GE=3.79e-04 | 
Amp=0.00e+00 | Total=2.40e+01
   626.2s | Epoch  2000 | BTE=1.92e+00 | Energy=2.51e-01 | BC=2.03e-04 | 
IC_n=6.06e-03 | IC_T=0.00e+00 | dT=0.00e+00 | WP=2.18e+01 | GE=2.48e-04 | 
Amp=0.00e+00 | Total=2.39e+01
   689.6s | Epoch  2200 | BTE=1.90e+00 | Energy=1.87e-01 | BC=1.95e-04 | 
IC_n=6.50e-03 | IC_T=0.00e+00 | dT=0.00e+00 | WP=2.18e+01 | GE=4.92e-04 | 
Amp=0.00e+00 | Total=2.39e+01
   751.4s | Epoch  2400 | BTE=1.81e+00 | Energy=1.87e-01 | BC=1.78e-04 | 
IC_n=5.55e-03 | IC_T=0.00e+00 | dT=0.00e+00 | WP=2.18e+01 | GE=2.47e-05 | 
Amp=0.00e+00 | Total=2.38e+01
   814.6s | Epoch  2600 | BTE=1.75e+00 | Energy=2.02e-01 | BC=1.79e-04 | 
IC_n=5.46e-03 | IC_T=0.00e+00 | dT=0.00e+00 | WP=2.17e+01 | GE=1.10e-04 | 
Amp=0.00e+00 | Total=2.36e+01
   878.0s | Epoch  2800 | BTE=1.69e+00 | Energy=1.91e-01 | BC=1.97e-04 | 
IC_n=7.05e-03 | IC_T=0.00e+00 | dT=0.00e+00 | WP=2.16e+01 | GE=4.91e-04 | 
Amp=0.00e+00 | Total=2.35e+01
   941.3s | Epoch  3000 | BTE=1.60e+00 | Energy=1.95e-01 | BC=2.32e-04 | 
IC_n=7.14e-03 | IC_T=0.00e+00 | dT=0.00e+00 | WP=2.14e+01 | GE=2.33e-04 | 
Amp=0.00e+00 | Total=2.32e+01
  1003.2s | Epoch  3200 | BTE=1.57e+00 | Energy=1.79e-01 | BC=2.40e-04 | 
IC_n=5.81e-03 | IC_T=0.00e+00 | dT=0.00e+00 | WP=2.14e+01 | GE=6.31e-05 | 
Amp=0.00e+00 | Total=2.31e+01
  1065.8s | Epoch  3400 | BTE=1.48e+00 | Energy=1.94e-01 | BC=2.86e-04 | 
IC_n=5.81e-03 | IC_T=0.00e+00 | dT=0.00e+00 | WP=2.13e+01 | GE=4.14e-04 | 
Amp=0.00e+00 | Total=2.30e+01
  1128.4s | Epoch  3600 | BTE=1.44e+00 | Energy=2.02e-01 | BC=3.68e-04 | 
IC_n=7.70e-03 | IC_T=0.00e+00 | dT=0.00e+00 | WP=2.13e+01 | GE=7.95e-05 | 
Amp=0.00e+00 | Total=2.29e+01
  1192.0s | Epoch  3800 | BTE=1.34e+00 | Energy=2.04e-01 | BC=4.18e-04 | 
IC_n=7.45e-03 | IC_T=0.00e+00 | dT=0.00e+00 | WP=2.11e+01 | GE=8.79e-04 | 
Amp=0.00e+00 | Total=2.27e+01
  1254.6s | Epoch  4000 | BTE=1.27e+00 | Energy=2.09e-01 | BC=5.12e-04 | 
IC_n=7.50e-03 | IC_T=0.00e+00 | dT=0.00e+00 | WP=2.10e+01 | GE=2.18e-04 | 
Amp=0.00e+00 | Total=2.25e+01
  1316.5s | Epoch  4200 | BTE=1.28e+00 | Energy=2.05e-01 | BC=6.17e-04 | 
IC_n=7.88e-03 | IC_T=0.00e+00 | dT=0.00e+00 | WP=2.10e+01 | GE=1.05e-03 | 
Amp=0.00e+00 | Total=2.25e+01
  1379.3s | Epoch  4400 | BTE=1.22e+00 | Energy=1.78e-01 | BC=6.40e-04 | 
IC_n=5.98e-03 | IC_T=0.00e+00 | dT=0.00e+00 | WP=2.09e+01 | GE=9.20e-05 | 
Amp=0.00e+00 | Total=2.23e+01
  1443.3s | Epoch  4600 | BTE=1.18e+00 | Energy=1.76e-01 | BC=7.66e-04 | 
IC_n=5.92e-03 | IC_T=0.00e+00 | dT=0.00e+00 | WP=2.08e+01 | GE=6.28e-04 | 
Amp=0.00e+00 | Total=2.21e+01
  1505.1s | Epoch  4800 | BTE=1.09e+00 | Energy=1.76e-01 | BC=9.07e-04 | 
IC_n=6.21e-03 | IC_T=0.00e+00 | dT=0.00e+00 | WP=2.06e+01 | GE=4.75e-09 | 
Amp=0.00e+00 | Total=2.19e+01
  1568.1s | Epoch  5000 | BTE=1.03e+00 | Energy=1.75e-01 | BC=1.09e-03 | 
IC_n=6.39e-03 | IC_T=0.00e+00 | dT=0.00e+00 | WP=2.05e+01 | GE=6.27e-04 | 
Amp=0.00e+00 | Total=2.18e+01
  1630.9s | Epoch  5200 | BTE=1.01e+00 | Energy=1.99e-01 | BC=1.35e-03 | 
IC_n=8.22e-03 | IC_T=0.00e+00 | dT=0.00e+00 | WP=2.05e+01 | GE=2.33e-05 | 
Amp=0.00e+00 | Total=2.17e+01
  1693.2s | Epoch  5400 | BTE=9.42e-01 | Energy=1.62e-01 | BC=1.36e-03 | 
IC_n=6.34e-03 | IC_T=0.00e+00 | dT=0.00e+00 | WP=2.03e+01 | GE=4.50e-05 | 
Amp=0.00e+00 | Total=2.14e+01
  1755.1s | Epoch  5600 | BTE=9.05e-01 | Energy=1.64e-01 | BC=1.50e-03 | 
IC_n=6.15e-03 | IC_T=0.00e+00 | dT=0.00e+00 | WP=2.01e+01 | GE=3.45e-04 | 
Amp=0.00e+00 | Total=2.12e+01
  1817.3s | Epoch  5800 | BTE=8.18e-01 | Energy=1.52e-01 | BC=1.88e-03 | 
IC_n=7.55e-03 | IC_T=0.00e+00 | dT=0.00e+00 | WP=2.00e+01 | GE=3.25e-04 | 
Amp=0.00e+00 | Total=2.10e+01
  1881.1s | Epoch  6000 | BTE=7.52e-01 | Energy=1.67e-01 | BC=2.04e-03 | 
IC_n=7.59e-03 | IC_T=0.00e+00 | dT=0.00e+00 | WP=1.97e+01 | GE=3.51e-04 | 
Amp=0.00e+00 | Total=2.06e+01
  1943.5s | Epoch  6200 | BTE=7.21e-01 | Energy=1.88e-01 | BC=2.10e-03 | 
IC_n=7.07e-03 | IC_T=0.00e+00 | dT=0.00e+00 | WP=1.95e+01 | GE=5.90e-04 | 
Amp=0.00e+00 | Total=2.04e+01
  2005.0s | Epoch  6400 | BTE=6.92e-01 | Energy=1.35e-01 | BC=2.29e-03 | 
IC_n=7.15e-03 | IC_T=0.00e+00 | dT=0.00e+00 | WP=1.92e+01 | GE=6.16e-05 | 
Amp=0.00e+00 | Total=2.01e+01
  2067.6s | Epoch  6600 | BTE=6.80e-01 | Energy=1.47e-01 | BC=2.50e-03 | 
IC_n=7.57e-03 | IC_T=0.00e+00 | dT=0.00e+00 | WP=1.90e+01 | GE=7.68e-04 | 
Amp=0.00e+00 | Total=1.99e+01
  2130.8s | Epoch  6800 | BTE=6.54e-01 | Energy=1.32e-01 | BC=2.69e-03 | 
IC_n=7.39e-03 | IC_T=0.00e+00 | dT=0.00e+00 | WP=1.88e+01 | GE=2.56e-04 | 
Amp=0.00e+00 | Total=1.96e+01
  2193.4s | Epoch  7000 | BTE=6.31e-01 | Energy=1.29e-01 | BC=2.87e-03 | 
IC_n=7.40e-03 | IC_T=0.00e+00 | dT=0.00e+00 | WP=1.87e+01 | GE=3.35e-04 | 
Amp=0.00e+00 | Total=1.94e+01
  2255.3s | Epoch  7200 | BTE=6.08e-01 | Energy=1.27e-01 | BC=2.92e-03 | 
IC_n=6.83e-03 | IC_T=0.00e+00 | dT=0.00e+00 | WP=1.85e+01 | GE=2.09e-04 | 
Amp=0.00e+00 | Total=1.92e+01
  2317.8s | Epoch  7400 | BTE=6.02e-01 | Energy=1.41e-01 | BC=3.39e-03 | 
IC_n=7.50e-03 | IC_T=0.00e+00 | dT=0.00e+00 | WP=1.82e+01 | GE=1.66e-04 | 
Amp=0.00e+00 | Total=1.90e+01
  2380.5s | Epoch  7600 | BTE=5.83e-01 | Energy=1.33e-01 | BC=3.28e-03 | 
IC_n=6.76e-03 | IC_T=0.00e+00 | dT=0.00e+00 | WP=1.80e+01 | GE=2.59e-04 | 
Amp=0.00e+00 | Total=1.87e+01
  2442.5s | Epoch  7800 | BTE=5.69e-01 | Energy=1.25e-01 | BC=3.56e-03 | 
IC_n=7.24e-03 | IC_T=0.00e+00 | dT=0.00e+00 | WP=1.79e+01 | GE=3.32e-04 | 
Amp=0.00e+00 | Total=1.86e+01
  2504.9s | Epoch  8000 | BTE=5.54e-01 | Energy=1.17e-01 | BC=3.83e-03 | 
IC_n=7.24e-03 | IC_T=0.00e+00 | dT=0.00e+00 | WP=1.77e+01 | GE=7.05e-04 | 
Amp=0.00e+00 | Total=1.84e+01
  2567.7s | Epoch  8200 | BTE=5.42e-01 | Energy=1.16e-01 | BC=3.84e-03 | 
IC_n=6.80e-03 | IC_T=0.00e+00 | dT=0.00e+00 | WP=1.76e+01 | GE=8.65e-04 | 
Amp=0.00e+00 | Total=1.82e+01
  2630.5s | Epoch  8400 | BTE=5.34e-01 | Energy=1.22e-01 | BC=4.06e-03 | 
IC_n=6.82e-03 | IC_T=0.00e+00 | dT=0.00e+00 | WP=1.74e+01 | GE=8.66e-04 | 
Amp=0.00e+00 | Total=1.81e+01
  2692.3s | Epoch  8600 | BTE=5.17e-01 | Energy=1.24e-01 | BC=4.46e-03 | 
IC_n=7.19e-03 | IC_T=0.00e+00 | dT=0.00e+00 | WP=1.73e+01 | GE=2.36e-04 | 
Amp=0.00e+00 | Total=1.79e+01
  2755.1s | Epoch  8800 | BTE=5.08e-01 | Energy=1.46e-01 | BC=4.46e-03 | 
IC_n=6.99e-03 | IC_T=0.00e+00 | dT=0.00e+00 | WP=1.72e+01 | GE=7.97e-05 | 
Amp=0.00e+00 | Total=1.78e+01
  2818.0s | Epoch  9000 | BTE=5.05e-01 | Energy=1.19e-01 | BC=4.78e-03 | 
IC_n=7.16e-03 | IC_T=0.00e+00 | dT=0.00e+00 | WP=1.70e+01 | GE=1.59e-04 | 
Amp=0.00e+00 | Total=1.76e+01
  2881.6s | Epoch  9200 | BTE=4.85e-01 | Energy=1.20e-01 | BC=4.84e-03 | 
IC_n=7.05e-03 | IC_T=0.00e+00 | dT=0.00e+00 | WP=1.68e+01 | GE=1.67e-04 | 
Amp=0.00e+00 | Total=1.75e+01
  2945.4s | Epoch  9400 | BTE=4.81e-01 | Energy=1.13e-01 | BC=5.00e-03 | 
IC_n=6.98e-03 | IC_T=0.00e+00 | dT=0.00e+00 | WP=1.67e+01 | GE=3.07e-04 | 
Amp=0.00e+00 | Total=1.73e+01
  3007.8s | Epoch  9600 | BTE=4.71e-01 | Energy=1.09e-01 | BC=4.90e-03 | 
IC_n=7.00e-03 | IC_T=0.00e+00 | dT=0.00e+00 | WP=1.67e+01 | GE=4.49e-05 | 
Amp=0.00e+00 | Total=1.73e+01
  3068.8s | Epoch  9800 | BTE=4.61e-01 | Energy=1.09e-01 | BC=5.14e-03 | 
IC_n=7.12e-03 | IC_T=0.00e+00 | dT=0.00e+00 | WP=1.65e+01 | GE=1.06e-04 | 
Amp=0.00e+00 | Total=1.71e+01
  3130.4s | Epoch 10000 | BTE=4.57e-01 | Energy=1.12e-01 | BC=5.04e-03 | 
IC_n=6.74e-03 | IC_T=0.00e+00 | dT=0.00e+00 | WP=1.64e+01 | GE=7.14e-04 | 
Amp=0.00e+00 | Total=1.70e+01
  3192.8s | Epoch 10200 | BTE=4.51e-01 | Energy=1.06e-01 | BC=5.27e-03 | 
IC_n=6.96e-03 | IC_T=0.00e+00 | dT=0.00e+00 | WP=1.63e+01 | GE=4.89e-04 | 
Amp=0.00e+00 | Total=1.68e+01
  3256.3s | Epoch 10400 | BTE=4.45e-01 | Energy=1.07e-01 | BC=5.27e-03 | 
IC_n=6.89e-03 | IC_T=0.00e+00 | dT=0.00e+00 | WP=1.62e+01 | GE=1.43e-05 | 
Amp=0.00e+00 | Total=1.67e+01
  3317.4s | Epoch 10600 | BTE=4.40e-01 | Energy=1.09e-01 | BC=5.39e-03 | 
IC_n=7.03e-03 | IC_T=0.00e+00 | dT=0.00e+00 | WP=1.61e+01 | GE=8.51e-06 | 
Amp=0.00e+00 | Total=1.66e+01
  3379.5s | Epoch 10800 | BTE=4.34e-01 | Energy=1.06e-01 | BC=5.43e-03 | 
IC_n=7.09e-03 | IC_T=0.00e+00 | dT=0.00e+00 | WP=1.60e+01 | GE=8.83e-05 | 
Amp=0.00e+00 | Total=1.66e+01
  3441.5s | Epoch 11000 | BTE=4.40e-01 | Energy=1.04e-01 | BC=5.34e-03 | 
IC_n=6.94e-03 | IC_T=0.00e+00 | dT=0.00e+00 | WP=1.60e+01 | GE=8.42e-06 | 
Amp=0.00e+00 | Total=1.66e+01
  3504.4s | Epoch 11200 | BTE=4.25e-01 | Energy=9.94e-02 | BC=5.63e-03 | 
IC_n=7.11e-03 | IC_T=0.00e+00 | dT=0.00e+00 | WP=1.59e+01 | GE=2.72e-06 | 
Amp=0.00e+00 | Total=1.64e+01
  3566.5s | Epoch 11400 | BTE=4.22e-01 | Energy=1.00e-01 | BC=5.70e-03 | 
IC_n=7.11e-03 | IC_T=0.00e+00 | dT=0.00e+00 | WP=1.58e+01 | GE=1.99e-04 | 
Amp=0.00e+00 | Total=1.63e+01
  3628.4s | Epoch 11600 | BTE=4.17e-01 | Energy=1.00e-01 | BC=5.65e-03 | 
IC_n=7.13e-03 | IC_T=0.00e+00 | dT=0.00e+00 | WP=1.57e+01 | GE=1.25e-04 | 
Amp=0.00e+00 | Total=1.62e+01
  3691.3s | Epoch 11800 | BTE=4.16e-01 | Energy=9.74e-02 | BC=5.74e-03 | 
IC_n=7.16e-03 | IC_T=0.00e+00 | dT=0.00e+00 | WP=1.56e+01 | GE=3.61e-04 | 
Amp=0.00e+00 | Total=1.62e+01
  3755.0s | Epoch 12000 | BTE=4.21e-01 | Energy=9.38e-02 | BC=5.67e-03 | 
IC_n=7.01e-03 | IC_T=0.00e+00 | dT=0.00e+00 | WP=1.56e+01 | GE=6.93e-04 | 
Amp=0.00e+00 | Total=1.61e+01
  3816.9s | Epoch 12200 | BTE=4.12e-01 | Energy=9.81e-02 | BC=5.65e-03 | 
IC_n=7.02e-03 | IC_T=0.00e+00 | dT=0.00e+00 | WP=1.55e+01 | GE=2.85e-04 | 
Amp=0.00e+00 | Total=1.60e+01
  3879.0s | Epoch 12400 | BTE=4.09e-01 | Energy=9.30e-02 | BC=5.75e-03 | 
IC_n=7.05e-03 | IC_T=0.00e+00 | dT=0.00e+00 | WP=1.54e+01 | GE=1.33e-04 | 
Amp=0.00e+00 | Total=1.60e+01
  3942.3s | Epoch 12600 | BTE=4.03e-01 | Energy=9.39e-02 | BC=5.80e-03 | 
IC_n=7.12e-03 | IC_T=0.00e+00 | dT=0.00e+00 | WP=1.54e+01 | GE=5.16e-04 | 
Amp=0.00e+00 | Total=1.59e+01
  4003.6s | Epoch 12800 | BTE=4.03e-01 | Energy=9.21e-02 | BC=5.76e-03 | 
IC_n=7.09e-03 | IC_T=0.00e+00 | dT=0.00e+00 | WP=1.53e+01 | GE=3.88e-04 | 
Amp=0.00e+00 | Total=1.58e+01
  4066.2s | Epoch 13000 | BTE=4.00e-01 | Energy=9.23e-02 | BC=5.72e-03 | 
IC_n=7.09e-03 | IC_T=0.00e+00 | dT=0.00e+00 | WP=1.53e+01 | GE=3.27e-04 | 
Amp=0.00e+00 | Total=1.58e+01
  4129.2s | Epoch 13200 | BTE=4.03e-01 | Energy=9.23e-02 | BC=5.83e-03 | 
IC_n=7.20e-03 | IC_T=0.00e+00 | dT=0.00e+00 | WP=1.53e+01 | GE=4.19e-04 | 
Amp=0.00e+00 | Total=1.58e+01
  4190.9s | Epoch 13400 | BTE=3.98e-01 | Energy=9.01e-02 | BC=5.77e-03 | 
IC_n=7.09e-03 | IC_T=0.00e+00 | dT=0.00e+00 | WP=1.53e+01 | GE=5.50e-04 | 
Amp=0.00e+00 | Total=1.58e+01
  4252.3s | Epoch 13600 | BTE=3.96e-01 | Energy=8.91e-02 | BC=5.78e-03 | 
IC_n=7.11e-03 | IC_T=0.00e+00 | dT=0.00e+00 | WP=1.52e+01 | GE=2.36e-04 | 
Amp=0.00e+00 | Total=1.57e+01
  4314.0s | Epoch 13800 | BTE=3.92e-01 | Energy=8.92e-02 | BC=5.84e-03 | 
IC_n=7.16e-03 | IC_T=0.00e+00 | dT=0.00e+00 | WP=1.52e+01 | GE=5.59e-04 | 
Amp=0.00e+00 | Total=1.57e+01
  4375.7s | Epoch 14000 | BTE=3.93e-01 | Energy=8.89e-02 | BC=5.83e-03 | 
IC_n=7.08e-03 | IC_T=0.00e+00 | dT=0.00e+00 | WP=1.52e+01 | GE=7.46e-05 | 
Amp=0.00e+00 | Total=1.57e+01
  4437.5s | Epoch 14200 | BTE=3.94e-01 | Energy=8.88e-02 | BC=5.78e-03 | 
IC_n=7.10e-03 | IC_T=0.00e+00 | dT=0.00e+00 | WP=1.52e+01 | GE=1.85e-04 | 
Amp=0.00e+00 | Total=1.57e+01
  4500.0s | Epoch 14400 | BTE=3.91e-01 | Energy=8.81e-02 | BC=5.81e-03 | 
IC_n=7.11e-03 | IC_T=0.00e+00 | dT=0.00e+00 | WP=1.51e+01 | GE=5.80e-05 | 
Amp=0.00e+00 | Total=1.56e+01
  4562.5s | Epoch 14600 | BTE=3.94e-01 | Energy=8.81e-02 | BC=5.80e-03 | 
IC_n=7.07e-03 | IC_T=0.00e+00 | dT=0.00e+00 | WP=1.51e+01 | GE=1.65e-04 | 
Amp=0.00e+00 | Total=1.56e+01
  4624.7s | Epoch 14800 | BTE=3.91e-01 | Energy=8.85e-02 | BC=5.78e-03 | 
IC_n=7.14e-03 | IC_T=0.00e+00 | dT=0.00e+00 | WP=1.51e+01 | GE=2.33e-04 | 
Amp=0.00e+00 | Total=1.56e+01
╭───────────────────────────── Training Complete ──────────────────────────────╮
│   Time      4687.96s                                                         │
│   Output    runs/transient/1d_nongray_large_dt_0.01um_100K/20260707_101129   │
│   Saved     net_T_20260707_101129.pt                                         │
│   Saved     net_n_20260707_101129.pt                                         │
│   Saved     net_beta_20260707_101129.pt                                      │
╰──────────────────────────────────────────────────────────────────────────────╯
wandb: 
wandb: Run summary:
wandb: physics/local_dir runs/transient/1d_no...
wandb: 
wandb: You can sync this run to the cloud by running:
wandb: wandb sync /home/markoherkaliuk/src/pinn-bte-zoo/wandb/offline-run-20260707_101134-ny8vah1m
wandb: Find logs at: ./wandb/offline-run-20260707_101134-ny8vah1m/logs
Results saved to: 
runs/transient/1d_nongray_large_dt_0.01um_100K/20260707_101129/20260707_101129_r
esults.npz
  Generating visualizations...
Saved heatmap: runs/transient/1d_nongray_large_dt_0.01um_100K/20260707_101129/heatmap_20260707_101129.png
Saved snapshots: runs/transient/1d_nongray_large_dt_0.01um_100K/20260707_101129/snapshots_20260707_101129.png
Saved BC check: runs/transient/1d_nongray_large_dt_0.01um_100K/20260707_101129/bc_check_20260707_101129.png
Saved IC check: runs/transient/1d_nongray_large_dt_0.01um_100K/20260707_101129/ic_check_20260707_101129.png
Saved animation: runs/transient/1d_nongray_large_dt_0.01um_100K/20260707_101129/animation_20260707_101129.gif
  Saved: loss_20260707_101129.png
  Amplitude: A(0)=50.0000, A(end)=30.7488 (38.5% decay)
  Energy drift: 0.3913
  ⚠ Drift: mean(T)=0.391
  Saved: 
runs/transient/1d_nongray_large_dt_0.01um_100K/20260707_101129/amplitude_decay_2
0260707_101129.png

Done!
>>> archb1b arm=base-B-s0 done exit=0 Tue Jul  7 11:29:50 AM EEST 2026
>>> archb1b pilot arm=base-B-s1 Tue Jul  7 11:29:50 AM EEST 2026

Mode: nongray_large_dt - Mode-resolved with β-network, large ΔT (~100K)
[07/07/26 11:29:51] INFO     use_spectral_t=True: forcing use_hard_ic=False     
                             (spectral architecture handles IC by construction).
[07/07/26 11:29:51] INFO     use_spectral_t=True: forcing use_hard_ic=False     
                             (spectral architecture handles IC by construction).
                    INFO     Random seed set: 1                                 
                    INFO     Random seed set: 1                                 
                    INFO     Lt from dom γ: 0.241 τ_ref (gray Lt was 84.493)    
                    INFO     Lt from dom γ: 0.241 τ_ref (gray Lt was 84.493)    
                    INFO     Analytical Lt: A(Lt)=0.001 threshold,              
                             Lt_analytical=84.5τ, Lt_final=0.2τ                 
                    INFO     Analytical Lt: A(Lt)=0.001 threshold,              
                             Lt_analytical=84.5τ, Lt_final=0.2τ                 
                    INFO     Large ΔT model: L=0.0μm, ΔT=100.0K                 
                    INFO     Large ΔT model: L=0.0μm, ΔT=100.0K                 
                    INFO     Temperature range: [250K, 350K]                    
                    INFO     Temperature range: [250K, 350K]                    
                    INFO     Reference scales: v_ref=1.68e+00, τ_ref=6.05e-11   
                    INFO     Reference scales: v_ref=1.68e+00, τ_ref=6.05e-11   
                    INFO     Effective Kn=10.1522, Lt=0.2                       
                    INFO     Effective Kn=10.1522, Lt=0.2                       
                    INFO     Vectorized: ALL 60 modes × ALL 16 angles per epoch 
                    INFO     Vectorized: ALL 60 modes × ALL 16 angles per epoch 
                    INFO     Subsampling: 1800/3600 interior points per epoch   
                    INFO     Subsampling: 1800/3600 interior points per epoch   
[07/07/26 11:29:55] INFO     DOM γ-target (universal, all-L): grid [250,350]K,  
                             γ_no13 ∈ [3.96e+11,5.54e+11] Hz (replaces          
                             1/(1+Kn²))                                         
[07/07/26 11:29:55] INFO     DOM γ-target (universal, all-L): grid [250,350]K,  
                             γ_no13 ∈ [3.96e+11,5.54e+11] Hz (replaces          
                             1/(1+Kn²))                                         
                    INFO     dT/dt IC (large ΔT): target range [-8.101, 5.779]  
                             in [0,1] time                                      
                    INFO     dT/dt IC (large ΔT): target range [-8.101, 5.779]  
                             in [0,1] time                                      
                    INFO     Waypoints: 5 (uniform), weight=0.0, shape=rate     
                    INFO     Waypoints: 5 (uniform), weight=0.0, shape=rate     
                    INFO     Auto energy weight: 1.000 (grating Kn=63.7879,     
                             Kn_eff=10.1522)                                    
                    INFO     Auto energy weight: 1.000 (grating Kn=63.7879,     
                             Kn_eff=10.1522)                                    
[07/07/26 11:29:55] INFO     W&B tracking enabled: project=pinn-bte,            
                             group=transient_1d_nongray_large_dt                
                    INFO     W&B tracking enabled: project=pinn-bte,            
                             group=transient_1d_nongray_large_dt                

1D Nongray Large ΔT Transient BTE
  L = 0.01 μm, ΔT = 100.0 K
  T range: [250K, 350K]
  Kn_eff = 10.1522
  Epochs: 15000 (β: 200)
  Output: runs/transient/1d_nongray_large_dt_0.01um_100K/20260707_112951
                    INFO     Logging to:                                        
                             runs/transient/1d_nongray_large_dt_0.01um_100K/2026
                             0707_112951/training_20260707_112951.log           
                    INFO     Logging to:                                        
                             runs/transient/1d_nongray_large_dt_0.01um_100K/2026
                             0707_112951/training_20260707_112951.log           
wandb: WARNING Using a boolean value for 'reinit' is deprecated. Use 'return_previous' or 'finish_previous' instead.
wandb: Tracking run with wandb version 0.24.1
wandb: W&B syncing is set to `offline` in this directory. Run `wandb online` or set WANDB_MODE=online to enable cloud syncing.
wandb: Run data is saved locally in /home/markoherkaliuk/src/pinn-bte-zoo/wandb/offline-run-20260707_112956-m98blmzu
[07/07/26 11:29:56] INFO     Started W&B run: tr_1d_ng_L0.01um_dT100K ·         
                             20260707_112951 (m98blmzu)                         
[07/07/26 11:29:56] INFO     Started W&B run: tr_1d_ng_L0.01um_dT100K ·         
                             20260707_112951 (m98blmzu)                         

Phase 1: Pretraining β-network
  Temperature range: [250K, 350K]
  Epochs: 200
     0.2s | Epoch     0 | β Loss = 7.80e-01
  β pretraining complete! Final loss: 5.18e-02
╭───────────────────────────── Starting Training ──────────────────────────────╮
│   Mode      Transient_Nongray_LargeDT                                        │
│   Epochs    15000                                                            │
│   Device    cuda                                                             │
│   Run ID    20260707_112951                                                  │
╰──────────────────────────────────────────────────────────────────────────────╯

Phase 2: BTE Training
  L = 0.0 μm, ΔT = 100.0K
  T range: [250K, 350K]
  Kn_eff = 10.1522
  τ(T) model = holland (full branch-resolved Holland--Callaway)
  Waypoints: 5 (uniform), weight=0.0
  ALL 60 modes × ALL 16 angles (vectorized)
  Epochs: 15000
     0.6s | Epoch     0 | BTE=8.85e+00 | Energy=6.60e+01 | BC=2.92e-03 | 
IC_n=1.56e-02 | IC_T=0.00e+00 | dT=0.00e+00 | WP=1.14e+01 | GE=4.72e-05 | 
Amp=0.00e+00 | Total=8.63e+01
    63.1s | Epoch   200 | BTE=6.08e+00 | Energy=1.06e+00 | BC=1.80e-04 | 
IC_n=4.16e-03 | IC_T=0.00e+00 | dT=0.00e+00 | WP=1.99e+01 | GE=3.00e-04 | 
Amp=0.00e+00 | Total=2.70e+01
   125.2s | Epoch   400 | BTE=3.69e+00 | Energy=6.74e-01 | BC=2.20e-04 | 
IC_n=3.59e-03 | IC_T=0.00e+00 | dT=0.00e+00 | WP=2.16e+01 | GE=6.54e-04 | 
Amp=0.00e+00 | Total=2.60e+01
   188.2s | Epoch   600 | BTE=2.76e+00 | Energy=4.16e-01 | BC=1.24e-04 | 
IC_n=3.99e-03 | IC_T=0.00e+00 | dT=0.00e+00 | WP=2.25e+01 | GE=6.21e-04 | 
Amp=0.00e+00 | Total=2.56e+01
   251.5s | Epoch   800 | BTE=2.31e+00 | Energy=2.28e-01 | BC=4.66e-05 | 
IC_n=4.76e-03 | IC_T=0.00e+00 | dT=0.00e+00 | WP=2.27e+01 | GE=9.39e-05 | 
Amp=0.00e+00 | Total=2.52e+01
   314.4s | Epoch  1000 | BTE=1.92e+00 | Energy=2.01e-01 | BC=6.12e-05 | 
IC_n=5.60e-03 | IC_T=0.00e+00 | dT=0.00e+00 | WP=2.28e+01 | GE=1.52e-05 | 
Amp=0.00e+00 | Total=2.49e+01
   377.1s | Epoch  1200 | BTE=1.79e+00 | Energy=1.96e-01 | BC=8.96e-05 | 
IC_n=5.88e-03 | IC_T=0.00e+00 | dT=0.00e+00 | WP=2.28e+01 | GE=1.51e-04 | 
Amp=0.00e+00 | Total=2.48e+01
   439.4s | Epoch  1400 | BTE=1.71e+00 | Energy=2.08e-01 | BC=1.25e-04 | 
IC_n=5.84e-03 | IC_T=0.00e+00 | dT=0.00e+00 | WP=2.27e+01 | GE=1.80e-04 | 
Amp=0.00e+00 | Total=2.46e+01
   501.5s | Epoch  1600 | BTE=1.68e+00 | Energy=1.98e-01 | BC=1.58e-04 | 
IC_n=5.74e-03 | IC_T=0.00e+00 | dT=0.00e+00 | WP=2.26e+01 | GE=5.89e-04 | 
Amp=0.00e+00 | Total=2.45e+01
   564.9s | Epoch  1800 | BTE=1.63e+00 | Energy=1.85e-01 | BC=2.19e-04 | 
IC_n=5.66e-03 | IC_T=0.00e+00 | dT=0.00e+00 | WP=2.26e+01 | GE=2.89e-05 | 
Amp=0.00e+00 | Total=2.44e+01
   626.9s | Epoch  2000 | BTE=1.60e+00 | Energy=2.10e-01 | BC=3.14e-04 | 
IC_n=5.47e-03 | IC_T=0.00e+00 | dT=0.00e+00 | WP=2.25e+01 | GE=8.36e-05 | 
Amp=0.00e+00 | Total=2.43e+01
   690.1s | Epoch  2200 | BTE=1.56e+00 | Energy=1.87e-01 | BC=4.39e-04 | 
IC_n=5.30e-03 | IC_T=0.00e+00 | dT=0.00e+00 | WP=2.24e+01 | GE=4.81e-05 | 
Amp=0.00e+00 | Total=2.41e+01
   752.1s | Epoch  2400 | BTE=1.49e+00 | Energy=1.84e-01 | BC=5.97e-04 | 
IC_n=5.50e-03 | IC_T=0.00e+00 | dT=0.00e+00 | WP=2.23e+01 | GE=2.31e-05 | 
Amp=0.00e+00 | Total=2.39e+01
   814.1s | Epoch  2600 | BTE=1.44e+00 | Energy=1.98e-01 | BC=8.26e-04 | 
IC_n=5.60e-03 | IC_T=0.00e+00 | dT=0.00e+00 | WP=2.21e+01 | GE=2.06e-04 | 
Amp=0.00e+00 | Total=2.38e+01
   876.5s | Epoch  2800 | BTE=1.38e+00 | Energy=1.95e-01 | BC=1.06e-03 | 
IC_n=5.23e-03 | IC_T=0.00e+00 | dT=0.00e+00 | WP=2.18e+01 | GE=5.10e-04 | 
Amp=0.00e+00 | Total=2.34e+01
   938.9s | Epoch  3000 | BTE=1.30e+00 | Energy=2.08e-01 | BC=1.42e-03 | 
IC_n=5.28e-03 | IC_T=0.00e+00 | dT=0.00e+00 | WP=2.16e+01 | GE=7.94e-09 | 
Amp=0.00e+00 | Total=2.31e+01
  1001.6s | Epoch  3200 | BTE=1.22e+00 | Energy=1.91e-01 | BC=1.76e-03 | 
IC_n=5.43e-03 | IC_T=0.00e+00 | dT=0.00e+00 | WP=2.14e+01 | GE=2.42e-04 | 
Amp=0.00e+00 | Total=2.28e+01
  1065.0s | Epoch  3400 | BTE=1.14e+00 | Energy=2.13e-01 | BC=2.08e-03 | 
IC_n=5.31e-03 | IC_T=0.00e+00 | dT=0.00e+00 | WP=2.12e+01 | GE=1.51e-05 | 
Amp=0.00e+00 | Total=2.26e+01
  1127.3s | Epoch  3600 | BTE=1.10e+00 | Energy=1.78e-01 | BC=2.54e-03 | 
IC_n=5.77e-03 | IC_T=0.00e+00 | dT=0.00e+00 | WP=2.11e+01 | GE=4.82e-05 | 
Amp=0.00e+00 | Total=2.24e+01
  1191.1s | Epoch  3800 | BTE=1.02e+00 | Energy=1.71e-01 | BC=2.95e-03 | 
IC_n=5.62e-03 | IC_T=0.00e+00 | dT=0.00e+00 | WP=2.10e+01 | GE=3.66e-04 | 
Amp=0.00e+00 | Total=2.22e+01
  1253.2s | Epoch  4000 | BTE=9.91e-01 | Energy=1.87e-01 | BC=3.23e-03 | 
IC_n=5.09e-03 | IC_T=0.00e+00 | dT=0.00e+00 | WP=2.09e+01 | GE=6.64e-04 | 
Amp=0.00e+00 | Total=2.21e+01
  1315.4s | Epoch  4200 | BTE=8.97e-01 | Energy=1.85e-01 | BC=3.71e-03 | 
IC_n=5.82e-03 | IC_T=0.00e+00 | dT=0.00e+00 | WP=2.09e+01 | GE=1.35e-03 | 
Amp=0.00e+00 | Total=2.20e+01
  1377.9s | Epoch  4400 | BTE=8.10e-01 | Energy=1.59e-01 | BC=4.07e-03 | 
IC_n=5.85e-03 | IC_T=0.00e+00 | dT=0.00e+00 | WP=2.08e+01 | GE=7.48e-04 | 
Amp=0.00e+00 | Total=2.17e+01
  1439.9s | Epoch  4600 | BTE=7.53e-01 | Energy=1.68e-01 | BC=4.50e-03 | 
IC_n=5.91e-03 | IC_T=0.00e+00 | dT=0.00e+00 | WP=2.07e+01 | GE=2.74e-04 | 
Amp=0.00e+00 | Total=2.16e+01
  1501.4s | Epoch  4800 | BTE=7.02e-01 | Energy=1.42e-01 | BC=4.67e-03 | 
IC_n=5.96e-03 | IC_T=0.00e+00 | dT=0.00e+00 | WP=2.03e+01 | GE=6.87e-05 | 
Amp=0.00e+00 | Total=2.12e+01
  1565.4s | Epoch  5000 | BTE=6.54e-01 | Energy=1.66e-01 | BC=4.76e-03 | 
IC_n=5.76e-03 | IC_T=0.00e+00 | dT=0.00e+00 | WP=2.01e+01 | GE=6.56e-05 | 
Amp=0.00e+00 | Total=2.09e+01
  1628.1s | Epoch  5200 | BTE=6.17e-01 | Energy=2.16e-01 | BC=4.63e-03 | 
IC_n=5.46e-03 | IC_T=0.00e+00 | dT=0.00e+00 | WP=1.99e+01 | GE=1.99e-04 | 
Amp=0.00e+00 | Total=2.07e+01
  1690.6s | Epoch  5400 | BTE=5.63e-01 | Energy=1.45e-01 | BC=4.82e-03 | 
IC_n=5.76e-03 | IC_T=0.00e+00 | dT=0.00e+00 | WP=1.95e+01 | GE=1.92e-05 | 
Amp=0.00e+00 | Total=2.03e+01
  1754.1s | Epoch  5600 | BTE=5.41e-01 | Energy=1.20e-01 | BC=4.80e-03 | 
IC_n=5.62e-03 | IC_T=0.00e+00 | dT=0.00e+00 | WP=1.91e+01 | GE=6.20e-04 | 
Amp=0.00e+00 | Total=1.98e+01
  1818.6s | Epoch  5800 | BTE=5.04e-01 | Energy=1.17e-01 | BC=4.82e-03 | 
IC_n=5.69e-03 | IC_T=0.00e+00 | dT=0.00e+00 | WP=1.88e+01 | GE=1.02e-03 | 
Amp=0.00e+00 | Total=1.94e+01
  1882.2s | Epoch  6000 | BTE=4.65e-01 | Energy=1.12e-01 | BC=4.73e-03 | 
IC_n=5.52e-03 | IC_T=0.00e+00 | dT=0.00e+00 | WP=1.84e+01 | GE=6.25e-05 | 
Amp=0.00e+00 | Total=1.90e+01
  1944.3s | Epoch  6200 | BTE=4.49e-01 | Energy=1.09e-01 | BC=4.83e-03 | 
IC_n=5.34e-03 | IC_T=0.00e+00 | dT=0.00e+00 | WP=1.81e+01 | GE=9.44e-06 | 
Amp=0.00e+00 | Total=1.87e+01
  2005.9s | Epoch  6400 | BTE=4.18e-01 | Energy=1.08e-01 | BC=4.72e-03 | 
IC_n=5.67e-03 | IC_T=0.00e+00 | dT=0.00e+00 | WP=1.78e+01 | GE=1.20e-03 | 
Amp=0.00e+00 | Total=1.84e+01
  2069.8s | Epoch  6600 | BTE=4.09e-01 | Energy=1.19e-01 | BC=4.83e-03 | 
IC_n=5.43e-03 | IC_T=0.00e+00 | dT=0.00e+00 | WP=1.77e+01 | GE=4.48e-05 | 
Amp=0.00e+00 | Total=1.82e+01
  2132.5s | Epoch  6800 | BTE=3.90e-01 | Energy=9.83e-02 | BC=4.77e-03 | 
IC_n=5.51e-03 | IC_T=0.00e+00 | dT=0.00e+00 | WP=1.74e+01 | GE=3.08e-04 | 
Amp=0.00e+00 | Total=1.79e+01
  2195.4s | Epoch  7000 | BTE=3.67e-01 | Energy=1.05e-01 | BC=4.77e-03 | 
IC_n=5.55e-03 | IC_T=0.00e+00 | dT=0.00e+00 | WP=1.72e+01 | GE=3.17e-05 | 
Amp=0.00e+00 | Total=1.77e+01
  2257.7s | Epoch  7200 | BTE=3.63e-01 | Energy=1.00e-01 | BC=4.77e-03 | 
IC_n=5.54e-03 | IC_T=0.00e+00 | dT=0.00e+00 | WP=1.70e+01 | GE=1.69e-04 | 
Amp=0.00e+00 | Total=1.75e+01
  2321.0s | Epoch  7400 | BTE=3.52e-01 | Energy=1.03e-01 | BC=4.78e-03 | 
IC_n=5.45e-03 | IC_T=0.00e+00 | dT=0.00e+00 | WP=1.69e+01 | GE=1.56e-04 | 
Amp=0.00e+00 | Total=1.74e+01
  2384.0s | Epoch  7600 | BTE=3.43e-01 | Energy=8.83e-02 | BC=4.80e-03 | 
IC_n=5.49e-03 | IC_T=0.00e+00 | dT=0.00e+00 | WP=1.67e+01 | GE=1.00e-04 | 
Amp=0.00e+00 | Total=1.72e+01
  2447.2s | Epoch  7800 | BTE=3.42e-01 | Energy=8.74e-02 | BC=4.85e-03 | 
IC_n=5.70e-03 | IC_T=0.00e+00 | dT=0.00e+00 | WP=1.67e+01 | GE=1.08e-04 | 
Amp=0.00e+00 | Total=1.71e+01
  2510.7s | Epoch  8000 | BTE=3.30e-01 | Energy=1.02e-01 | BC=4.77e-03 | 
IC_n=5.53e-03 | IC_T=0.00e+00 | dT=0.00e+00 | WP=1.65e+01 | GE=8.33e-05 | 
Amp=0.00e+00 | Total=1.70e+01
  2573.5s | Epoch  8200 | BTE=3.24e-01 | Energy=9.10e-02 | BC=4.68e-03 | 
IC_n=5.54e-03 | IC_T=0.00e+00 | dT=0.00e+00 | WP=1.63e+01 | GE=2.52e-05 | 
Amp=0.00e+00 | Total=1.68e+01
  2635.7s | Epoch  8400 | BTE=3.19e-01 | Energy=1.03e-01 | BC=4.70e-03 | 
IC_n=5.50e-03 | IC_T=0.00e+00 | dT=0.00e+00 | WP=1.62e+01 | GE=4.76e-04 | 
Amp=0.00e+00 | Total=1.66e+01
  2697.4s | Epoch  8600 | BTE=3.16e-01 | Energy=9.38e-02 | BC=4.53e-03 | 
IC_n=5.54e-03 | IC_T=0.00e+00 | dT=0.00e+00 | WP=1.61e+01 | GE=1.06e-04 | 
Amp=0.00e+00 | Total=1.65e+01
  2760.8s | Epoch  8800 | BTE=3.02e-01 | Energy=8.26e-02 | BC=4.62e-03 | 
IC_n=5.62e-03 | IC_T=0.00e+00 | dT=0.00e+00 | WP=1.60e+01 | GE=5.08e-04 | 
Amp=0.00e+00 | Total=1.64e+01
  2824.4s | Epoch  9000 | BTE=2.98e-01 | Energy=8.19e-02 | BC=4.64e-03 | 
IC_n=5.55e-03 | IC_T=0.00e+00 | dT=0.00e+00 | WP=1.59e+01 | GE=5.19e-05 | 
Amp=0.00e+00 | Total=1.63e+01
  2886.1s | Epoch  9200 | BTE=2.95e-01 | Energy=8.80e-02 | BC=4.59e-03 | 
IC_n=5.62e-03 | IC_T=0.00e+00 | dT=0.00e+00 | WP=1.58e+01 | GE=8.25e-05 | 
Amp=0.00e+00 | Total=1.62e+01
  2949.3s | Epoch  9400 | BTE=2.94e-01 | Energy=7.15e-02 | BC=4.64e-03 | 
IC_n=5.71e-03 | IC_T=0.00e+00 | dT=0.00e+00 | WP=1.58e+01 | GE=2.66e-05 | 
Amp=0.00e+00 | Total=1.62e+01
  3012.4s | Epoch  9600 | BTE=2.88e-01 | Energy=7.52e-02 | BC=4.64e-03 | 
IC_n=5.75e-03 | IC_T=0.00e+00 | dT=0.00e+00 | WP=1.57e+01 | GE=9.51e-05 | 
Amp=0.00e+00 | Total=1.61e+01
  3073.9s | Epoch  9800 | BTE=2.81e-01 | Energy=6.87e-02 | BC=4.61e-03 | 
IC_n=5.72e-03 | IC_T=0.00e+00 | dT=0.00e+00 | WP=1.56e+01 | GE=7.44e-05 | 
Amp=0.00e+00 | Total=1.60e+01
  3137.5s | Epoch 10000 | BTE=2.80e-01 | Energy=7.74e-02 | BC=4.56e-03 | 
IC_n=5.68e-03 | IC_T=0.00e+00 | dT=0.00e+00 | WP=1.55e+01 | GE=4.05e-04 | 
Amp=0.00e+00 | Total=1.59e+01
  3200.4s | Epoch 10200 | BTE=2.74e-01 | Energy=6.55e-02 | BC=4.65e-03 | 
IC_n=5.67e-03 | IC_T=0.00e+00 | dT=0.00e+00 | WP=1.54e+01 | GE=3.94e-04 | 
Amp=0.00e+00 | Total=1.58e+01
  3263.4s | Epoch 10400 | BTE=2.69e-01 | Energy=6.72e-02 | BC=4.64e-03 | 
IC_n=5.83e-03 | IC_T=0.00e+00 | dT=0.00e+00 | WP=1.54e+01 | GE=1.26e-04 | 
Amp=0.00e+00 | Total=1.58e+01
  3325.7s | Epoch 10600 | BTE=2.68e-01 | Energy=6.42e-02 | BC=4.65e-03 | 
IC_n=5.69e-03 | IC_T=0.00e+00 | dT=0.00e+00 | WP=1.53e+01 | GE=4.16e-04 | 
Amp=0.00e+00 | Total=1.57e+01
  3388.7s | Epoch 10800 | BTE=2.68e-01 | Energy=6.40e-02 | BC=4.65e-03 | 
IC_n=5.68e-03 | IC_T=0.00e+00 | dT=0.00e+00 | WP=1.53e+01 | GE=1.53e-03 | 
Amp=0.00e+00 | Total=1.56e+01
  3451.5s | Epoch 11000 | BTE=2.67e-01 | Energy=6.74e-02 | BC=4.59e-03 | 
IC_n=5.78e-03 | IC_T=0.00e+00 | dT=0.00e+00 | WP=1.52e+01 | GE=2.19e-04 | 
Amp=0.00e+00 | Total=1.55e+01
  3512.6s | Epoch 11200 | BTE=2.61e-01 | Energy=6.09e-02 | BC=4.65e-03 | 
IC_n=5.72e-03 | IC_T=0.00e+00 | dT=0.00e+00 | WP=1.52e+01 | GE=5.10e-04 | 
Amp=0.00e+00 | Total=1.55e+01
  3574.7s | Epoch 11400 | BTE=2.63e-01 | Energy=6.47e-02 | BC=4.64e-03 | 
IC_n=5.69e-03 | IC_T=0.00e+00 | dT=0.00e+00 | WP=1.51e+01 | GE=4.82e-04 | 
Amp=0.00e+00 | Total=1.55e+01
  3636.5s | Epoch 11600 | BTE=2.59e-01 | Energy=6.21e-02 | BC=4.70e-03 | 
IC_n=5.70e-03 | IC_T=0.00e+00 | dT=0.00e+00 | WP=1.51e+01 | GE=4.98e-05 | 
Amp=0.00e+00 | Total=1.54e+01
  3699.2s | Epoch 11800 | BTE=2.58e-01 | Energy=6.20e-02 | BC=4.66e-03 | 
IC_n=5.70e-03 | IC_T=0.00e+00 | dT=0.00e+00 | WP=1.50e+01 | GE=1.04e-04 | 
Amp=0.00e+00 | Total=1.54e+01
  3762.5s | Epoch 12000 | BTE=2.60e-01 | Energy=6.16e-02 | BC=4.71e-03 | 
IC_n=5.65e-03 | IC_T=0.00e+00 | dT=0.00e+00 | WP=1.50e+01 | GE=1.40e-04 | 
Amp=0.00e+00 | Total=1.54e+01
  3826.4s | Epoch 12200 | BTE=2.54e-01 | Energy=5.93e-02 | BC=4.68e-03 | 
IC_n=5.70e-03 | IC_T=0.00e+00 | dT=0.00e+00 | WP=1.50e+01 | GE=4.97e-04 | 
Amp=0.00e+00 | Total=1.53e+01
  3888.0s | Epoch 12400 | BTE=2.56e-01 | Energy=5.85e-02 | BC=4.66e-03 | 
IC_n=5.56e-03 | IC_T=0.00e+00 | dT=0.00e+00 | WP=1.49e+01 | GE=1.38e-04 | 
Amp=0.00e+00 | Total=1.53e+01
  3950.9s | Epoch 12600 | BTE=2.55e-01 | Energy=5.68e-02 | BC=4.65e-03 | 
IC_n=5.69e-03 | IC_T=0.00e+00 | dT=0.00e+00 | WP=1.49e+01 | GE=1.65e-06 | 
Amp=0.00e+00 | Total=1.52e+01
  4012.1s | Epoch 12800 | BTE=2.53e-01 | Energy=5.81e-02 | BC=4.64e-03 | 
IC_n=5.70e-03 | IC_T=0.00e+00 | dT=0.00e+00 | WP=1.49e+01 | GE=2.32e-04 | 
Amp=0.00e+00 | Total=1.52e+01
  4075.2s | Epoch 13000 | BTE=2.55e-01 | Energy=5.66e-02 | BC=4.61e-03 | 
IC_n=5.68e-03 | IC_T=0.00e+00 | dT=0.00e+00 | WP=1.49e+01 | GE=4.13e-04 | 
Amp=0.00e+00 | Total=1.52e+01
  4139.0s | Epoch 13200 | BTE=2.53e-01 | Energy=5.66e-02 | BC=4.72e-03 | 
IC_n=5.67e-03 | IC_T=0.00e+00 | dT=0.00e+00 | WP=1.48e+01 | GE=3.36e-04 | 
Amp=0.00e+00 | Total=1.52e+01
  4201.9s | Epoch 13400 | BTE=2.50e-01 | Energy=5.58e-02 | BC=4.64e-03 | 
IC_n=5.67e-03 | IC_T=0.00e+00 | dT=0.00e+00 | WP=1.48e+01 | GE=1.15e-04 | 
Amp=0.00e+00 | Total=1.51e+01
  4264.7s | Epoch 13600 | BTE=2.49e-01 | Energy=5.65e-02 | BC=4.65e-03 | 
IC_n=5.74e-03 | IC_T=0.00e+00 | dT=0.00e+00 | WP=1.48e+01 | GE=9.66e-05 | 
Amp=0.00e+00 | Total=1.51e+01
  4327.4s | Epoch 13800 | BTE=2.51e-01 | Energy=5.58e-02 | BC=4.68e-03 | 
IC_n=5.65e-03 | IC_T=0.00e+00 | dT=0.00e+00 | WP=1.48e+01 | GE=4.34e-04 | 
Amp=0.00e+00 | Total=1.51e+01
  4389.8s | Epoch 14000 | BTE=2.50e-01 | Energy=5.60e-02 | BC=4.66e-03 | 
IC_n=5.71e-03 | IC_T=0.00e+00 | dT=0.00e+00 | WP=1.48e+01 | GE=5.99e-04 | 
Amp=0.00e+00 | Total=1.51e+01
  4451.2s | Epoch 14200 | BTE=2.48e-01 | Energy=5.63e-02 | BC=4.69e-03 | 
IC_n=5.66e-03 | IC_T=0.00e+00 | dT=0.00e+00 | WP=1.48e+01 | GE=3.48e-04 | 
Amp=0.00e+00 | Total=1.51e+01
  4514.2s | Epoch 14400 | BTE=2.48e-01 | Energy=5.63e-02 | BC=4.67e-03 | 
IC_n=5.66e-03 | IC_T=0.00e+00 | dT=0.00e+00 | WP=1.48e+01 | GE=1.99e-04 | 
Amp=0.00e+00 | Total=1.51e+01
  4576.0s | Epoch 14600 | BTE=2.47e-01 | Energy=5.52e-02 | BC=4.67e-03 | 
IC_n=5.67e-03 | IC_T=0.00e+00 | dT=0.00e+00 | WP=1.48e+01 | GE=1.49e-04 | 
Amp=0.00e+00 | Total=1.51e+01
  4639.7s | Epoch 14800 | BTE=2.50e-01 | Energy=5.59e-02 | BC=4.69e-03 | 
IC_n=5.64e-03 | IC_T=0.00e+00 | dT=0.00e+00 | WP=1.48e+01 | GE=4.34e-05 | 
Amp=0.00e+00 | Total=1.51e+01
╭───────────────────────────── Training Complete ──────────────────────────────╮
│   Time      4701.51s                                                         │
│   Output    runs/transient/1d_nongray_large_dt_0.01um_100K/20260707_112951   │
│   Saved     net_T_20260707_112951.pt                                         │
│   Saved     net_n_20260707_112951.pt                                         │
│   Saved     net_beta_20260707_112951.pt                                      │
╰──────────────────────────────────────────────────────────────────────────────╯
wandb: 
wandb: Run summary:
wandb: physics/local_dir runs/transient/1d_no...
wandb: 
wandb: You can sync this run to the cloud by running:
wandb: wandb sync /home/markoherkaliuk/src/pinn-bte-zoo/wandb/offline-run-20260707_112956-m98blmzu
wandb: Find logs at: ./wandb/offline-run-20260707_112956-m98blmzu/logs
Results saved to: 
runs/transient/1d_nongray_large_dt_0.01um_100K/20260707_112951/20260707_112951_r
esults.npz
  Generating visualizations...
Saved heatmap: runs/transient/1d_nongray_large_dt_0.01um_100K/20260707_112951/heatmap_20260707_112951.png
Saved snapshots: runs/transient/1d_nongray_large_dt_0.01um_100K/20260707_112951/snapshots_20260707_112951.png
Saved BC check: runs/transient/1d_nongray_large_dt_0.01um_100K/20260707_112951/bc_check_20260707_112951.png
Saved IC check: runs/transient/1d_nongray_large_dt_0.01um_100K/20260707_112951/ic_check_20260707_112951.png
Saved animation: runs/transient/1d_nongray_large_dt_0.01um_100K/20260707_112951/animation_20260707_112951.gif
  Saved: loss_20260707_112951.png
  Amplitude: A(0)=50.0000, A(end)=29.6657 (40.7% decay)
  Energy drift: 0.3839
  ⚠ Drift: mean(T)=0.384
  Saved: 
runs/transient/1d_nongray_large_dt_0.01um_100K/20260707_112951/amplitude_decay_2
0260707_112951.png

Done!
>>> archb1b arm=base-B-s1 done exit=0 Tue Jul  7 12:48:25 PM EEST 2026
>>> archb1b pilot arm=base-B-s2 Tue Jul  7 12:48:25 PM EEST 2026

Mode: nongray_large_dt - Mode-resolved with β-network, large ΔT (~100K)
[07/07/26 12:48:26] INFO     use_spectral_t=True: forcing use_hard_ic=False     
                             (spectral architecture handles IC by construction).
[07/07/26 12:48:26] INFO     use_spectral_t=True: forcing use_hard_ic=False     
                             (spectral architecture handles IC by construction).
                    INFO     Random seed set: 2                                 
                    INFO     Random seed set: 2                                 
[07/07/26 12:48:27] INFO     Lt from dom γ: 0.241 τ_ref (gray Lt was 84.493)    
[07/07/26 12:48:27] INFO     Lt from dom γ: 0.241 τ_ref (gray Lt was 84.493)    
                    INFO     Analytical Lt: A(Lt)=0.001 threshold,              
                             Lt_analytical=84.5τ, Lt_final=0.2τ                 
                    INFO     Analytical Lt: A(Lt)=0.001 threshold,              
                             Lt_analytical=84.5τ, Lt_final=0.2τ                 
                    INFO     Large ΔT model: L=0.0μm, ΔT=100.0K                 
                    INFO     Large ΔT model: L=0.0μm, ΔT=100.0K                 
                    INFO     Temperature range: [250K, 350K]                    
                    INFO     Temperature range: [250K, 350K]                    
                    INFO     Reference scales: v_ref=1.68e+00, τ_ref=6.05e-11   
                    INFO     Reference scales: v_ref=1.68e+00, τ_ref=6.05e-11   
                    INFO     Effective Kn=10.1522, Lt=0.2                       
                    INFO     Effective Kn=10.1522, Lt=0.2                       
                    INFO     Vectorized: ALL 60 modes × ALL 16 angles per epoch 
                    INFO     Vectorized: ALL 60 modes × ALL 16 angles per epoch 
                    INFO     Subsampling: 1800/3600 interior points per epoch   
                    INFO     Subsampling: 1800/3600 interior points per epoch   
[07/07/26 12:48:31] INFO     DOM γ-target (universal, all-L): grid [250,350]K,  
                             γ_no13 ∈ [3.96e+11,5.54e+11] Hz (replaces          
                             1/(1+Kn²))                                         
[07/07/26 12:48:31] INFO     DOM γ-target (universal, all-L): grid [250,350]K,  
                             γ_no13 ∈ [3.96e+11,5.54e+11] Hz (replaces          
                             1/(1+Kn²))                                         
                    INFO     dT/dt IC (large ΔT): target range [-8.101, 5.779]  
                             in [0,1] time                                      
                    INFO     dT/dt IC (large ΔT): target range [-8.101, 5.779]  
                             in [0,1] time                                      
                    INFO     Waypoints: 5 (uniform), weight=0.0, shape=rate     
                    INFO     Waypoints: 5 (uniform), weight=0.0, shape=rate     
                    INFO     Auto energy weight: 1.000 (grating Kn=63.7879,     
                             Kn_eff=10.1522)                                    
                    INFO     Auto energy weight: 1.000 (grating Kn=63.7879,     
                             Kn_eff=10.1522)                                    
[07/07/26 12:48:31] INFO     W&B tracking enabled: project=pinn-bte,            
                             group=transient_1d_nongray_large_dt                
                    INFO     W&B tracking enabled: project=pinn-bte,            
                             group=transient_1d_nongray_large_dt                

1D Nongray Large ΔT Transient BTE
  L = 0.01 μm, ΔT = 100.0 K
  T range: [250K, 350K]
  Kn_eff = 10.1522
  Epochs: 15000 (β: 200)
  Output: runs/transient/1d_nongray_large_dt_0.01um_100K/20260707_124826
                    INFO     Logging to:                                        
                             runs/transient/1d_nongray_large_dt_0.01um_100K/2026
                             0707_124826/training_20260707_124826.log           
                    INFO     Logging to:                                        
                             runs/transient/1d_nongray_large_dt_0.01um_100K/2026
                             0707_124826/training_20260707_124826.log           
wandb: WARNING Using a boolean value for 'reinit' is deprecated. Use 'return_previous' or 'finish_previous' instead.
wandb: Tracking run with wandb version 0.24.1
wandb: W&B syncing is set to `offline` in this directory. Run `wandb online` or set WANDB_MODE=online to enable cloud syncing.
wandb: Run data is saved locally in /home/markoherkaliuk/src/pinn-bte-zoo/wandb/offline-run-20260707_124831-kz2cye94
[07/07/26 12:48:32] INFO     Started W&B run: tr_1d_ng_L0.01um_dT100K ·         
                             20260707_124826 (kz2cye94)                         
[07/07/26 12:48:32] INFO     Started W&B run: tr_1d_ng_L0.01um_dT100K ·         
                             20260707_124826 (kz2cye94)                         

Phase 1: Pretraining β-network
  Temperature range: [250K, 350K]
  Epochs: 200
     0.2s | Epoch     0 | β Loss = 6.82e-01
  β pretraining complete! Final loss: 9.45e-02
╭───────────────────────────── Starting Training ──────────────────────────────╮
│   Mode      Transient_Nongray_LargeDT                                        │
│   Epochs    15000                                                            │
│   Device    cuda                                                             │
│   Run ID    20260707_124826                                                  │
╰──────────────────────────────────────────────────────────────────────────────╯

Phase 2: BTE Training
  L = 0.0 μm, ΔT = 100.0K
  T range: [250K, 350K]
  Kn_eff = 10.1522
  τ(T) model = holland (full branch-resolved Holland--Callaway)
  Waypoints: 5 (uniform), weight=0.0
  ALL 60 modes × ALL 16 angles (vectorized)
  Epochs: 15000
     0.6s | Epoch     0 | BTE=1.18e+01 | Energy=1.24e+02 | BC=2.31e-03 | 
IC_n=2.31e-03 | IC_T=0.00e+00 | dT=0.00e+00 | WP=1.78e+01 | GE=2.68e-04 | 
Amp=0.00e+00 | Total=1.53e+02
    62.9s | Epoch   200 | BTE=7.10e+00 | Energy=8.62e-01 | BC=3.96e-04 | 
IC_n=1.19e-03 | IC_T=0.00e+00 | dT=0.00e+00 | WP=2.03e+01 | GE=4.59e-05 | 
Amp=0.00e+00 | Total=2.82e+01
   123.7s | Epoch   400 | BTE=5.48e+00 | Energy=6.27e-01 | BC=5.24e-04 | 
IC_n=2.08e-03 | IC_T=0.00e+00 | dT=0.00e+00 | WP=2.08e+01 | GE=1.08e-03 | 
Amp=0.00e+00 | Total=2.69e+01
   187.2s | Epoch   600 | BTE=3.51e+00 | Energy=5.48e-01 | BC=5.85e-05 | 
IC_n=1.32e-03 | IC_T=0.00e+00 | dT=0.00e+00 | WP=2.12e+01 | GE=4.67e-04 | 
Amp=0.00e+00 | Total=2.53e+01
   250.9s | Epoch   800 | BTE=2.80e+00 | Energy=2.82e-01 | BC=2.49e-05 | 
IC_n=2.06e-03 | IC_T=0.00e+00 | dT=0.00e+00 | WP=2.22e+01 | GE=3.41e-05 | 
Amp=0.00e+00 | Total=2.53e+01
   314.4s | Epoch  1000 | BTE=2.39e+00 | Energy=1.59e-01 | BC=1.54e-05 | 
IC_n=3.00e-03 | IC_T=0.00e+00 | dT=0.00e+00 | WP=2.27e+01 | GE=2.64e-04 | 
Amp=0.00e+00 | Total=2.53e+01
   375.3s | Epoch  1200 | BTE=2.02e+00 | Energy=1.79e-01 | BC=2.94e-05 | 
IC_n=4.36e-03 | IC_T=0.00e+00 | dT=0.00e+00 | WP=2.29e+01 | GE=1.75e-03 | 
Amp=0.00e+00 | Total=2.51e+01
   438.3s | Epoch  1400 | BTE=1.78e+00 | Energy=1.18e-01 | BC=3.98e-05 | 
IC_n=4.35e-03 | IC_T=0.00e+00 | dT=0.00e+00 | WP=2.30e+01 | GE=3.06e-04 | 
Amp=0.00e+00 | Total=2.49e+01
   500.9s | Epoch  1600 | BTE=1.66e+00 | Energy=1.24e-01 | BC=5.42e-05 | 
IC_n=4.69e-03 | IC_T=0.00e+00 | dT=0.00e+00 | WP=2.29e+01 | GE=1.47e-04 | 
Amp=0.00e+00 | Total=2.47e+01
   564.0s | Epoch  1800 | BTE=1.58e+00 | Energy=2.61e-01 | BC=6.95e-05 | 
IC_n=5.17e-03 | IC_T=0.00e+00 | dT=0.00e+00 | WP=2.29e+01 | GE=4.77e-04 | 
Amp=0.00e+00 | Total=2.48e+01
   625.4s | Epoch  2000 | BTE=1.51e+00 | Energy=1.16e-01 | BC=7.29e-05 | 
IC_n=5.44e-03 | IC_T=0.00e+00 | dT=0.00e+00 | WP=2.28e+01 | GE=7.54e-05 | 
Amp=0.00e+00 | Total=2.44e+01
   687.2s | Epoch  2200 | BTE=1.49e+00 | Energy=1.07e-01 | BC=8.13e-05 | 
IC_n=5.35e-03 | IC_T=0.00e+00 | dT=0.00e+00 | WP=2.29e+01 | GE=9.98e-05 | 
Amp=0.00e+00 | Total=2.45e+01
   750.0s | Epoch  2400 | BTE=1.48e+00 | Energy=1.08e-01 | BC=7.74e-05 | 
IC_n=4.70e-03 | IC_T=0.00e+00 | dT=0.00e+00 | WP=2.28e+01 | GE=1.38e-04 | 
Amp=0.00e+00 | Total=2.44e+01
   813.6s | Epoch  2600 | BTE=1.42e+00 | Energy=1.09e-01 | BC=9.58e-05 | 
IC_n=4.94e-03 | IC_T=0.00e+00 | dT=0.00e+00 | WP=2.28e+01 | GE=1.03e-04 | 
Amp=0.00e+00 | Total=2.43e+01
   876.2s | Epoch  2800 | BTE=1.44e+00 | Energy=9.78e-02 | BC=1.04e-04 | 
IC_n=4.27e-03 | IC_T=0.00e+00 | dT=0.00e+00 | WP=2.29e+01 | GE=1.14e-03 | 
Amp=0.00e+00 | Total=2.44e+01
   939.5s | Epoch  3000 | BTE=1.39e+00 | Energy=1.98e-01 | BC=1.07e-04 | 
IC_n=4.67e-03 | IC_T=0.00e+00 | dT=0.00e+00 | WP=2.28e+01 | GE=1.90e-04 | 
Amp=0.00e+00 | Total=2.44e+01
  1002.4s | Epoch  3200 | BTE=1.37e+00 | Energy=1.03e-01 | BC=1.21e-04 | 
IC_n=4.65e-03 | IC_T=0.00e+00 | dT=0.00e+00 | WP=2.28e+01 | GE=1.32e-03 | 
Amp=0.00e+00 | Total=2.43e+01
  1064.8s | Epoch  3400 | BTE=1.36e+00 | Energy=1.07e-01 | BC=1.21e-04 | 
IC_n=3.91e-03 | IC_T=0.00e+00 | dT=0.00e+00 | WP=2.28e+01 | GE=3.92e-04 | 
Amp=0.00e+00 | Total=2.43e+01
  1126.9s | Epoch  3600 | BTE=1.29e+00 | Energy=1.03e-01 | BC=1.55e-04 | 
IC_n=4.50e-03 | IC_T=0.00e+00 | dT=0.00e+00 | WP=2.28e+01 | GE=1.11e-03 | 
Amp=0.00e+00 | Total=2.42e+01
  1190.9s | Epoch  3800 | BTE=1.29e+00 | Energy=1.00e-01 | BC=1.76e-04 | 
IC_n=4.88e-03 | IC_T=0.00e+00 | dT=0.00e+00 | WP=2.28e+01 | GE=1.12e-03 | 
Amp=0.00e+00 | Total=2.42e+01
  1253.0s | Epoch  4000 | BTE=1.24e+00 | Energy=9.34e-02 | BC=2.04e-04 | 
IC_n=4.16e-03 | IC_T=0.00e+00 | dT=0.00e+00 | WP=2.28e+01 | GE=1.58e-04 | 
Amp=0.00e+00 | Total=2.42e+01
  1314.6s | Epoch  4200 | BTE=1.20e+00 | Energy=9.24e-02 | BC=2.42e-04 | 
IC_n=5.04e-03 | IC_T=0.00e+00 | dT=0.00e+00 | WP=2.28e+01 | GE=2.01e-04 | 
Amp=0.00e+00 | Total=2.41e+01
  1378.2s | Epoch  4400 | BTE=1.14e+00 | Energy=8.71e-02 | BC=2.75e-04 | 
IC_n=4.23e-03 | IC_T=0.00e+00 | dT=0.00e+00 | WP=2.28e+01 | GE=2.12e-04 | 
Amp=0.00e+00 | Total=2.40e+01
  1441.5s | Epoch  4600 | BTE=1.10e+00 | Energy=1.09e-01 | BC=3.18e-04 | 
IC_n=4.92e-03 | IC_T=0.00e+00 | dT=0.00e+00 | WP=2.27e+01 | GE=3.55e-05 | 
Amp=0.00e+00 | Total=2.39e+01
  1504.7s | Epoch  4800 | BTE=1.08e+00 | Energy=1.03e-01 | BC=4.36e-04 | 
IC_n=5.59e-03 | IC_T=0.00e+00 | dT=0.00e+00 | WP=2.26e+01 | GE=1.97e-04 | 
Amp=0.00e+00 | Total=2.38e+01
  1565.6s | Epoch  5000 | BTE=1.01e+00 | Energy=1.01e-01 | BC=4.73e-04 | 
IC_n=5.41e-03 | IC_T=0.00e+00 | dT=0.00e+00 | WP=2.25e+01 | GE=5.40e-05 | 
Amp=0.00e+00 | Total=2.36e+01
  1626.9s | Epoch  5200 | BTE=9.75e-01 | Energy=1.03e-01 | BC=5.55e-04 | 
IC_n=5.33e-03 | IC_T=0.00e+00 | dT=0.00e+00 | WP=2.24e+01 | GE=1.63e-04 | 
Amp=0.00e+00 | Total=2.35e+01
  1689.2s | Epoch  5400 | BTE=9.39e-01 | Energy=1.07e-01 | BC=6.49e-04 | 
IC_n=5.41e-03 | IC_T=0.00e+00 | dT=0.00e+00 | WP=2.24e+01 | GE=6.73e-04 | 
Amp=0.00e+00 | Total=2.34e+01
  1749.9s | Epoch  5600 | BTE=9.05e-01 | Energy=1.03e-01 | BC=7.40e-04 | 
IC_n=5.58e-03 | IC_T=0.00e+00 | dT=0.00e+00 | WP=2.23e+01 | GE=5.33e-05 | 
Amp=0.00e+00 | Total=2.34e+01
  1811.3s | Epoch  5800 | BTE=8.65e-01 | Energy=1.07e-01 | BC=8.34e-04 | 
IC_n=5.52e-03 | IC_T=0.00e+00 | dT=0.00e+00 | WP=2.23e+01 | GE=2.54e-04 | 
Amp=0.00e+00 | Total=2.33e+01
  1872.2s | Epoch  6000 | BTE=8.32e-01 | Energy=1.00e-01 | BC=8.87e-04 | 
IC_n=5.33e-03 | IC_T=0.00e+00 | dT=0.00e+00 | WP=2.23e+01 | GE=2.83e-04 | 
Amp=0.00e+00 | Total=2.32e+01
  1932.7s | Epoch  6200 | BTE=8.37e-01 | Energy=9.66e-02 | BC=9.26e-04 | 
IC_n=4.64e-03 | IC_T=0.00e+00 | dT=0.00e+00 | WP=2.22e+01 | GE=1.59e-04 | 
Amp=0.00e+00 | Total=2.31e+01
  1994.7s | Epoch  6400 | BTE=8.03e-01 | Energy=9.57e-02 | BC=1.01e-03 | 
IC_n=4.77e-03 | IC_T=0.00e+00 | dT=0.00e+00 | WP=2.22e+01 | GE=5.40e-04 | 
Amp=0.00e+00 | Total=2.31e+01
  2055.2s | Epoch  6600 | BTE=7.59e-01 | Energy=9.55e-02 | BC=1.20e-03 | 
IC_n=5.53e-03 | IC_T=0.00e+00 | dT=0.00e+00 | WP=2.21e+01 | GE=1.97e-04 | 
Amp=0.00e+00 | Total=2.30e+01
  2117.9s | Epoch  6800 | BTE=7.49e-01 | Energy=9.80e-02 | BC=1.31e-03 | 
IC_n=5.67e-03 | IC_T=0.00e+00 | dT=0.00e+00 | WP=2.21e+01 | GE=1.89e-04 | 
Amp=0.00e+00 | Total=2.29e+01
  2178.4s | Epoch  7000 | BTE=7.24e-01 | Energy=9.91e-02 | BC=1.42e-03 | 
IC_n=5.67e-03 | IC_T=0.00e+00 | dT=0.00e+00 | WP=2.20e+01 | GE=4.51e-04 | 
Amp=0.00e+00 | Total=2.28e+01
  2239.5s | Epoch  7200 | BTE=7.19e-01 | Energy=9.36e-02 | BC=1.41e-03 | 
IC_n=5.12e-03 | IC_T=0.00e+00 | dT=0.00e+00 | WP=2.20e+01 | GE=3.57e-04 | 
Amp=0.00e+00 | Total=2.28e+01
  2301.8s | Epoch  7400 | BTE=6.99e-01 | Energy=9.97e-02 | BC=1.46e-03 | 
IC_n=4.96e-03 | IC_T=0.00e+00 | dT=0.00e+00 | WP=2.19e+01 | GE=1.26e-05 | 
Amp=0.00e+00 | Total=2.27e+01
  2364.0s | Epoch  7600 | BTE=6.85e-01 | Energy=9.48e-02 | BC=1.58e-03 | 
IC_n=5.10e-03 | IC_T=0.00e+00 | dT=0.00e+00 | WP=2.19e+01 | GE=4.83e-04 | 
Amp=0.00e+00 | Total=2.27e+01
  2425.1s | Epoch  7800 | BTE=6.56e-01 | Energy=9.42e-02 | BC=1.80e-03 | 
IC_n=5.79e-03 | IC_T=0.00e+00 | dT=0.00e+00 | WP=2.17e+01 | GE=8.93e-07 | 
Amp=0.00e+00 | Total=2.25e+01
  2486.5s | Epoch  8000 | BTE=6.37e-01 | Energy=9.86e-02 | BC=1.89e-03 | 
IC_n=5.86e-03 | IC_T=0.00e+00 | dT=0.00e+00 | WP=2.17e+01 | GE=6.55e-05 | 
Amp=0.00e+00 | Total=2.24e+01
  2548.6s | Epoch  8200 | BTE=6.22e-01 | Energy=8.90e-02 | BC=1.96e-03 | 
IC_n=5.55e-03 | IC_T=0.00e+00 | dT=0.00e+00 | WP=2.15e+01 | GE=1.80e-05 | 
Amp=0.00e+00 | Total=2.22e+01
  2609.4s | Epoch  8400 | BTE=6.03e-01 | Energy=8.84e-02 | BC=1.95e-03 | 
IC_n=5.15e-03 | IC_T=0.00e+00 | dT=0.00e+00 | WP=2.14e+01 | GE=9.80e-04 | 
Amp=0.00e+00 | Total=2.21e+01
  2669.3s | Epoch  8600 | BTE=5.79e-01 | Energy=9.18e-02 | BC=2.05e-03 | 
IC_n=5.19e-03 | IC_T=0.00e+00 | dT=0.00e+00 | WP=2.13e+01 | GE=6.67e-04 | 
Amp=0.00e+00 | Total=2.19e+01
  2731.2s | Epoch  8800 | BTE=5.67e-01 | Energy=1.02e-01 | BC=2.16e-03 | 
IC_n=5.11e-03 | IC_T=0.00e+00 | dT=0.00e+00 | WP=2.12e+01 | GE=4.04e-04 | 
Amp=0.00e+00 | Total=2.18e+01
  2793.2s | Epoch  9000 | BTE=5.34e-01 | Energy=8.59e-02 | BC=2.27e-03 | 
IC_n=5.34e-03 | IC_T=0.00e+00 | dT=0.00e+00 | WP=2.10e+01 | GE=5.88e-04 | 
Amp=0.00e+00 | Total=2.16e+01
  2854.5s | Epoch  9200 | BTE=5.43e-01 | Energy=9.92e-02 | BC=2.18e-03 | 
IC_n=4.86e-03 | IC_T=0.00e+00 | dT=0.00e+00 | WP=2.08e+01 | GE=5.19e-04 | 
Amp=0.00e+00 | Total=2.14e+01
  2915.0s | Epoch  9400 | BTE=5.02e-01 | Energy=8.35e-02 | BC=2.44e-03 | 
IC_n=5.40e-03 | IC_T=0.00e+00 | dT=0.00e+00 | WP=2.06e+01 | GE=1.67e-04 | 
Amp=0.00e+00 | Total=2.12e+01
  2976.8s | Epoch  9600 | BTE=4.85e-01 | Energy=8.57e-02 | BC=2.45e-03 | 
IC_n=5.22e-03 | IC_T=0.00e+00 | dT=0.00e+00 | WP=2.05e+01 | GE=6.64e-04 | 
Amp=0.00e+00 | Total=2.11e+01
  3038.8s | Epoch  9800 | BTE=4.78e-01 | Energy=8.75e-02 | BC=2.46e-03 | 
IC_n=5.16e-03 | IC_T=0.00e+00 | dT=0.00e+00 | WP=2.03e+01 | GE=1.09e-03 | 
Amp=0.00e+00 | Total=2.09e+01
  3099.8s | Epoch 10000 | BTE=4.57e-01 | Energy=8.34e-02 | BC=2.65e-03 | 
IC_n=5.50e-03 | IC_T=0.00e+00 | dT=0.00e+00 | WP=2.02e+01 | GE=4.50e-04 | 
Amp=0.00e+00 | Total=2.07e+01
  3160.7s | Epoch 10200 | BTE=4.50e-01 | Energy=8.14e-02 | BC=2.63e-03 | 
IC_n=5.13e-03 | IC_T=0.00e+00 | dT=0.00e+00 | WP=2.00e+01 | GE=1.33e-03 | 
Amp=0.00e+00 | Total=2.06e+01
  3221.3s | Epoch 10400 | BTE=4.44e-01 | Energy=8.58e-02 | BC=2.62e-03 | 
IC_n=5.01e-03 | IC_T=0.00e+00 | dT=0.00e+00 | WP=1.99e+01 | GE=6.83e-05 | 
Amp=0.00e+00 | Total=2.04e+01
  3282.7s | Epoch 10600 | BTE=4.28e-01 | Energy=7.90e-02 | BC=2.75e-03 | 
IC_n=5.22e-03 | IC_T=0.00e+00 | dT=0.00e+00 | WP=1.98e+01 | GE=2.73e-04 | 
Amp=0.00e+00 | Total=2.03e+01
  3344.0s | Epoch 10800 | BTE=4.21e-01 | Energy=8.01e-02 | BC=2.81e-03 | 
IC_n=5.26e-03 | IC_T=0.00e+00 | dT=0.00e+00 | WP=1.96e+01 | GE=2.64e-04 | 
Amp=0.00e+00 | Total=2.01e+01
  3405.2s | Epoch 11000 | BTE=4.07e-01 | Energy=7.64e-02 | BC=2.92e-03 | 
IC_n=5.48e-03 | IC_T=0.00e+00 | dT=0.00e+00 | WP=1.95e+01 | GE=6.92e-04 | 
Amp=0.00e+00 | Total=2.00e+01
  3467.9s | Epoch 11200 | BTE=4.05e-01 | Energy=7.81e-02 | BC=2.97e-03 | 
IC_n=5.30e-03 | IC_T=0.00e+00 | dT=0.00e+00 | WP=1.94e+01 | GE=4.80e-05 | 
Amp=0.00e+00 | Total=1.99e+01
  3530.0s | Epoch 11400 | BTE=3.94e-01 | Energy=7.28e-02 | BC=3.07e-03 | 
IC_n=5.30e-03 | IC_T=0.00e+00 | dT=0.00e+00 | WP=1.92e+01 | GE=2.88e-04 | 
Amp=0.00e+00 | Total=1.97e+01
  3591.7s | Epoch 11600 | BTE=3.88e-01 | Energy=7.21e-02 | BC=3.09e-03 | 
IC_n=5.37e-03 | IC_T=0.00e+00 | dT=0.00e+00 | WP=1.91e+01 | GE=1.38e-05 | 
Amp=0.00e+00 | Total=1.96e+01
  3653.4s | Epoch 11800 | BTE=3.78e-01 | Energy=7.33e-02 | BC=3.17e-03 | 
IC_n=5.43e-03 | IC_T=0.00e+00 | dT=0.00e+00 | WP=1.90e+01 | GE=9.30e-04 | 
Amp=0.00e+00 | Total=1.94e+01
  3715.4s | Epoch 12000 | BTE=3.78e-01 | Energy=7.03e-02 | BC=3.17e-03 | 
IC_n=5.39e-03 | IC_T=0.00e+00 | dT=0.00e+00 | WP=1.88e+01 | GE=4.11e-07 | 
Amp=0.00e+00 | Total=1.93e+01
  3776.7s | Epoch 12200 | BTE=3.72e-01 | Energy=7.00e-02 | BC=3.29e-03 | 
IC_n=5.56e-03 | IC_T=0.00e+00 | dT=0.00e+00 | WP=1.87e+01 | GE=3.71e-04 | 
Amp=0.00e+00 | Total=1.92e+01
  3837.6s | Epoch 12400 | BTE=3.68e-01 | Energy=6.60e-02 | BC=3.28e-03 | 
IC_n=5.39e-03 | IC_T=0.00e+00 | dT=0.00e+00 | WP=1.86e+01 | GE=2.01e-08 | 
Amp=0.00e+00 | Total=1.91e+01
  3898.8s | Epoch 12600 | BTE=3.56e-01 | Energy=6.58e-02 | BC=3.35e-03 | 
IC_n=5.47e-03 | IC_T=0.00e+00 | dT=0.00e+00 | WP=1.85e+01 | GE=1.32e-04 | 
Amp=0.00e+00 | Total=1.90e+01
  3961.5s | Epoch 12800 | BTE=3.51e-01 | Energy=6.66e-02 | BC=3.38e-03 | 
IC_n=5.43e-03 | IC_T=0.00e+00 | dT=0.00e+00 | WP=1.84e+01 | GE=5.40e-04 | 
Amp=0.00e+00 | Total=1.88e+01
  4025.3s | Epoch 13000 | BTE=3.50e-01 | Energy=6.52e-02 | BC=3.42e-03 | 
IC_n=5.47e-03 | IC_T=0.00e+00 | dT=0.00e+00 | WP=1.83e+01 | GE=6.72e-04 | 
Amp=0.00e+00 | Total=1.87e+01
  4086.4s | Epoch 13200 | BTE=3.49e-01 | Energy=6.40e-02 | BC=3.44e-03 | 
IC_n=5.40e-03 | IC_T=0.00e+00 | dT=0.00e+00 | WP=1.83e+01 | GE=2.95e-04 | 
Amp=0.00e+00 | Total=1.87e+01
  4148.1s | Epoch 13400 | BTE=3.46e-01 | Energy=6.50e-02 | BC=3.47e-03 | 
IC_n=5.47e-03 | IC_T=0.00e+00 | dT=0.00e+00 | WP=1.82e+01 | GE=1.95e-04 | 
Amp=0.00e+00 | Total=1.86e+01
  4210.5s | Epoch 13600 | BTE=3.49e-01 | Energy=6.22e-02 | BC=3.50e-03 | 
IC_n=5.50e-03 | IC_T=0.00e+00 | dT=0.00e+00 | WP=1.81e+01 | GE=1.24e-04 | 
Amp=0.00e+00 | Total=1.85e+01
  4272.4s | Epoch 13800 | BTE=3.41e-01 | Energy=6.30e-02 | BC=3.50e-03 | 
IC_n=5.51e-03 | IC_T=0.00e+00 | dT=0.00e+00 | WP=1.81e+01 | GE=1.26e-04 | 
Amp=0.00e+00 | Total=1.85e+01
  4333.5s | Epoch 14000 | BTE=3.39e-01 | Energy=6.07e-02 | BC=3.50e-03 | 
IC_n=5.53e-03 | IC_T=0.00e+00 | dT=0.00e+00 | WP=1.81e+01 | GE=1.60e-05 | 
Amp=0.00e+00 | Total=1.85e+01
  4395.5s | Epoch 14200 | BTE=3.45e-01 | Energy=6.37e-02 | BC=3.52e-03 | 
IC_n=5.60e-03 | IC_T=0.00e+00 | dT=0.00e+00 | WP=1.80e+01 | GE=4.67e-04 | 
Amp=0.00e+00 | Total=1.85e+01
  4456.6s | Epoch 14400 | BTE=3.37e-01 | Energy=6.20e-02 | BC=3.49e-03 | 
IC_n=5.52e-03 | IC_T=0.00e+00 | dT=0.00e+00 | WP=1.80e+01 | GE=3.98e-04 | 
Amp=0.00e+00 | Total=1.84e+01
  4518.0s | Epoch 14600 | BTE=3.42e-01 | Energy=6.28e-02 | BC=3.52e-03 | 
IC_n=5.56e-03 | IC_T=0.00e+00 | dT=0.00e+00 | WP=1.80e+01 | GE=2.34e-04 | 
Amp=0.00e+00 | Total=1.84e+01
  4580.5s | Epoch 14800 | BTE=3.40e-01 | Energy=6.11e-02 | BC=3.51e-03 | 
IC_n=5.51e-03 | IC_T=0.00e+00 | dT=0.00e+00 | WP=1.80e+01 | GE=2.32e-04 | 
Amp=0.00e+00 | Total=1.84e+01
╭───────────────────────────── Training Complete ──────────────────────────────╮
│   Time      4641.78s                                                         │
│   Output    runs/transient/1d_nongray_large_dt_0.01um_100K/20260707_124826   │
│   Saved     net_T_20260707_124826.pt                                         │
│   Saved     net_n_20260707_124826.pt                                         │
│   Saved     net_beta_20260707_124826.pt                                      │
╰──────────────────────────────────────────────────────────────────────────────╯
wandb: 
wandb: Run summary:
wandb: physics/local_dir runs/transient/1d_no...
wandb: 
wandb: You can sync this run to the cloud by running:
wandb: wandb sync /home/markoherkaliuk/src/pinn-bte-zoo/wandb/offline-run-20260707_124831-kz2cye94
wandb: Find logs at: ./wandb/offline-run-20260707_124831-kz2cye94/logs
Results saved to: 
runs/transient/1d_nongray_large_dt_0.01um_100K/20260707_124826/20260707_124826_r
esults.npz
  Generating visualizations...
Saved heatmap: runs/transient/1d_nongray_large_dt_0.01um_100K/20260707_124826/heatmap_20260707_124826.png
Saved snapshots: runs/transient/1d_nongray_large_dt_0.01um_100K/20260707_124826/snapshots_20260707_124826.png
Saved BC check: runs/transient/1d_nongray_large_dt_0.01um_100K/20260707_124826/bc_check_20260707_124826.png
Saved IC check: runs/transient/1d_nongray_large_dt_0.01um_100K/20260707_124826/ic_check_20260707_124826.png
Saved animation: runs/transient/1d_nongray_large_dt_0.01um_100K/20260707_124826/animation_20260707_124826.gif
  Saved: loss_20260707_124826.png
  Amplitude: A(0)=50.0000, A(end)=36.4601 (27.1% decay)
  Energy drift: 0.4565
  ⚠ Drift: mean(T)=0.457
  Saved: 
runs/transient/1d_nongray_large_dt_0.01um_100K/20260707_124826/amplitude_decay_2
0260707_124826.png

Done!
>>> archb1b arm=base-B-s2 done exit=0 Tue Jul  7 02:06:00 PM EEST 2026
>>> archb1b pilot arm=logt-nt60-B Tue Jul  7 02:06:00 PM EEST 2026

Mode: nongray_large_dt - Mode-resolved with β-network, large ΔT (~100K)
[07/07/26 14:06:02] INFO     use_spectral_t=True: forcing use_hard_ic=False     
                             (spectral architecture handles IC by construction).
[07/07/26 14:06:02] INFO     use_spectral_t=True: forcing use_hard_ic=False     
                             (spectral architecture handles IC by construction).
                    INFO     Random seed set: 42                                
                    INFO     Random seed set: 42                                
                    INFO     Lt from dom γ: 0.241 τ_ref (gray Lt was 84.493)    
                    INFO     Lt from dom γ: 0.241 τ_ref (gray Lt was 84.493)    
                    INFO     Analytical Lt: A(Lt)=0.001 threshold,              
                             Lt_analytical=84.5τ, Lt_final=0.2τ                 
                    INFO     Analytical Lt: A(Lt)=0.001 threshold,              
                             Lt_analytical=84.5τ, Lt_final=0.2τ                 
                    INFO     Large ΔT model: L=0.0μm, ΔT=100.0K                 
                    INFO     Large ΔT model: L=0.0μm, ΔT=100.0K                 
                    INFO     Temperature range: [250K, 350K]                    
                    INFO     Temperature range: [250K, 350K]                    
                    INFO     Reference scales: v_ref=1.68e+00, τ_ref=6.05e-11   
                    INFO     Reference scales: v_ref=1.68e+00, τ_ref=6.05e-11   
                    INFO     Effective Kn=10.1522, Lt=0.2                       
                    INFO     Effective Kn=10.1522, Lt=0.2                       
                    INFO     Vectorized: ALL 60 modes × ALL 16 angles per epoch 
                    INFO     Vectorized: ALL 60 modes × ALL 16 angles per epoch 
                    INFO     Subsampling: 1800/3600 interior points per epoch   
                    INFO     Subsampling: 1800/3600 interior points per epoch   
[07/07/26 14:06:07] INFO     DOM γ-target (universal, all-L): grid [250,350]K,  
                             γ_no13 ∈ [3.96e+11,5.54e+11] Hz (replaces          
                             1/(1+Kn²))                                         
[07/07/26 14:06:07] INFO     DOM γ-target (universal, all-L): grid [250,350]K,  
                             γ_no13 ∈ [3.96e+11,5.54e+11] Hz (replaces          
                             1/(1+Kn²))                                         
                    INFO     dT/dt IC (large ΔT): target range [-8.101, 5.779]  
                             in [0,1] time                                      
                    INFO     dT/dt IC (large ΔT): target range [-8.101, 5.779]  
                             in [0,1] time                                      
                    INFO     Waypoints: 5 (uniform), weight=0.0, shape=rate     
                    INFO     Waypoints: 5 (uniform), weight=0.0, shape=rate     
                    INFO     Log-spaced time collocation: 60 points, 50% in [0, 
                             0.1·Lt]                                            
                    INFO     Log-spaced time collocation: 60 points, 50% in [0, 
                             0.1·Lt]                                            
                    INFO     Auto energy weight: 1.000 (grating Kn=63.7879,     
                             Kn_eff=10.1522)                                    
                    INFO     Auto energy weight: 1.000 (grating Kn=63.7879,     
                             Kn_eff=10.1522)                                    
[07/07/26 14:06:07] INFO     W&B tracking enabled: project=pinn-bte,            
                             group=transient_1d_nongray_large_dt                
                    INFO     W&B tracking enabled: project=pinn-bte,            
                             group=transient_1d_nongray_large_dt                

1D Nongray Large ΔT Transient BTE
  L = 0.01 μm, ΔT = 100.0 K
  T range: [250K, 350K]
  Kn_eff = 10.1522
  Epochs: 15000 (β: 200)
  Output: runs/transient/1d_nongray_large_dt_0.01um_100K/20260707_140602
                    INFO     Logging to:                                        
                             runs/transient/1d_nongray_large_dt_0.01um_100K/2026
                             0707_140602/training_20260707_140602.log           
                    INFO     Logging to:                                        
                             runs/transient/1d_nongray_large_dt_0.01um_100K/2026
                             0707_140602/training_20260707_140602.log           
wandb: WARNING Using a boolean value for 'reinit' is deprecated. Use 'return_previous' or 'finish_previous' instead.
wandb: Tracking run with wandb version 0.24.1
wandb: W&B syncing is set to `offline` in this directory. Run `wandb online` or set WANDB_MODE=online to enable cloud syncing.
wandb: Run data is saved locally in /home/markoherkaliuk/src/pinn-bte-zoo/wandb/offline-run-20260707_140607-1xr841ey
[07/07/26 14:06:07] INFO     Started W&B run: tr_1d_ng_L0.01um_dT100K ·         
                             20260707_140602 (1xr841ey)                         
                    INFO     Started W&B run: tr_1d_ng_L0.01um_dT100K ·         
                             20260707_140602 (1xr841ey)                         

Phase 1: Pretraining β-network
  Temperature range: [250K, 350K]
  Epochs: 200
     0.1s | Epoch     0 | β Loss = 3.15e+00
  β pretraining complete! Final loss: 6.90e-01
╭───────────────────────────── Starting Training ──────────────────────────────╮
│   Mode      Transient_Nongray_LargeDT                                        │
│   Epochs    15000                                                            │
│   Device    cuda                                                             │
│   Run ID    20260707_140602                                                  │
╰──────────────────────────────────────────────────────────────────────────────╯

Phase 2: BTE Training
  L = 0.0 μm, ΔT = 100.0K
  T range: [250K, 350K]
  Kn_eff = 10.1522
  τ(T) model = holland (full branch-resolved Holland--Callaway)
  Waypoints: 5 (uniform), weight=0.0
  ALL 60 modes × ALL 16 angles (vectorized)
  Epochs: 15000
     0.5s | Epoch     0 | BTE=1.02e+01 | Energy=3.96e+01 | BC=2.99e-04 | 
IC_n=6.59e-04 | IC_T=0.00e+00 | dT=0.00e+00 | WP=1.09e+01 | GE=5.86e-04 | 
Amp=0.00e+00 | Total=6.08e+01
    62.7s | Epoch   200 | BTE=1.08e+01 | Energy=4.38e-01 | BC=4.30e-04 | 
IC_n=1.73e-03 | IC_T=0.00e+00 | dT=0.00e+00 | WP=2.30e+01 | GE=2.80e-04 | 
Amp=0.00e+00 | Total=3.42e+01
   123.5s | Epoch   400 | BTE=8.24e+00 | Energy=4.61e-01 | BC=8.74e-04 | 
IC_n=2.46e-03 | IC_T=0.00e+00 | dT=0.00e+00 | WP=2.26e+01 | GE=6.98e-05 | 
Amp=0.00e+00 | Total=3.13e+01
   184.6s | Epoch   600 | BTE=3.42e+00 | Energy=2.84e-01 | BC=3.78e-04 | 
IC_n=2.73e-03 | IC_T=0.00e+00 | dT=0.00e+00 | WP=2.36e+01 | GE=2.26e-03 | 
Amp=0.00e+00 | Total=2.73e+01
   247.1s | Epoch   800 | BTE=2.38e+00 | Energy=9.37e-02 | BC=8.38e-05 | 
IC_n=2.63e-03 | IC_T=0.00e+00 | dT=0.00e+00 | WP=2.41e+01 | GE=1.88e-04 | 
Amp=0.00e+00 | Total=2.66e+01
   309.5s | Epoch  1000 | BTE=1.99e+00 | Energy=1.20e-01 | BC=5.28e-05 | 
IC_n=2.93e-03 | IC_T=0.00e+00 | dT=0.00e+00 | WP=2.42e+01 | GE=2.89e-05 | 
Amp=0.00e+00 | Total=2.63e+01
   372.4s | Epoch  1200 | BTE=1.85e+00 | Energy=6.27e-02 | BC=5.56e-05 | 
IC_n=3.16e-03 | IC_T=0.00e+00 | dT=0.00e+00 | WP=2.42e+01 | GE=3.83e-05 | 
Amp=0.00e+00 | Total=2.61e+01
   434.9s | Epoch  1400 | BTE=1.65e+00 | Energy=5.51e-02 | BC=6.12e-05 | 
IC_n=3.61e-03 | IC_T=0.00e+00 | dT=0.00e+00 | WP=2.43e+01 | GE=5.00e-04 | 
Amp=0.00e+00 | Total=2.60e+01
   495.7s | Epoch  1600 | BTE=1.55e+00 | Energy=8.12e-02 | BC=4.41e-05 | 
IC_n=3.88e-03 | IC_T=0.00e+00 | dT=0.00e+00 | WP=2.43e+01 | GE=4.84e-04 | 
Amp=0.00e+00 | Total=2.59e+01
   557.7s | Epoch  1800 | BTE=1.48e+00 | Energy=5.08e-02 | BC=3.17e-05 | 
IC_n=4.65e-03 | IC_T=0.00e+00 | dT=0.00e+00 | WP=2.43e+01 | GE=8.21e-05 | 
Amp=0.00e+00 | Total=2.59e+01
   618.5s | Epoch  2000 | BTE=1.42e+00 | Energy=4.37e-02 | BC=2.44e-05 | 
IC_n=3.89e-03 | IC_T=0.00e+00 | dT=0.00e+00 | WP=2.44e+01 | GE=3.54e-04 | 
Amp=0.00e+00 | Total=2.58e+01
   679.0s | Epoch  2200 | BTE=1.36e+00 | Energy=4.32e-02 | BC=3.56e-05 | 
IC_n=3.87e-03 | IC_T=0.00e+00 | dT=0.00e+00 | WP=2.44e+01 | GE=3.79e-04 | 
Amp=0.00e+00 | Total=2.58e+01
   741.5s | Epoch  2400 | BTE=1.29e+00 | Energy=9.06e-02 | BC=4.86e-05 | 
IC_n=4.77e-03 | IC_T=0.00e+00 | dT=0.00e+00 | WP=2.44e+01 | GE=2.17e-05 | 
Amp=0.00e+00 | Total=2.58e+01
   803.1s | Epoch  2600 | BTE=1.33e+00 | Energy=4.59e-02 | BC=5.64e-05 | 
IC_n=4.93e-03 | IC_T=0.00e+00 | dT=0.00e+00 | WP=2.44e+01 | GE=8.43e-05 | 
Amp=0.00e+00 | Total=2.57e+01
   865.1s | Epoch  2800 | BTE=1.23e+00 | Energy=1.01e-01 | BC=5.50e-05 | 
IC_n=4.74e-03 | IC_T=0.00e+00 | dT=0.00e+00 | WP=2.44e+01 | GE=9.63e-05 | 
Amp=0.00e+00 | Total=2.57e+01
   926.9s | Epoch  3000 | BTE=1.28e+00 | Energy=3.80e-02 | BC=6.12e-05 | 
IC_n=3.47e-03 | IC_T=0.00e+00 | dT=0.00e+00 | WP=2.43e+01 | GE=2.77e-04 | 
Amp=0.00e+00 | Total=2.57e+01
   987.5s | Epoch  3200 | BTE=1.20e+00 | Energy=3.71e-02 | BC=6.99e-05 | 
IC_n=3.89e-03 | IC_T=0.00e+00 | dT=0.00e+00 | WP=2.43e+01 | GE=1.11e-07 | 
Amp=0.00e+00 | Total=2.55e+01
  1049.2s | Epoch  3400 | BTE=1.17e+00 | Energy=6.50e-02 | BC=8.71e-05 | 
IC_n=4.25e-03 | IC_T=0.00e+00 | dT=0.00e+00 | WP=2.43e+01 | GE=1.12e-03 | 
Amp=0.00e+00 | Total=2.56e+01
  1109.7s | Epoch  3600 | BTE=1.12e+00 | Energy=4.13e-02 | BC=9.50e-05 | 
IC_n=4.62e-03 | IC_T=0.00e+00 | dT=0.00e+00 | WP=2.43e+01 | GE=9.36e-04 | 
Amp=0.00e+00 | Total=2.54e+01
  1171.2s | Epoch  3800 | BTE=1.07e+00 | Energy=5.48e-02 | BC=1.05e-04 | 
IC_n=4.21e-03 | IC_T=0.00e+00 | dT=0.00e+00 | WP=2.42e+01 | GE=6.92e-04 | 
Amp=0.00e+00 | Total=2.53e+01
  1233.3s | Epoch  4000 | BTE=1.06e+00 | Energy=4.48e-02 | BC=1.23e-04 | 
IC_n=4.69e-03 | IC_T=0.00e+00 | dT=0.00e+00 | WP=2.41e+01 | GE=5.29e-04 | 
Amp=0.00e+00 | Total=2.52e+01
  1294.0s | Epoch  4200 | BTE=1.03e+00 | Energy=4.24e-02 | BC=1.29e-04 | 
IC_n=4.54e-03 | IC_T=0.00e+00 | dT=0.00e+00 | WP=2.41e+01 | GE=1.19e-03 | 
Amp=0.00e+00 | Total=2.52e+01
  1355.4s | Epoch  4400 | BTE=9.67e-01 | Energy=4.52e-02 | BC=1.26e-04 | 
IC_n=4.58e-03 | IC_T=0.00e+00 | dT=0.00e+00 | WP=2.40e+01 | GE=1.96e-05 | 
Amp=0.00e+00 | Total=2.50e+01
  1416.4s | Epoch  4600 | BTE=9.56e-01 | Energy=4.51e-02 | BC=1.16e-04 | 
IC_n=4.09e-03 | IC_T=0.00e+00 | dT=0.00e+00 | WP=2.40e+01 | GE=3.16e-04 | 
Amp=0.00e+00 | Total=2.50e+01
  1477.7s | Epoch  4800 | BTE=9.34e-01 | Energy=9.55e-02 | BC=1.18e-04 | 
IC_n=4.65e-03 | IC_T=0.00e+00 | dT=0.00e+00 | WP=2.39e+01 | GE=3.41e-04 | 
Amp=0.00e+00 | Total=2.50e+01
  1539.6s | Epoch  5000 | BTE=9.00e-01 | Energy=6.37e-02 | BC=1.18e-04 | 
IC_n=4.41e-03 | IC_T=0.00e+00 | dT=0.00e+00 | WP=2.39e+01 | GE=1.90e-04 | 
Amp=0.00e+00 | Total=2.48e+01
  1602.7s | Epoch  5200 | BTE=8.96e-01 | Energy=5.26e-02 | BC=1.21e-04 | 
IC_n=4.03e-03 | IC_T=0.00e+00 | dT=0.00e+00 | WP=2.38e+01 | GE=1.02e-03 | 
Amp=0.00e+00 | Total=2.48e+01
  1664.4s | Epoch  5400 | BTE=8.45e-01 | Energy=5.06e-02 | BC=1.25e-04 | 
IC_n=4.17e-03 | IC_T=0.00e+00 | dT=0.00e+00 | WP=2.38e+01 | GE=1.36e-04 | 
Amp=0.00e+00 | Total=2.47e+01
  1725.6s | Epoch  5600 | BTE=8.31e-01 | Energy=5.38e-02 | BC=1.34e-04 | 
IC_n=4.14e-03 | IC_T=0.00e+00 | dT=0.00e+00 | WP=2.37e+01 | GE=1.74e-04 | 
Amp=0.00e+00 | Total=2.46e+01
  1786.9s | Epoch  5800 | BTE=8.09e-01 | Energy=6.48e-02 | BC=1.44e-04 | 
IC_n=4.42e-03 | IC_T=0.00e+00 | dT=0.00e+00 | WP=2.36e+01 | GE=3.12e-04 | 
Amp=0.00e+00 | Total=2.45e+01
  1848.8s | Epoch  6000 | BTE=7.95e-01 | Energy=6.18e-02 | BC=1.53e-04 | 
IC_n=4.25e-03 | IC_T=0.00e+00 | dT=0.00e+00 | WP=2.36e+01 | GE=1.18e-03 | 
Amp=0.00e+00 | Total=2.44e+01
  1910.9s | Epoch  6200 | BTE=7.63e-01 | Energy=5.85e-02 | BC=1.68e-04 | 
IC_n=4.58e-03 | IC_T=0.00e+00 | dT=0.00e+00 | WP=2.34e+01 | GE=1.27e-05 | 
Amp=0.00e+00 | Total=2.43e+01
  1972.4s | Epoch  6400 | BTE=7.66e-01 | Energy=5.52e-02 | BC=1.81e-04 | 
IC_n=4.10e-03 | IC_T=0.00e+00 | dT=0.00e+00 | WP=2.34e+01 | GE=1.25e-07 | 
Amp=0.00e+00 | Total=2.42e+01
  2035.1s | Epoch  6600 | BTE=7.17e-01 | Energy=6.19e-02 | BC=2.18e-04 | 
IC_n=4.38e-03 | IC_T=0.00e+00 | dT=0.00e+00 | WP=2.32e+01 | GE=3.87e-04 | 
Amp=0.00e+00 | Total=2.40e+01
  2098.8s | Epoch  6800 | BTE=7.21e-01 | Energy=5.64e-02 | BC=2.38e-04 | 
IC_n=4.12e-03 | IC_T=0.00e+00 | dT=0.00e+00 | WP=2.32e+01 | GE=8.59e-05 | 
Amp=0.00e+00 | Total=2.40e+01
  2161.7s | Epoch  7000 | BTE=7.07e-01 | Energy=6.24e-02 | BC=2.72e-04 | 
IC_n=4.61e-03 | IC_T=0.00e+00 | dT=0.00e+00 | WP=2.31e+01 | GE=4.78e-05 | 
Amp=0.00e+00 | Total=2.39e+01
  2224.9s | Epoch  7200 | BTE=6.83e-01 | Energy=6.30e-02 | BC=3.12e-04 | 
IC_n=4.28e-03 | IC_T=0.00e+00 | dT=0.00e+00 | WP=2.30e+01 | GE=1.69e-04 | 
Amp=0.00e+00 | Total=2.38e+01
  2286.5s | Epoch  7400 | BTE=6.71e-01 | Energy=6.68e-02 | BC=3.56e-04 | 
IC_n=4.77e-03 | IC_T=0.00e+00 | dT=0.00e+00 | WP=2.29e+01 | GE=1.25e-03 | 
Amp=0.00e+00 | Total=2.37e+01
  2348.3s | Epoch  7600 | BTE=6.50e-01 | Energy=6.48e-02 | BC=3.98e-04 | 
IC_n=4.44e-03 | IC_T=0.00e+00 | dT=0.00e+00 | WP=2.29e+01 | GE=5.38e-04 | 
Amp=0.00e+00 | Total=2.36e+01
  2408.4s | Epoch  7800 | BTE=6.43e-01 | Energy=6.44e-02 | BC=4.41e-04 | 
IC_n=4.12e-03 | IC_T=0.00e+00 | dT=0.00e+00 | WP=2.28e+01 | GE=2.60e-03 | 
Amp=0.00e+00 | Total=2.35e+01
  2469.8s | Epoch  8000 | BTE=6.31e-01 | Energy=6.80e-02 | BC=4.97e-04 | 
IC_n=4.45e-03 | IC_T=0.00e+00 | dT=0.00e+00 | WP=2.27e+01 | GE=4.37e-04 | 
Amp=0.00e+00 | Total=2.34e+01
  2530.8s | Epoch  8200 | BTE=6.04e-01 | Energy=7.05e-02 | BC=5.70e-04 | 
IC_n=4.54e-03 | IC_T=0.00e+00 | dT=0.00e+00 | WP=2.26e+01 | GE=3.58e-04 | 
Amp=0.00e+00 | Total=2.33e+01
  2592.5s | Epoch  8400 | BTE=5.93e-01 | Energy=7.32e-02 | BC=5.80e-04 | 
IC_n=4.35e-03 | IC_T=0.00e+00 | dT=0.00e+00 | WP=2.26e+01 | GE=6.18e-04 | 
Amp=0.00e+00 | Total=2.32e+01
  2653.0s | Epoch  8600 | BTE=5.73e-01 | Energy=7.44e-02 | BC=6.58e-04 | 
IC_n=4.66e-03 | IC_T=0.00e+00 | dT=0.00e+00 | WP=2.25e+01 | GE=8.35e-06 | 
Amp=0.00e+00 | Total=2.32e+01
  2714.3s | Epoch  8800 | BTE=5.43e-01 | Energy=8.62e-02 | BC=7.14e-04 | 
IC_n=4.65e-03 | IC_T=0.00e+00 | dT=0.00e+00 | WP=2.25e+01 | GE=1.33e-03 | 
Amp=0.00e+00 | Total=2.31e+01
  2775.6s | Epoch  9000 | BTE=5.39e-01 | Energy=7.67e-02 | BC=7.97e-04 | 
IC_n=4.86e-03 | IC_T=0.00e+00 | dT=0.00e+00 | WP=2.24e+01 | GE=6.81e-04 | 
Amp=0.00e+00 | Total=2.30e+01
  2837.3s | Epoch  9200 | BTE=5.23e-01 | Energy=7.52e-02 | BC=8.26e-04 | 
IC_n=4.93e-03 | IC_T=0.00e+00 | dT=0.00e+00 | WP=2.23e+01 | GE=1.14e-03 | 
Amp=0.00e+00 | Total=2.29e+01
  2899.2s | Epoch  9400 | BTE=5.11e-01 | Energy=7.86e-02 | BC=8.96e-04 | 
IC_n=4.81e-03 | IC_T=0.00e+00 | dT=0.00e+00 | WP=2.23e+01 | GE=3.09e-04 | 
Amp=0.00e+00 | Total=2.28e+01
  2960.8s | Epoch  9600 | BTE=4.95e-01 | Energy=7.59e-02 | BC=9.22e-04 | 
IC_n=4.93e-03 | IC_T=0.00e+00 | dT=0.00e+00 | WP=2.22e+01 | GE=8.70e-05 | 
Amp=0.00e+00 | Total=2.28e+01
  3021.6s | Epoch  9800 | BTE=4.68e-01 | Energy=7.56e-02 | BC=9.66e-04 | 
IC_n=4.70e-03 | IC_T=0.00e+00 | dT=0.00e+00 | WP=2.22e+01 | GE=1.41e-04 | 
Amp=0.00e+00 | Total=2.27e+01
  3081.8s | Epoch 10000 | BTE=4.68e-01 | Energy=8.11e-02 | BC=9.95e-04 | 
IC_n=4.97e-03 | IC_T=0.00e+00 | dT=0.00e+00 | WP=2.22e+01 | GE=4.12e-04 | 
Amp=0.00e+00 | Total=2.27e+01
  3142.8s | Epoch 10200 | BTE=4.46e-01 | Energy=7.65e-02 | BC=1.02e-03 | 
IC_n=4.80e-03 | IC_T=0.00e+00 | dT=0.00e+00 | WP=2.21e+01 | GE=1.07e-03 | 
Amp=0.00e+00 | Total=2.27e+01
  3201.6s | Epoch 10400 | BTE=4.40e-01 | Energy=8.19e-02 | BC=1.07e-03 | 
IC_n=5.16e-03 | IC_T=0.00e+00 | dT=0.00e+00 | WP=2.21e+01 | GE=1.26e-04 | 
Amp=0.00e+00 | Total=2.27e+01
  3261.3s | Epoch 10600 | BTE=4.23e-01 | Energy=7.88e-02 | BC=1.08e-03 | 
IC_n=4.99e-03 | IC_T=0.00e+00 | dT=0.00e+00 | WP=2.21e+01 | GE=5.56e-04 | 
Amp=0.00e+00 | Total=2.26e+01
  3322.6s | Epoch 10800 | BTE=4.16e-01 | Energy=7.82e-02 | BC=1.09e-03 | 
IC_n=4.98e-03 | IC_T=0.00e+00 | dT=0.00e+00 | WP=2.21e+01 | GE=2.84e-04 | 
Amp=0.00e+00 | Total=2.26e+01
  3382.3s | Epoch 11000 | BTE=4.11e-01 | Energy=7.78e-02 | BC=1.11e-03 | 
IC_n=5.08e-03 | IC_T=0.00e+00 | dT=0.00e+00 | WP=2.22e+01 | GE=1.74e-03 | 
Amp=0.00e+00 | Total=2.27e+01
  3442.8s | Epoch 11200 | BTE=4.05e-01 | Energy=7.57e-02 | BC=1.12e-03 | 
IC_n=5.18e-03 | IC_T=0.00e+00 | dT=0.00e+00 | WP=2.22e+01 | GE=3.07e-05 | 
Amp=0.00e+00 | Total=2.26e+01
  3502.7s | Epoch 11400 | BTE=4.03e-01 | Energy=7.67e-02 | BC=1.11e-03 | 
IC_n=5.06e-03 | IC_T=0.00e+00 | dT=0.00e+00 | WP=2.22e+01 | GE=1.10e-05 | 
Amp=0.00e+00 | Total=2.26e+01
  3563.1s | Epoch 11600 | BTE=3.85e-01 | Energy=7.33e-02 | BC=1.14e-03 | 
IC_n=5.06e-03 | IC_T=0.00e+00 | dT=0.00e+00 | WP=2.22e+01 | GE=6.30e-04 | 
Amp=0.00e+00 | Total=2.27e+01
  3624.0s | Epoch 11800 | BTE=3.96e-01 | Energy=7.36e-02 | BC=1.13e-03 | 
IC_n=5.09e-03 | IC_T=0.00e+00 | dT=0.00e+00 | WP=2.22e+01 | GE=2.15e-04 | 
Amp=0.00e+00 | Total=2.27e+01
  3686.2s | Epoch 12000 | BTE=3.84e-01 | Energy=7.27e-02 | BC=1.14e-03 | 
IC_n=5.07e-03 | IC_T=0.00e+00 | dT=0.00e+00 | WP=2.22e+01 | GE=1.90e-04 | 
Amp=0.00e+00 | Total=2.27e+01
  3746.4s | Epoch 12200 | BTE=3.74e-01 | Energy=7.27e-02 | BC=1.16e-03 | 
IC_n=5.13e-03 | IC_T=0.00e+00 | dT=0.00e+00 | WP=2.22e+01 | GE=7.87e-04 | 
Amp=0.00e+00 | Total=2.27e+01
  3806.3s | Epoch 12400 | BTE=3.70e-01 | Energy=6.99e-02 | BC=1.17e-03 | 
IC_n=5.07e-03 | IC_T=0.00e+00 | dT=0.00e+00 | WP=2.22e+01 | GE=2.17e-04 | 
Amp=0.00e+00 | Total=2.27e+01
  3867.3s | Epoch 12600 | BTE=3.71e-01 | Energy=7.13e-02 | BC=1.17e-03 | 
IC_n=5.12e-03 | IC_T=0.00e+00 | dT=0.00e+00 | WP=2.22e+01 | GE=1.78e-05 | 
Amp=0.00e+00 | Total=2.27e+01
  3927.5s | Epoch 12800 | BTE=3.67e-01 | Energy=7.11e-02 | BC=1.18e-03 | 
IC_n=5.14e-03 | IC_T=0.00e+00 | dT=0.00e+00 | WP=2.23e+01 | GE=1.18e-03 | 
Amp=0.00e+00 | Total=2.27e+01
  3987.5s | Epoch 13000 | BTE=3.64e-01 | Energy=6.90e-02 | BC=1.17e-03 | 
IC_n=5.13e-03 | IC_T=0.00e+00 | dT=0.00e+00 | WP=2.23e+01 | GE=9.18e-06 | 
Amp=0.00e+00 | Total=2.27e+01
  4049.0s | Epoch 13200 | BTE=3.64e-01 | Energy=6.86e-02 | BC=1.16e-03 | 
IC_n=5.23e-03 | IC_T=0.00e+00 | dT=0.00e+00 | WP=2.23e+01 | GE=1.71e-03 | 
Amp=0.00e+00 | Total=2.27e+01
  4109.6s | Epoch 13400 | BTE=3.66e-01 | Energy=6.91e-02 | BC=1.18e-03 | 
IC_n=5.13e-03 | IC_T=0.00e+00 | dT=0.00e+00 | WP=2.23e+01 | GE=2.48e-03 | 
Amp=0.00e+00 | Total=2.27e+01
  4169.0s | Epoch 13600 | BTE=3.65e-01 | Energy=6.77e-02 | BC=1.19e-03 | 
IC_n=5.10e-03 | IC_T=0.00e+00 | dT=0.00e+00 | WP=2.23e+01 | GE=1.09e-04 | 
Amp=0.00e+00 | Total=2.27e+01
  4231.2s | Epoch 13800 | BTE=3.61e-01 | Energy=6.90e-02 | BC=1.18e-03 | 
IC_n=5.19e-03 | IC_T=0.00e+00 | dT=0.00e+00 | WP=2.23e+01 | GE=2.52e-05 | 
Amp=0.00e+00 | Total=2.27e+01
  4292.4s | Epoch 14000 | BTE=3.55e-01 | Energy=6.81e-02 | BC=1.19e-03 | 
IC_n=5.19e-03 | IC_T=0.00e+00 | dT=0.00e+00 | WP=2.23e+01 | GE=2.23e-04 | 
Amp=0.00e+00 | Total=2.27e+01
  4353.3s | Epoch 14200 | BTE=3.62e-01 | Energy=6.97e-02 | BC=1.18e-03 | 
IC_n=5.19e-03 | IC_T=0.00e+00 | dT=0.00e+00 | WP=2.23e+01 | GE=8.26e-04 | 
Amp=0.00e+00 | Total=2.27e+01
  4413.1s | Epoch 14400 | BTE=3.63e-01 | Energy=6.91e-02 | BC=1.19e-03 | 
IC_n=5.24e-03 | IC_T=0.00e+00 | dT=0.00e+00 | WP=2.23e+01 | GE=2.24e-04 | 
Amp=0.00e+00 | Total=2.27e+01
  4473.3s | Epoch 14600 | BTE=3.56e-01 | Energy=6.81e-02 | BC=1.19e-03 | 
IC_n=5.14e-03 | IC_T=0.00e+00 | dT=0.00e+00 | WP=2.23e+01 | GE=1.88e-03 | 
Amp=0.00e+00 | Total=2.27e+01
  4533.3s | Epoch 14800 | BTE=3.62e-01 | Energy=6.93e-02 | BC=1.18e-03 | 
IC_n=5.26e-03 | IC_T=0.00e+00 | dT=0.00e+00 | WP=2.23e+01 | GE=7.49e-04 | 
Amp=0.00e+00 | Total=2.27e+01
╭───────────────────────────── Training Complete ──────────────────────────────╮
│   Time      4592.98s                                                         │
│   Output    runs/transient/1d_nongray_large_dt_0.01um_100K/20260707_140602   │
│   Saved     net_T_20260707_140602.pt                                         │
│   Saved     net_n_20260707_140602.pt                                         │
│   Saved     net_beta_20260707_140602.pt                                      │
╰──────────────────────────────────────────────────────────────────────────────╯
wandb: 
wandb: Run summary:
wandb: physics/local_dir runs/transient/1d_no...
wandb: 
wandb: You can sync this run to the cloud by running:
wandb: wandb sync /home/markoherkaliuk/src/pinn-bte-zoo/wandb/offline-run-20260707_140607-1xr841ey
wandb: Find logs at: ./wandb/offline-run-20260707_140607-1xr841ey/logs
Results saved to: 
runs/transient/1d_nongray_large_dt_0.01um_100K/20260707_140602/20260707_140602_r
esults.npz
  Generating visualizations...
Saved heatmap: runs/transient/1d_nongray_large_dt_0.01um_100K/20260707_140602/heatmap_20260707_140602.png
Saved snapshots: runs/transient/1d_nongray_large_dt_0.01um_100K/20260707_140602/snapshots_20260707_140602.png
Saved BC check: runs/transient/1d_nongray_large_dt_0.01um_100K/20260707_140602/bc_check_20260707_140602.png
Saved IC check: runs/transient/1d_nongray_large_dt_0.01um_100K/20260707_140602/ic_check_20260707_140602.png
Saved animation: runs/transient/1d_nongray_large_dt_0.01um_100K/20260707_140602/animation_20260707_140602.gif
  Saved: loss_20260707_140602.png
  Amplitude: A(0)=50.0000, A(end)=44.3137 (11.4% decay)
  Energy drift: 0.5963
  ⚠ Drift: mean(T)=0.596
  ⚠ Oscillation at t≈0τ
  Saved: 
runs/transient/1d_nongray_large_dt_0.01um_100K/20260707_140602/amplitude_decay_2
0260707_140602.png

Done!
>>> archb1b arm=logt-nt60-B done exit=0 Tue Jul  7 03:22:47 PM EEST 2026
>>> archb1b pilot arm=logt-nt120-B Tue Jul  7 03:22:47 PM EEST 2026

Mode: nongray_large_dt - Mode-resolved with β-network, large ΔT (~100K)
[07/07/26 15:22:49] INFO     use_spectral_t=True: forcing use_hard_ic=False     
                             (spectral architecture handles IC by construction).
[07/07/26 15:22:49] INFO     use_spectral_t=True: forcing use_hard_ic=False     
                             (spectral architecture handles IC by construction).
                    INFO     Random seed set: 42                                
                    INFO     Random seed set: 42                                
                    INFO     Lt from dom γ: 0.241 τ_ref (gray Lt was 84.493)    
                    INFO     Lt from dom γ: 0.241 τ_ref (gray Lt was 84.493)    
                    INFO     Analytical Lt: A(Lt)=0.001 threshold,              
                             Lt_analytical=84.5τ, Lt_final=0.2τ                 
                    INFO     Analytical Lt: A(Lt)=0.001 threshold,              
                             Lt_analytical=84.5τ, Lt_final=0.2τ                 
                    INFO     Large ΔT model: L=0.0μm, ΔT=100.0K                 
                    INFO     Large ΔT model: L=0.0μm, ΔT=100.0K                 
                    INFO     Temperature range: [250K, 350K]                    
                    INFO     Temperature range: [250K, 350K]                    
                    INFO     Reference scales: v_ref=1.68e+00, τ_ref=6.05e-11   
                    INFO     Reference scales: v_ref=1.68e+00, τ_ref=6.05e-11   
                    INFO     Effective Kn=10.1522, Lt=0.2                       
                    INFO     Effective Kn=10.1522, Lt=0.2                       
                    INFO     Vectorized: ALL 60 modes × ALL 16 angles per epoch 
                    INFO     Vectorized: ALL 60 modes × ALL 16 angles per epoch 
                    INFO     Subsampling: 1800/7200 interior points per epoch   
                    INFO     Subsampling: 1800/7200 interior points per epoch   
[07/07/26 15:22:53] INFO     DOM γ-target (universal, all-L): grid [250,350]K,  
                             γ_no13 ∈ [3.96e+11,5.54e+11] Hz (replaces          
                             1/(1+Kn²))                                         
[07/07/26 15:22:53] INFO     DOM γ-target (universal, all-L): grid [250,350]K,  
                             γ_no13 ∈ [3.96e+11,5.54e+11] Hz (replaces          
                             1/(1+Kn²))                                         
                    INFO     dT/dt IC (large ΔT): target range [-8.101, 5.779]  
                             in [0,1] time                                      
                    INFO     dT/dt IC (large ΔT): target range [-8.101, 5.779]  
                             in [0,1] time                                      
                    INFO     Waypoints: 5 (uniform), weight=0.0, shape=rate     
                    INFO     Waypoints: 5 (uniform), weight=0.0, shape=rate     
                    INFO     Log-spaced time collocation: 120 points, 50% in [0,
                             0.1·Lt]                                            
                    INFO     Log-spaced time collocation: 120 points, 50% in [0,
                             0.1·Lt]                                            
                    INFO     Auto energy weight: 1.000 (grating Kn=63.7879,     
                             Kn_eff=10.1522)                                    
                    INFO     Auto energy weight: 1.000 (grating Kn=63.7879,     
                             Kn_eff=10.1522)                                    
[07/07/26 15:22:53] INFO     W&B tracking enabled: project=pinn-bte,            
                             group=transient_1d_nongray_large_dt                
                    INFO     W&B tracking enabled: project=pinn-bte,            
                             group=transient_1d_nongray_large_dt                

1D Nongray Large ΔT Transient BTE
  L = 0.01 μm, ΔT = 100.0 K
  T range: [250K, 350K]
  Kn_eff = 10.1522
  Epochs: 15000 (β: 200)
  Output: runs/transient/1d_nongray_large_dt_0.01um_100K/20260707_152249
                    INFO     Logging to:                                        
                             runs/transient/1d_nongray_large_dt_0.01um_100K/2026
                             0707_152249/training_20260707_152249.log           
                    INFO     Logging to:                                        
                             runs/transient/1d_nongray_large_dt_0.01um_100K/2026
                             0707_152249/training_20260707_152249.log           
wandb: WARNING Using a boolean value for 'reinit' is deprecated. Use 'return_previous' or 'finish_previous' instead.
wandb: Tracking run with wandb version 0.24.1
wandb: W&B syncing is set to `offline` in this directory. Run `wandb online` or set WANDB_MODE=online to enable cloud syncing.
wandb: Run data is saved locally in /home/markoherkaliuk/src/pinn-bte-zoo/wandb/offline-run-20260707_152254-x0ml89u7
[07/07/26 15:22:54] INFO     Started W&B run: tr_1d_ng_L0.01um_dT100K ·         
                             20260707_152249 (x0ml89u7)                         
[07/07/26 15:22:54] INFO     Started W&B run: tr_1d_ng_L0.01um_dT100K ·         
                             20260707_152249 (x0ml89u7)                         

Phase 1: Pretraining β-network
  Temperature range: [250K, 350K]
  Epochs: 200
     0.1s | Epoch     0 | β Loss = 3.15e+00
  β pretraining complete! Final loss: 6.90e-01
╭───────────────────────────── Starting Training ──────────────────────────────╮
│   Mode      Transient_Nongray_LargeDT                                        │
│   Epochs    15000                                                            │
│   Device    cuda                                                             │
│   Run ID    20260707_152249                                                  │
╰──────────────────────────────────────────────────────────────────────────────╯

Phase 2: BTE Training
  L = 0.0 μm, ΔT = 100.0K
  T range: [250K, 350K]
  Kn_eff = 10.1522
  τ(T) model = holland (full branch-resolved Holland--Callaway)
  Waypoints: 5 (uniform), weight=0.0
  ALL 60 modes × ALL 16 angles (vectorized)
  Epochs: 15000
     0.5s | Epoch     0 | BTE=1.02e+01 | Energy=3.98e+01 | BC=2.99e-04 | 
IC_n=6.59e-04 | IC_T=0.00e+00 | dT=0.00e+00 | WP=1.09e+01 | GE=2.24e-05 | 
Amp=0.00e+00 | Total=6.10e+01
    61.6s | Epoch   200 | BTE=1.07e+01 | Energy=3.16e-01 | BC=4.50e-04 | 
IC_n=1.86e-03 | IC_T=0.00e+00 | dT=0.00e+00 | WP=2.31e+01 | GE=6.20e-04 | 
Amp=0.00e+00 | Total=3.41e+01
   123.3s | Epoch   400 | BTE=6.52e+00 | Energy=4.31e-01 | BC=7.59e-04 | 
IC_n=2.47e-03 | IC_T=0.00e+00 | dT=0.00e+00 | WP=2.25e+01 | GE=4.78e-04 | 
Amp=0.00e+00 | Total=2.95e+01
   183.8s | Epoch   600 | BTE=3.12e+00 | Energy=1.76e-01 | BC=2.59e-04 | 
IC_n=2.59e-03 | IC_T=0.00e+00 | dT=0.00e+00 | WP=2.40e+01 | GE=7.25e-05 | 
Amp=0.00e+00 | Total=2.73e+01
   244.2s | Epoch   800 | BTE=2.40e+00 | Energy=9.12e-02 | BC=7.62e-05 | 
IC_n=2.95e-03 | IC_T=0.00e+00 | dT=0.00e+00 | WP=2.41e+01 | GE=5.89e-04 | 
Amp=0.00e+00 | Total=2.66e+01
   305.6s | Epoch  1000 | BTE=1.96e+00 | Energy=9.89e-02 | BC=5.77e-05 | 
IC_n=3.07e-03 | IC_T=0.00e+00 | dT=0.00e+00 | WP=2.42e+01 | GE=1.19e-04 | 
Amp=0.00e+00 | Total=2.63e+01
   366.1s | Epoch  1200 | BTE=1.84e+00 | Energy=5.52e-02 | BC=6.47e-05 | 
IC_n=3.04e-03 | IC_T=0.00e+00 | dT=0.00e+00 | WP=2.43e+01 | GE=1.89e-06 | 
Amp=0.00e+00 | Total=2.62e+01
   427.5s | Epoch  1400 | BTE=1.61e+00 | Energy=6.04e-02 | BC=5.71e-05 | 
IC_n=3.95e-03 | IC_T=0.00e+00 | dT=0.00e+00 | WP=2.43e+01 | GE=2.44e-05 | 
Amp=0.00e+00 | Total=2.60e+01
   488.4s | Epoch  1600 | BTE=1.55e+00 | Energy=4.79e-02 | BC=4.09e-05 | 
IC_n=3.75e-03 | IC_T=0.00e+00 | dT=0.00e+00 | WP=2.43e+01 | GE=8.99e-05 | 
Amp=0.00e+00 | Total=2.59e+01
   549.2s | Epoch  1800 | BTE=1.46e+00 | Energy=4.54e-02 | BC=2.75e-05 | 
IC_n=3.79e-03 | IC_T=0.00e+00 | dT=0.00e+00 | WP=2.44e+01 | GE=2.92e-04 | 
Amp=0.00e+00 | Total=2.59e+01
   609.7s | Epoch  2000 | BTE=1.41e+00 | Energy=5.09e-02 | BC=2.94e-05 | 
IC_n=3.89e-03 | IC_T=0.00e+00 | dT=0.00e+00 | WP=2.44e+01 | GE=1.37e-03 | 
Amp=0.00e+00 | Total=2.58e+01
   670.3s | Epoch  2200 | BTE=1.46e+00 | Energy=5.51e-02 | BC=3.29e-05 | 
IC_n=4.91e-03 | IC_T=0.00e+00 | dT=0.00e+00 | WP=2.44e+01 | GE=1.08e-03 | 
Amp=0.00e+00 | Total=2.59e+01
   730.4s | Epoch  2400 | BTE=1.32e+00 | Energy=4.22e-02 | BC=5.09e-05 | 
IC_n=3.96e-03 | IC_T=0.00e+00 | dT=0.00e+00 | WP=2.44e+01 | GE=3.62e-05 | 
Amp=0.00e+00 | Total=2.58e+01
   791.4s | Epoch  2600 | BTE=1.30e+00 | Energy=4.76e-02 | BC=6.29e-05 | 
IC_n=3.83e-03 | IC_T=0.00e+00 | dT=0.00e+00 | WP=2.44e+01 | GE=1.05e-03 | 
Amp=0.00e+00 | Total=2.57e+01
   851.6s | Epoch  2800 | BTE=1.25e+00 | Energy=4.56e-02 | BC=8.10e-05 | 
IC_n=3.84e-03 | IC_T=0.00e+00 | dT=0.00e+00 | WP=2.44e+01 | GE=5.29e-05 | 
Amp=0.00e+00 | Total=2.57e+01
   910.4s | Epoch  3000 | BTE=1.20e+00 | Energy=4.26e-02 | BC=1.03e-04 | 
IC_n=4.58e-03 | IC_T=0.00e+00 | dT=0.00e+00 | WP=2.44e+01 | GE=1.22e-05 | 
Amp=0.00e+00 | Total=2.56e+01
   972.5s | Epoch  3200 | BTE=1.19e+00 | Energy=4.22e-02 | BC=1.13e-04 | 
IC_n=4.59e-03 | IC_T=0.00e+00 | dT=0.00e+00 | WP=2.43e+01 | GE=5.03e-04 | 
Amp=0.00e+00 | Total=2.56e+01
  1033.8s | Epoch  3400 | BTE=1.14e+00 | Energy=4.29e-02 | BC=1.18e-04 | 
IC_n=4.53e-03 | IC_T=0.00e+00 | dT=0.00e+00 | WP=2.43e+01 | GE=1.10e-04 | 
Amp=0.00e+00 | Total=2.55e+01
  1093.7s | Epoch  3600 | BTE=1.10e+00 | Energy=5.44e-02 | BC=1.10e-04 | 
IC_n=4.26e-03 | IC_T=0.00e+00 | dT=0.00e+00 | WP=2.42e+01 | GE=9.01e-04 | 
Amp=0.00e+00 | Total=2.54e+01
  1154.5s | Epoch  3800 | BTE=1.05e+00 | Energy=3.77e-02 | BC=1.03e-04 | 
IC_n=3.98e-03 | IC_T=0.00e+00 | dT=0.00e+00 | WP=2.42e+01 | GE=1.00e-03 | 
Amp=0.00e+00 | Total=2.53e+01
  1215.0s | Epoch  4000 | BTE=1.03e+00 | Energy=4.24e-02 | BC=1.02e-04 | 
IC_n=4.00e-03 | IC_T=0.00e+00 | dT=0.00e+00 | WP=2.41e+01 | GE=2.18e-04 | 
Amp=0.00e+00 | Total=2.52e+01
  1276.5s | Epoch  4200 | BTE=9.99e-01 | Energy=4.23e-02 | BC=1.02e-04 | 
IC_n=3.98e-03 | IC_T=0.00e+00 | dT=0.00e+00 | WP=2.40e+01 | GE=2.85e-04 | 
Amp=0.00e+00 | Total=2.51e+01
  1337.7s | Epoch  4400 | BTE=9.93e-01 | Energy=4.24e-02 | BC=1.01e-04 | 
IC_n=3.98e-03 | IC_T=0.00e+00 | dT=0.00e+00 | WP=2.40e+01 | GE=1.23e-03 | 
Amp=0.00e+00 | Total=2.51e+01
  1397.9s | Epoch  4600 | BTE=9.42e-01 | Energy=4.61e-02 | BC=1.01e-04 | 
IC_n=4.08e-03 | IC_T=0.00e+00 | dT=0.00e+00 | WP=2.40e+01 | GE=1.69e-04 | 
Amp=0.00e+00 | Total=2.49e+01
  1459.5s | Epoch  4800 | BTE=9.04e-01 | Energy=4.68e-02 | BC=1.14e-04 | 
IC_n=4.22e-03 | IC_T=0.00e+00 | dT=0.00e+00 | WP=2.39e+01 | GE=4.04e-04 | 
Amp=0.00e+00 | Total=2.49e+01
  1520.5s | Epoch  5000 | BTE=9.03e-01 | Energy=5.38e-02 | BC=1.16e-04 | 
IC_n=3.98e-03 | IC_T=0.00e+00 | dT=0.00e+00 | WP=2.38e+01 | GE=3.71e-04 | 
Amp=0.00e+00 | Total=2.48e+01
  1581.8s | Epoch  5200 | BTE=8.39e-01 | Energy=5.28e-02 | BC=1.21e-04 | 
IC_n=4.05e-03 | IC_T=0.00e+00 | dT=0.00e+00 | WP=2.38e+01 | GE=6.24e-05 | 
Amp=0.00e+00 | Total=2.47e+01
  1642.5s | Epoch  5400 | BTE=8.37e-01 | Energy=5.63e-02 | BC=1.27e-04 | 
IC_n=4.17e-03 | IC_T=0.00e+00 | dT=0.00e+00 | WP=2.37e+01 | GE=3.63e-05 | 
Amp=0.00e+00 | Total=2.46e+01
  1704.2s | Epoch  5600 | BTE=7.84e-01 | Energy=6.09e-02 | BC=1.29e-04 | 
IC_n=4.24e-03 | IC_T=0.00e+00 | dT=0.00e+00 | WP=2.36e+01 | GE=2.87e-04 | 
Amp=0.00e+00 | Total=2.45e+01
  1765.3s | Epoch  5800 | BTE=7.74e-01 | Energy=6.02e-02 | BC=1.40e-04 | 
IC_n=4.07e-03 | IC_T=0.00e+00 | dT=0.00e+00 | WP=2.36e+01 | GE=1.54e-07 | 
Amp=0.00e+00 | Total=2.44e+01
  1825.5s | Epoch  6000 | BTE=7.50e-01 | Energy=6.43e-02 | BC=1.69e-04 | 
IC_n=4.37e-03 | IC_T=0.00e+00 | dT=0.00e+00 | WP=2.35e+01 | GE=6.49e-09 | 
Amp=0.00e+00 | Total=2.43e+01
  1887.1s | Epoch  6200 | BTE=7.16e-01 | Energy=6.54e-02 | BC=1.91e-04 | 
IC_n=4.45e-03 | IC_T=0.00e+00 | dT=0.00e+00 | WP=2.35e+01 | GE=2.64e-06 | 
Amp=0.00e+00 | Total=2.42e+01
  1947.0s | Epoch  6400 | BTE=7.86e-01 | Energy=5.83e-02 | BC=2.06e-04 | 
IC_n=3.76e-03 | IC_T=0.00e+00 | dT=0.00e+00 | WP=2.34e+01 | GE=1.00e-04 | 
Amp=0.00e+00 | Total=2.43e+01
  2007.7s | Epoch  6600 | BTE=7.06e-01 | Energy=5.85e-02 | BC=2.51e-04 | 
IC_n=4.12e-03 | IC_T=0.00e+00 | dT=0.00e+00 | WP=2.34e+01 | GE=1.72e-04 | 
Amp=0.00e+00 | Total=2.41e+01
  2068.8s | Epoch  6800 | BTE=6.80e-01 | Energy=5.93e-02 | BC=2.93e-04 | 
IC_n=4.16e-03 | IC_T=0.00e+00 | dT=0.00e+00 | WP=2.33e+01 | GE=1.84e-04 | 
Amp=0.00e+00 | Total=2.41e+01
  2131.4s | Epoch  7000 | BTE=6.58e-01 | Energy=6.17e-02 | BC=3.57e-04 | 
IC_n=4.48e-03 | IC_T=0.00e+00 | dT=0.00e+00 | WP=2.33e+01 | GE=5.07e-05 | 
Amp=0.00e+00 | Total=2.40e+01
  2192.0s | Epoch  7200 | BTE=6.36e-01 | Energy=6.31e-02 | BC=4.04e-04 | 
IC_n=4.20e-03 | IC_T=0.00e+00 | dT=0.00e+00 | WP=2.32e+01 | GE=9.87e-05 | 
Amp=0.00e+00 | Total=2.39e+01
  2253.2s | Epoch  7400 | BTE=6.28e-01 | Energy=6.79e-02 | BC=4.76e-04 | 
IC_n=4.76e-03 | IC_T=0.00e+00 | dT=0.00e+00 | WP=2.31e+01 | GE=8.60e-08 | 
Amp=0.00e+00 | Total=2.38e+01
  2313.1s | Epoch  7600 | BTE=6.07e-01 | Energy=6.53e-02 | BC=5.18e-04 | 
IC_n=4.39e-03 | IC_T=0.00e+00 | dT=0.00e+00 | WP=2.30e+01 | GE=4.41e-06 | 
Amp=0.00e+00 | Total=2.37e+01
  2374.7s | Epoch  7800 | BTE=5.71e-01 | Energy=7.14e-02 | BC=6.15e-04 | 
IC_n=4.53e-03 | IC_T=0.00e+00 | dT=0.00e+00 | WP=2.30e+01 | GE=1.35e-04 | 
Amp=0.00e+00 | Total=2.36e+01
  2435.3s | Epoch  8000 | BTE=5.57e-01 | Energy=6.60e-02 | BC=6.71e-04 | 
IC_n=4.53e-03 | IC_T=0.00e+00 | dT=0.00e+00 | WP=2.29e+01 | GE=7.41e-04 | 
Amp=0.00e+00 | Total=2.35e+01
  2496.2s | Epoch  8200 | BTE=5.51e-01 | Energy=6.90e-02 | BC=7.78e-04 | 
IC_n=4.75e-03 | IC_T=0.00e+00 | dT=0.00e+00 | WP=2.28e+01 | GE=1.61e-05 | 
Amp=0.00e+00 | Total=2.34e+01
  2556.5s | Epoch  8400 | BTE=5.17e-01 | Energy=6.52e-02 | BC=8.21e-04 | 
IC_n=4.34e-03 | IC_T=0.00e+00 | dT=0.00e+00 | WP=2.27e+01 | GE=1.66e-05 | 
Amp=0.00e+00 | Total=2.33e+01
  2616.5s | Epoch  8600 | BTE=4.94e-01 | Energy=6.97e-02 | BC=9.08e-04 | 
IC_n=4.49e-03 | IC_T=0.00e+00 | dT=0.00e+00 | WP=2.27e+01 | GE=5.62e-06 | 
Amp=0.00e+00 | Total=2.33e+01
  2677.2s | Epoch  8800 | BTE=4.84e-01 | Energy=6.70e-02 | BC=9.35e-04 | 
IC_n=4.38e-03 | IC_T=0.00e+00 | dT=0.00e+00 | WP=2.27e+01 | GE=2.16e-04 | 
Amp=0.00e+00 | Total=2.32e+01
  2738.5s | Epoch  9000 | BTE=4.60e-01 | Energy=6.95e-02 | BC=1.02e-03 | 
IC_n=4.67e-03 | IC_T=0.00e+00 | dT=0.00e+00 | WP=2.26e+01 | GE=7.24e-05 | 
Amp=0.00e+00 | Total=2.31e+01
  2798.6s | Epoch  9200 | BTE=4.55e-01 | Energy=7.33e-02 | BC=1.07e-03 | 
IC_n=4.54e-03 | IC_T=0.00e+00 | dT=0.00e+00 | WP=2.26e+01 | GE=9.17e-04 | 
Amp=0.00e+00 | Total=2.31e+01
  2860.1s | Epoch  9400 | BTE=4.29e-01 | Energy=7.86e-02 | BC=1.12e-03 | 
IC_n=4.77e-03 | IC_T=0.00e+00 | dT=0.00e+00 | WP=2.26e+01 | GE=4.22e-05 | 
Amp=0.00e+00 | Total=2.31e+01
  2920.3s | Epoch  9600 | BTE=4.21e-01 | Energy=7.12e-02 | BC=1.11e-03 | 
IC_n=4.53e-03 | IC_T=0.00e+00 | dT=0.00e+00 | WP=2.26e+01 | GE=1.84e-03 | 
Amp=0.00e+00 | Total=2.31e+01
  2981.0s | Epoch  9800 | BTE=4.12e-01 | Energy=6.99e-02 | BC=1.14e-03 | 
IC_n=4.88e-03 | IC_T=0.00e+00 | dT=0.00e+00 | WP=2.26e+01 | GE=1.29e-04 | 
Amp=0.00e+00 | Total=2.31e+01
  3041.5s | Epoch 10000 | BTE=3.89e-01 | Energy=7.16e-02 | BC=1.15e-03 | 
IC_n=4.68e-03 | IC_T=0.00e+00 | dT=0.00e+00 | WP=2.26e+01 | GE=2.67e-06 | 
Amp=0.00e+00 | Total=2.31e+01
  3102.7s | Epoch 10200 | BTE=3.83e-01 | Energy=6.71e-02 | BC=1.13e-03 | 
IC_n=4.85e-03 | IC_T=0.00e+00 | dT=0.00e+00 | WP=2.26e+01 | GE=4.19e-04 | 
Amp=0.00e+00 | Total=2.30e+01
  3164.1s | Epoch 10400 | BTE=3.77e-01 | Energy=6.60e-02 | BC=1.15e-03 | 
IC_n=4.97e-03 | IC_T=0.00e+00 | dT=0.00e+00 | WP=2.26e+01 | GE=1.01e-03 | 
Amp=0.00e+00 | Total=2.30e+01
  3225.2s | Epoch 10600 | BTE=3.78e-01 | Energy=6.63e-02 | BC=1.16e-03 | 
IC_n=4.87e-03 | IC_T=0.00e+00 | dT=0.00e+00 | WP=2.26e+01 | GE=2.37e-05 | 
Amp=0.00e+00 | Total=2.31e+01
  3287.3s | Epoch 10800 | BTE=3.67e-01 | Energy=6.70e-02 | BC=1.14e-03 | 
IC_n=4.92e-03 | IC_T=0.00e+00 | dT=0.00e+00 | WP=2.26e+01 | GE=4.53e-05 | 
Amp=0.00e+00 | Total=2.31e+01
  3347.9s | Epoch 11000 | BTE=3.56e-01 | Energy=6.43e-02 | BC=1.18e-03 | 
IC_n=5.11e-03 | IC_T=0.00e+00 | dT=0.00e+00 | WP=2.26e+01 | GE=9.36e-04 | 
Amp=0.00e+00 | Total=2.30e+01
  3409.7s | Epoch 11200 | BTE=3.64e-01 | Energy=6.31e-02 | BC=1.16e-03 | 
IC_n=4.92e-03 | IC_T=0.00e+00 | dT=0.00e+00 | WP=2.26e+01 | GE=7.77e-05 | 
Amp=0.00e+00 | Total=2.31e+01
  3470.2s | Epoch 11400 | BTE=3.53e-01 | Energy=6.33e-02 | BC=1.15e-03 | 
IC_n=4.96e-03 | IC_T=0.00e+00 | dT=0.00e+00 | WP=2.26e+01 | GE=7.29e-04 | 
Amp=0.00e+00 | Total=2.31e+01
  3530.7s | Epoch 11600 | BTE=3.53e-01 | Energy=6.22e-02 | BC=1.14e-03 | 
IC_n=5.13e-03 | IC_T=0.00e+00 | dT=0.00e+00 | WP=2.26e+01 | GE=2.64e-05 | 
Amp=0.00e+00 | Total=2.30e+01
  3591.9s | Epoch 11800 | BTE=3.62e-01 | Energy=6.43e-02 | BC=1.14e-03 | 
IC_n=5.21e-03 | IC_T=0.00e+00 | dT=0.00e+00 | WP=2.26e+01 | GE=6.52e-05 | 
Amp=0.00e+00 | Total=2.31e+01
  3653.4s | Epoch 12000 | BTE=3.41e-01 | Energy=6.02e-02 | BC=1.15e-03 | 
IC_n=5.02e-03 | IC_T=0.00e+00 | dT=0.00e+00 | WP=2.26e+01 | GE=5.08e-04 | 
Amp=0.00e+00 | Total=2.30e+01
  3713.1s | Epoch 12200 | BTE=3.42e-01 | Energy=6.13e-02 | BC=1.16e-03 | 
IC_n=5.11e-03 | IC_T=0.00e+00 | dT=0.00e+00 | WP=2.26e+01 | GE=5.62e-04 | 
Amp=0.00e+00 | Total=2.30e+01
  3772.6s | Epoch 12400 | BTE=3.36e-01 | Energy=6.05e-02 | BC=1.14e-03 | 
IC_n=5.16e-03 | IC_T=0.00e+00 | dT=0.00e+00 | WP=2.26e+01 | GE=7.43e-04 | 
Amp=0.00e+00 | Total=2.30e+01
  3833.9s | Epoch 12600 | BTE=3.33e-01 | Energy=6.03e-02 | BC=1.15e-03 | 
IC_n=5.28e-03 | IC_T=0.00e+00 | dT=0.00e+00 | WP=2.26e+01 | GE=1.68e-03 | 
Amp=0.00e+00 | Total=2.30e+01
  3894.2s | Epoch 12800 | BTE=3.49e-01 | Energy=5.90e-02 | BC=1.14e-03 | 
IC_n=5.50e-03 | IC_T=0.00e+00 | dT=0.00e+00 | WP=2.26e+01 | GE=7.48e-05 | 
Amp=0.00e+00 | Total=2.30e+01
  3955.0s | Epoch 13000 | BTE=3.30e-01 | Energy=6.01e-02 | BC=1.14e-03 | 
IC_n=5.16e-03 | IC_T=0.00e+00 | dT=0.00e+00 | WP=2.26e+01 | GE=1.18e-03 | 
Amp=0.00e+00 | Total=2.30e+01
  4015.1s | Epoch 13200 | BTE=3.33e-01 | Energy=6.03e-02 | BC=1.15e-03 | 
IC_n=5.08e-03 | IC_T=0.00e+00 | dT=0.00e+00 | WP=2.26e+01 | GE=1.04e-04 | 
Amp=0.00e+00 | Total=2.30e+01
  4077.0s | Epoch 13400 | BTE=3.36e-01 | Energy=5.99e-02 | BC=1.14e-03 | 
IC_n=5.19e-03 | IC_T=0.00e+00 | dT=0.00e+00 | WP=2.26e+01 | GE=1.81e-04 | 
Amp=0.00e+00 | Total=2.30e+01
  4137.7s | Epoch 13600 | BTE=3.30e-01 | Energy=5.94e-02 | BC=1.15e-03 | 
IC_n=5.21e-03 | IC_T=0.00e+00 | dT=0.00e+00 | WP=2.26e+01 | GE=9.38e-05 | 
Amp=0.00e+00 | Total=2.30e+01
  4200.6s | Epoch 13800 | BTE=3.37e-01 | Energy=6.03e-02 | BC=1.15e-03 | 
IC_n=5.18e-03 | IC_T=0.00e+00 | dT=0.00e+00 | WP=2.26e+01 | GE=6.85e-05 | 
Amp=0.00e+00 | Total=2.30e+01
  4261.0s | Epoch 14000 | BTE=3.24e-01 | Energy=5.87e-02 | BC=1.16e-03 | 
IC_n=5.23e-03 | IC_T=0.00e+00 | dT=0.00e+00 | WP=2.26e+01 | GE=4.27e-04 | 
Amp=0.00e+00 | Total=2.30e+01
  4322.1s | Epoch 14200 | BTE=3.31e-01 | Energy=5.82e-02 | BC=1.15e-03 | 
IC_n=5.20e-03 | IC_T=0.00e+00 | dT=0.00e+00 | WP=2.26e+01 | GE=8.06e-05 | 
Amp=0.00e+00 | Total=2.30e+01
  4383.4s | Epoch 14400 | BTE=3.21e-01 | Energy=5.79e-02 | BC=1.15e-03 | 
IC_n=5.23e-03 | IC_T=0.00e+00 | dT=0.00e+00 | WP=2.26e+01 | GE=1.70e-04 | 
Amp=0.00e+00 | Total=2.30e+01
  4442.9s | Epoch 14600 | BTE=3.27e-01 | Energy=5.84e-02 | BC=1.16e-03 | 
IC_n=5.22e-03 | IC_T=0.00e+00 | dT=0.00e+00 | WP=2.26e+01 | GE=6.69e-04 | 
Amp=0.00e+00 | Total=2.30e+01
  4503.5s | Epoch 14800 | BTE=3.28e-01 | Energy=5.87e-02 | BC=1.16e-03 | 
IC_n=5.29e-03 | IC_T=0.00e+00 | dT=0.00e+00 | WP=2.26e+01 | GE=5.24e-05 | 
Amp=0.00e+00 | Total=2.30e+01
╭───────────────────────────── Training Complete ──────────────────────────────╮
│   Time      4564.89s                                                         │
│   Output    runs/transient/1d_nongray_large_dt_0.01um_100K/20260707_152249   │
│   Saved     net_T_20260707_152249.pt                                         │
│   Saved     net_n_20260707_152249.pt                                         │
│   Saved     net_beta_20260707_152249.pt                                      │
╰──────────────────────────────────────────────────────────────────────────────╯
wandb: 
wandb: Run summary:
wandb: physics/local_dir runs/transient/1d_no...
wandb: 
wandb: You can sync this run to the cloud by running:
wandb: wandb sync /home/markoherkaliuk/src/pinn-bte-zoo/wandb/offline-run-20260707_152254-x0ml89u7
wandb: Find logs at: ./wandb/offline-run-20260707_152254-x0ml89u7/logs
Results saved to: 
runs/transient/1d_nongray_large_dt_0.01um_100K/20260707_152249/20260707_152249_r
esults.npz
  Generating visualizations...
Saved heatmap: runs/transient/1d_nongray_large_dt_0.01um_100K/20260707_152249/heatmap_20260707_152249.png
Saved snapshots: runs/transient/1d_nongray_large_dt_0.01um_100K/20260707_152249/snapshots_20260707_152249.png
Saved BC check: runs/transient/1d_nongray_large_dt_0.01um_100K/20260707_152249/bc_check_20260707_152249.png
Saved IC check: runs/transient/1d_nongray_large_dt_0.01um_100K/20260707_152249/ic_check_20260707_152249.png
Saved animation: runs/transient/1d_nongray_large_dt_0.01um_100K/20260707_152249/animation_20260707_152249.gif
  Saved: loss_20260707_152249.png
  Amplitude: A(0)=50.0000, A(end)=44.5785 (10.8% decay)
  Energy drift: 0.6018
  ⚠ Drift: mean(T)=0.602
  Saved: 
runs/transient/1d_nongray_large_dt_0.01um_100K/20260707_152249/amplitude_decay_2
0260707_152249.png

Done!
>>> archb1b arm=logt-nt120-B done exit=0 Tue Jul  7 04:39:06 PM EEST 2026
=== arch campaign batch1b DONE Tue Jul  7 04:39:06 PM EEST 2026 ===
