=== arch campaign batch1 QUEUED Fri Jul  3 10:03:55 PM EEST 2026 git=3fbf214 ===
=== gpu free Sat Jul  4 08:14:13 AM EEST 2026 ===
>>> archb1 pilot arm=cap-w64d8-wp0 Sat Jul  4 08:14:13 AM EEST 2026

Mode: nongray_large_dt - Mode-resolved with β-network, large ΔT (~100K)
[07/04/26 08:14:14] INFO     use_spectral_t=True: forcing use_hard_ic=False     
                             (spectral architecture handles IC by construction).
[07/04/26 08:14:14] INFO     use_spectral_t=True: forcing use_hard_ic=False     
                             (spectral architecture handles IC by construction).
                    INFO     Random seed set: 42                                
                    INFO     Random seed set: 42                                
                    INFO     Lt from dom γ: 97.322 τ_ref (gray Lt was 549.202)  
                    INFO     Lt from dom γ: 97.322 τ_ref (gray Lt was 549.202)  
                    INFO     Analytical Lt: A(Lt)=0.001 threshold,              
                             Lt_analytical=549.2τ, Lt_final=97.3τ               
                    INFO     Analytical Lt: A(Lt)=0.001 threshold,              
                             Lt_analytical=549.2τ, Lt_final=97.3τ               
[07/04/26 08:14:15] INFO     Large ΔT model: L=1.0μm, ΔT=100.0K                 
[07/04/26 08:14:15] INFO     Large ΔT model: L=1.0μm, ΔT=100.0K                 
                    INFO     Temperature range: [250K, 350K]                    
                    INFO     Temperature range: [250K, 350K]                    
                    INFO     Reference scales: v_ref=1.68e+00, τ_ref=6.05e-11   
                    INFO     Reference scales: v_ref=1.68e+00, τ_ref=6.05e-11   
                    INFO     Effective Kn=0.1015, Lt=97.3                       
                    INFO     Effective Kn=0.1015, Lt=97.3                       
                    INFO     Vectorized: ALL 60 modes × ALL 16 angles per epoch 
                    INFO     Vectorized: ALL 60 modes × ALL 16 angles per epoch 
                    INFO     Subsampling: 1800/3600 interior points per epoch   
                    INFO     Subsampling: 1800/3600 interior points per epoch   
[07/04/26 08:14:19] INFO     DOM γ-target (universal, all-L): grid [250,350]K,  
                             γ_no13 ∈ [1.08e+09,1.34e+09] Hz (replaces          
                             1/(1+Kn²))                                         
[07/04/26 08:14:19] INFO     DOM γ-target (universal, all-L): grid [250,350]K,  
                             γ_no13 ∈ [1.08e+09,1.34e+09] Hz (replaces          
                             1/(1+Kn²))                                         
                    INFO     dT/dt IC (large ΔT): target range [-6.334, 7.894]  
                             in [0,1] time                                      
                    INFO     dT/dt IC (large ΔT): target range [-6.334, 7.894]  
                             in [0,1] time                                      
                    INFO     Waypoints: 5 (uniform), weight=0.0, shape=rate     
                    INFO     Waypoints: 5 (uniform), weight=0.0, shape=rate     
                    INFO     Auto energy weight: 1.000 (grating Kn=0.6379,      
                             Kn_eff=0.1015)                                     
                    INFO     Auto energy weight: 1.000 (grating Kn=0.6379,      
                             Kn_eff=0.1015)                                     
[07/04/26 08:14:19] INFO     W&B tracking enabled: project=pinn-bte,            
                             group=transient_1d_nongray_large_dt                
                    INFO     W&B tracking enabled: project=pinn-bte,            
                             group=transient_1d_nongray_large_dt                

1D Nongray Large ΔT Transient BTE
  L = 1.0 μm, ΔT = 100.0 K
  T range: [250K, 350K]
  Kn_eff = 0.1015
  Epochs: 15000 (β: 200)
  Output: runs/transient/1d_nongray_large_dt_1.0um_100K/20260704_081414
                    INFO     Logging to:                                        
                             runs/transient/1d_nongray_large_dt_1.0um_100K/20260
                             704_081414/training_20260704_081414.log            
                    INFO     Logging to:                                        
                             runs/transient/1d_nongray_large_dt_1.0um_100K/20260
                             704_081414/training_20260704_081414.log            
wandb: WARNING Using a boolean value for 'reinit' is deprecated. Use 'return_previous' or 'finish_previous' instead.
wandb: Tracking run with wandb version 0.24.1
wandb: W&B syncing is set to `offline` in this directory. Run `wandb online` or set WANDB_MODE=online to enable cloud syncing.
wandb: Run data is saved locally in /home/markoherkaliuk/src/pinn-bte-zoo/wandb/offline-run-20260704_081419-5ddcfe9m
[07/04/26 08:14:19] INFO     Started W&B run: tr_1d_ng_L1.0um_dT100K ·          
                             20260704_081414 (5ddcfe9m)                         
                    INFO     Started W&B run: tr_1d_ng_L1.0um_dT100K ·          
                             20260704_081414 (5ddcfe9m)                         

Phase 1: Pretraining β-network
  Temperature range: [250K, 350K]
  Epochs: 200
     0.2s | Epoch     0 | β Loss = 1.58e+00
  β pretraining complete! Final loss: 2.94e-01
╭───────────────────────────── Starting Training ──────────────────────────────╮
│   Mode      Transient_Nongray_LargeDT                                        │
│   Epochs    15000                                                            │
│   Device    cuda                                                             │
│   Run ID    20260704_081414                                                  │
╰──────────────────────────────────────────────────────────────────────────────╯

Phase 2: BTE Training
  L = 1.0 μm, ΔT = 100.0K
  T range: [250K, 350K]
  Kn_eff = 0.1015
  τ(T) model = holland (full branch-resolved Holland--Callaway)
  Waypoints: 5 (uniform), weight=0.0
  ALL 60 modes × ALL 16 angles (vectorized)
  Epochs: 15000
     0.7s | Epoch     0 | BTE=8.85e+00 | Energy=1.28e+00 | BC=7.42e-04 | 
IC_n=9.11e-04 | IC_T=0.00e+00 | dT=0.00e+00 | WP=1.10e+01 | GE=4.13e-04 | 
Amp=0.00e+00 | Total=2.12e+01
    75.8s | Epoch   200 | BTE=2.08e+00 | Energy=1.50e+00 | BC=4.40e-02 | 
IC_n=5.20e-02 | IC_T=0.00e+00 | dT=0.00e+00 | WP=4.01e+00 | GE=9.14e-05 | 
Amp=0.00e+00 | Total=7.69e+00
   150.7s | Epoch   400 | BTE=1.72e+00 | Energy=1.06e+00 | BC=2.98e-02 | 
IC_n=3.81e-02 | IC_T=0.00e+00 | dT=0.00e+00 | WP=3.53e+00 | GE=9.65e-06 | 
Amp=0.00e+00 | Total=6.38e+00
   226.2s | Epoch   600 | BTE=1.62e+00 | Energy=8.83e-01 | BC=3.26e-02 | 
IC_n=3.12e-02 | IC_T=0.00e+00 | dT=0.00e+00 | WP=3.34e+00 | GE=3.33e-04 | 
Amp=0.00e+00 | Total=5.91e+00
   301.2s | Epoch   800 | BTE=1.53e+00 | Energy=8.09e-01 | BC=3.56e-02 | 
IC_n=1.67e-02 | IC_T=0.00e+00 | dT=0.00e+00 | WP=3.15e+00 | GE=6.00e-06 | 
Amp=0.00e+00 | Total=5.54e+00
   375.7s | Epoch  1000 | BTE=1.51e+00 | Energy=6.99e-01 | BC=3.47e-02 | 
IC_n=1.27e-02 | IC_T=0.00e+00 | dT=0.00e+00 | WP=3.03e+00 | GE=3.36e-05 | 
Amp=0.00e+00 | Total=5.28e+00
   450.1s | Epoch  1200 | BTE=1.43e+00 | Energy=6.29e-01 | BC=3.39e-02 | 
IC_n=6.97e-03 | IC_T=0.00e+00 | dT=0.00e+00 | WP=2.94e+00 | GE=3.31e-09 | 
Amp=0.00e+00 | Total=5.04e+00
   524.6s | Epoch  1400 | BTE=1.29e+00 | Energy=5.97e-01 | BC=3.76e-02 | 
IC_n=1.25e-02 | IC_T=0.00e+00 | dT=0.00e+00 | WP=2.85e+00 | GE=5.63e-05 | 
Amp=0.00e+00 | Total=4.79e+00
   599.3s | Epoch  1600 | BTE=1.26e+00 | Energy=5.42e-01 | BC=3.58e-02 | 
IC_n=3.95e-03 | IC_T=0.00e+00 | dT=0.00e+00 | WP=2.80e+00 | GE=4.89e-05 | 
Amp=0.00e+00 | Total=4.64e+00
   675.0s | Epoch  1800 | BTE=1.25e+00 | Energy=5.06e-01 | BC=3.48e-02 | 
IC_n=3.48e-03 | IC_T=0.00e+00 | dT=0.00e+00 | WP=2.86e+00 | GE=6.51e-05 | 
Amp=0.00e+00 | Total=4.66e+00
   750.5s | Epoch  2000 | BTE=1.28e+00 | Energy=5.23e-01 | BC=3.58e-02 | 
IC_n=2.98e-03 | IC_T=0.00e+00 | dT=0.00e+00 | WP=2.88e+00 | GE=1.35e-05 | 
Amp=0.00e+00 | Total=4.72e+00
   826.1s | Epoch  2200 | BTE=1.17e+00 | Energy=5.48e-01 | BC=3.97e-02 | 
IC_n=6.26e-03 | IC_T=0.00e+00 | dT=0.00e+00 | WP=2.82e+00 | GE=6.28e-05 | 
Amp=0.00e+00 | Total=4.58e+00
   900.4s | Epoch  2400 | BTE=1.21e+00 | Energy=5.26e-01 | BC=3.73e-02 | 
IC_n=2.68e-03 | IC_T=0.00e+00 | dT=0.00e+00 | WP=2.82e+00 | GE=2.27e-05 | 
Amp=0.00e+00 | Total=4.60e+00
   975.4s | Epoch  2600 | BTE=1.19e+00 | Energy=4.73e-01 | BC=3.93e-02 | 
IC_n=5.05e-03 | IC_T=0.00e+00 | dT=0.00e+00 | WP=2.85e+00 | GE=4.67e-05 | 
Amp=0.00e+00 | Total=4.56e+00
  1050.3s | Epoch  2800 | BTE=1.19e+00 | Energy=4.84e-01 | BC=4.14e-02 | 
IC_n=3.20e-03 | IC_T=0.00e+00 | dT=0.00e+00 | WP=2.87e+00 | GE=1.05e-05 | 
Amp=0.00e+00 | Total=4.59e+00
  1125.1s | Epoch  3000 | BTE=1.26e+00 | Energy=4.71e-01 | BC=3.67e-02 | 
IC_n=2.27e-03 | IC_T=0.00e+00 | dT=0.00e+00 | WP=2.87e+00 | GE=6.38e-05 | 
Amp=0.00e+00 | Total=4.64e+00
  1200.5s | Epoch  3200 | BTE=1.18e+00 | Energy=4.60e-01 | BC=3.55e-02 | 
IC_n=1.32e-02 | IC_T=0.00e+00 | dT=0.00e+00 | WP=2.82e+00 | GE=7.84e-10 | 
Amp=0.00e+00 | Total=4.50e+00
  1274.9s | Epoch  3400 | BTE=1.18e+00 | Energy=4.41e-01 | BC=3.74e-02 | 
IC_n=7.06e-03 | IC_T=0.00e+00 | dT=0.00e+00 | WP=2.86e+00 | GE=2.12e-04 | 
Amp=0.00e+00 | Total=4.53e+00
  1349.8s | Epoch  3600 | BTE=1.11e+00 | Energy=4.29e-01 | BC=3.50e-02 | 
IC_n=7.33e-03 | IC_T=0.00e+00 | dT=0.00e+00 | WP=2.73e+00 | GE=2.30e-04 | 
Amp=0.00e+00 | Total=4.31e+00
  1424.8s | Epoch  3800 | BTE=1.05e+00 | Energy=4.07e-01 | BC=3.30e-02 | 
IC_n=1.95e-03 | IC_T=0.00e+00 | dT=0.00e+00 | WP=2.59e+00 | GE=6.62e-05 | 
Amp=0.00e+00 | Total=4.09e+00
  1499.6s | Epoch  4000 | BTE=9.98e-01 | Energy=3.59e-01 | BC=2.85e-02 | 
IC_n=1.70e-03 | IC_T=0.00e+00 | dT=0.00e+00 | WP=2.24e+00 | GE=1.45e-04 | 
Amp=0.00e+00 | Total=3.63e+00
  1574.9s | Epoch  4200 | BTE=8.97e-01 | Energy=3.08e-01 | BC=2.35e-02 | 
IC_n=1.51e-03 | IC_T=0.00e+00 | dT=0.00e+00 | WP=1.88e+00 | GE=7.95e-05 | 
Amp=0.00e+00 | Total=3.11e+00
  1649.5s | Epoch  4400 | BTE=5.87e-01 | Energy=2.21e-01 | BC=1.72e-02 | 
IC_n=1.77e-03 | IC_T=0.00e+00 | dT=0.00e+00 | WP=1.25e+00 | GE=6.93e-08 | 
Amp=0.00e+00 | Total=2.08e+00
  1724.2s | Epoch  4600 | BTE=5.18e-01 | Energy=1.46e-01 | BC=1.14e-02 | 
IC_n=1.36e-03 | IC_T=0.00e+00 | dT=0.00e+00 | WP=7.54e-01 | GE=1.37e-05 | 
Amp=0.00e+00 | Total=1.43e+00
  1798.1s | Epoch  4800 | BTE=3.11e-01 | Energy=7.37e-02 | BC=6.58e-03 | 
IC_n=1.19e-03 | IC_T=0.00e+00 | dT=0.00e+00 | WP=4.35e-01 | GE=3.61e-05 | 
Amp=0.00e+00 | Total=8.27e-01
  1872.6s | Epoch  5000 | BTE=2.51e-01 | Energy=4.27e-02 | BC=3.90e-03 | 
IC_n=1.09e-03 | IC_T=0.00e+00 | dT=0.00e+00 | WP=1.90e-01 | GE=9.99e-07 | 
Amp=0.00e+00 | Total=4.89e-01
  1949.8s | Epoch  5200 | BTE=2.45e-01 | Energy=3.79e-02 | BC=2.49e-03 | 
IC_n=1.74e-03 | IC_T=0.00e+00 | dT=0.00e+00 | WP=1.16e-01 | GE=5.06e-06 | 
Amp=0.00e+00 | Total=4.03e-01
  2024.6s | Epoch  5400 | BTE=2.01e-01 | Energy=6.06e-02 | BC=1.84e-03 | 
IC_n=1.57e-03 | IC_T=0.00e+00 | dT=0.00e+00 | WP=9.13e-02 | GE=1.11e-05 | 
Amp=0.00e+00 | Total=3.57e-01
  2100.1s | Epoch  5600 | BTE=2.17e-01 | Energy=2.67e-02 | BC=1.39e-03 | 
IC_n=1.80e-03 | IC_T=0.00e+00 | dT=0.00e+00 | WP=5.46e-02 | GE=1.67e-07 | 
Amp=0.00e+00 | Total=3.02e-01
  2175.1s | Epoch  5800 | BTE=1.92e-01 | Energy=2.34e-02 | BC=1.15e-03 | 
IC_n=2.67e-03 | IC_T=0.00e+00 | dT=0.00e+00 | WP=4.63e-02 | GE=3.75e-06 | 
Amp=0.00e+00 | Total=2.66e-01
  2249.6s | Epoch  6000 | BTE=1.69e-01 | Energy=1.03e-02 | BC=8.80e-04 | 
IC_n=2.24e-03 | IC_T=0.00e+00 | dT=0.00e+00 | WP=2.84e-02 | GE=6.64e-06 | 
Amp=0.00e+00 | Total=2.11e-01
  2324.9s | Epoch  6200 | BTE=1.15e-01 | Energy=8.89e-03 | BC=8.24e-04 | 
IC_n=2.63e-03 | IC_T=0.00e+00 | dT=0.00e+00 | WP=2.01e-02 | GE=4.30e-07 | 
Amp=0.00e+00 | Total=1.47e-01
  2399.0s | Epoch  6400 | BTE=1.59e-01 | Energy=8.21e-03 | BC=8.03e-04 | 
IC_n=3.88e-03 | IC_T=0.00e+00 | dT=0.00e+00 | WP=1.98e-02 | GE=2.51e-06 | 
Amp=0.00e+00 | Total=1.92e-01
  2474.0s | Epoch  6600 | BTE=1.95e-01 | Energy=9.56e-03 | BC=6.36e-04 | 
IC_n=3.51e-03 | IC_T=0.00e+00 | dT=0.00e+00 | WP=1.50e-02 | GE=3.22e-06 | 
Amp=0.00e+00 | Total=2.23e-01
  2549.2s | Epoch  6800 | BTE=1.48e-01 | Energy=6.67e-03 | BC=6.51e-04 | 
IC_n=2.52e-03 | IC_T=0.00e+00 | dT=0.00e+00 | WP=1.61e-02 | GE=5.14e-07 | 
Amp=0.00e+00 | Total=1.74e-01
  2625.2s | Epoch  7000 | BTE=1.33e-01 | Energy=1.30e-02 | BC=5.49e-04 | 
IC_n=7.87e-03 | IC_T=0.00e+00 | dT=0.00e+00 | WP=1.05e-02 | GE=8.78e-07 | 
Amp=0.00e+00 | Total=1.65e-01
  2700.6s | Epoch  7200 | BTE=9.93e-02 | Energy=4.81e-03 | BC=4.91e-04 | 
IC_n=2.87e-03 | IC_T=0.00e+00 | dT=0.00e+00 | WP=1.01e-02 | GE=4.86e-06 | 
Amp=0.00e+00 | Total=1.18e-01
  2776.2s | Epoch  7400 | BTE=7.17e-02 | Energy=1.94e-02 | BC=4.91e-04 | 
IC_n=1.97e-02 | IC_T=0.00e+00 | dT=0.00e+00 | WP=9.52e-03 | GE=1.54e-06 | 
Amp=0.00e+00 | Total=1.21e-01
  2850.7s | Epoch  7600 | BTE=1.25e-01 | Energy=6.66e-03 | BC=4.49e-04 | 
IC_n=3.72e-03 | IC_T=0.00e+00 | dT=0.00e+00 | WP=7.21e-03 | GE=2.70e-06 | 
Amp=0.00e+00 | Total=1.43e-01
  2926.1s | Epoch  7800 | BTE=1.13e-01 | Energy=4.00e-03 | BC=4.26e-04 | 
IC_n=3.16e-03 | IC_T=0.00e+00 | dT=0.00e+00 | WP=7.03e-03 | GE=6.25e-06 | 
Amp=0.00e+00 | Total=1.27e-01
  3000.7s | Epoch  8000 | BTE=7.18e-02 | Energy=9.46e-03 | BC=4.22e-04 | 
IC_n=7.43e-03 | IC_T=0.00e+00 | dT=0.00e+00 | WP=5.24e-03 | GE=8.91e-08 | 
Amp=0.00e+00 | Total=9.43e-02
  3074.3s | Epoch  8200 | BTE=7.71e-02 | Energy=1.14e-02 | BC=4.17e-04 | 
IC_n=3.15e-03 | IC_T=0.00e+00 | dT=0.00e+00 | WP=5.64e-03 | GE=1.73e-07 | 
Amp=0.00e+00 | Total=9.77e-02
  3149.1s | Epoch  8400 | BTE=9.28e-02 | Energy=6.67e-03 | BC=3.83e-04 | 
IC_n=5.23e-03 | IC_T=0.00e+00 | dT=0.00e+00 | WP=4.30e-03 | GE=7.95e-06 | 
Amp=0.00e+00 | Total=1.09e-01
  3223.9s | Epoch  8600 | BTE=5.07e-02 | Energy=1.01e-02 | BC=3.58e-04 | 
IC_n=6.65e-03 | IC_T=0.00e+00 | dT=0.00e+00 | WP=3.68e-03 | GE=2.54e-06 | 
Amp=0.00e+00 | Total=7.15e-02
  3299.4s | Epoch  8800 | BTE=6.47e-02 | Energy=6.28e-03 | BC=3.72e-04 | 
IC_n=4.81e-03 | IC_T=0.00e+00 | dT=0.00e+00 | WP=3.17e-03 | GE=8.19e-07 | 
Amp=0.00e+00 | Total=7.93e-02
  3373.6s | Epoch  9000 | BTE=6.69e-02 | Energy=3.06e-03 | BC=3.31e-04 | 
IC_n=3.07e-03 | IC_T=0.00e+00 | dT=0.00e+00 | WP=2.92e-03 | GE=2.97e-06 | 
Amp=0.00e+00 | Total=7.63e-02
  3447.7s | Epoch  9200 | BTE=3.95e-02 | Energy=8.31e-03 | BC=3.16e-04 | 
IC_n=7.53e-03 | IC_T=0.00e+00 | dT=0.00e+00 | WP=2.55e-03 | GE=4.92e-06 | 
Amp=0.00e+00 | Total=5.82e-02
  3523.0s | Epoch  9400 | BTE=4.18e-02 | Energy=3.06e-03 | BC=3.21e-04 | 
IC_n=3.46e-03 | IC_T=0.00e+00 | dT=0.00e+00 | WP=2.73e-03 | GE=6.75e-07 | 
Amp=0.00e+00 | Total=5.14e-02
  3598.1s | Epoch  9600 | BTE=4.77e-02 | Energy=3.35e-03 | BC=3.03e-04 | 
IC_n=3.74e-03 | IC_T=0.00e+00 | dT=0.00e+00 | WP=2.14e-03 | GE=2.46e-08 | 
Amp=0.00e+00 | Total=5.72e-02
  3672.4s | Epoch  9800 | BTE=4.15e-02 | Energy=6.36e-03 | BC=3.00e-04 | 
IC_n=6.48e-03 | IC_T=0.00e+00 | dT=0.00e+00 | WP=2.20e-03 | GE=1.12e-07 | 
Amp=0.00e+00 | Total=5.69e-02
  3746.7s | Epoch 10000 | BTE=4.53e-02 | Energy=4.24e-03 | BC=2.97e-04 | 
IC_n=4.91e-03 | IC_T=0.00e+00 | dT=0.00e+00 | WP=2.16e-03 | GE=1.12e-05 | 
Amp=0.00e+00 | Total=5.70e-02
  3822.0s | Epoch 10200 | BTE=3.91e-02 | Energy=3.16e-03 | BC=2.93e-04 | 
IC_n=3.68e-03 | IC_T=0.00e+00 | dT=0.00e+00 | WP=2.19e-03 | GE=5.14e-07 | 
Amp=0.00e+00 | Total=4.84e-02
  3896.8s | Epoch 10400 | BTE=3.45e-02 | Energy=3.76e-03 | BC=2.90e-04 | 
IC_n=4.02e-03 | IC_T=0.00e+00 | dT=0.00e+00 | WP=1.77e-03 | GE=2.59e-06 | 
Amp=0.00e+00 | Total=4.43e-02
  3971.8s | Epoch 10600 | BTE=3.81e-02 | Energy=6.77e-03 | BC=2.82e-04 | 
IC_n=6.56e-03 | IC_T=0.00e+00 | dT=0.00e+00 | WP=1.61e-03 | GE=3.24e-07 | 
Amp=0.00e+00 | Total=5.33e-02
  4047.0s | Epoch 10800 | BTE=2.12e-02 | Energy=2.53e-03 | BC=2.73e-04 | 
IC_n=3.91e-03 | IC_T=0.00e+00 | dT=0.00e+00 | WP=1.86e-03 | GE=5.78e-06 | 
Amp=0.00e+00 | Total=2.98e-02
  4120.8s | Epoch 11000 | BTE=2.27e-02 | Energy=2.97e-03 | BC=2.70e-04 | 
IC_n=3.86e-03 | IC_T=0.00e+00 | dT=0.00e+00 | WP=2.01e-03 | GE=4.77e-06 | 
Amp=0.00e+00 | Total=3.18e-02
  4195.4s | Epoch 11200 | BTE=3.05e-02 | Energy=4.92e-03 | BC=2.65e-04 | 
IC_n=5.27e-03 | IC_T=0.00e+00 | dT=0.00e+00 | WP=1.67e-03 | GE=5.88e-06 | 
Amp=0.00e+00 | Total=4.27e-02
  4269.6s | Epoch 11400 | BTE=2.33e-02 | Energy=2.48e-03 | BC=2.61e-04 | 
IC_n=3.61e-03 | IC_T=0.00e+00 | dT=0.00e+00 | WP=1.38e-03 | GE=5.72e-09 | 
Amp=0.00e+00 | Total=3.10e-02
  4345.8s | Epoch 11600 | BTE=1.41e-02 | Energy=2.87e-03 | BC=2.63e-04 | 
IC_n=4.02e-03 | IC_T=0.00e+00 | dT=0.00e+00 | WP=1.38e-03 | GE=3.02e-06 | 
Amp=0.00e+00 | Total=2.26e-02
  4418.9s | Epoch 11800 | BTE=2.16e-02 | Energy=2.03e-03 | BC=2.65e-04 | 
IC_n=3.63e-03 | IC_T=0.00e+00 | dT=0.00e+00 | WP=1.47e-03 | GE=4.81e-06 | 
Amp=0.00e+00 | Total=2.90e-02
  4492.9s | Epoch 12000 | BTE=1.94e-02 | Energy=1.77e-03 | BC=2.55e-04 | 
IC_n=3.01e-03 | IC_T=0.00e+00 | dT=0.00e+00 | WP=1.28e-03 | GE=1.47e-06 | 
Amp=0.00e+00 | Total=2.57e-02
  4567.4s | Epoch 12200 | BTE=2.89e-02 | Energy=3.36e-03 | BC=2.50e-04 | 
IC_n=3.78e-03 | IC_T=0.00e+00 | dT=0.00e+00 | WP=1.07e-03 | GE=2.07e-06 | 
Amp=0.00e+00 | Total=3.74e-02
  4641.6s | Epoch 12400 | BTE=2.50e-02 | Energy=3.33e-03 | BC=2.49e-04 | 
IC_n=4.23e-03 | IC_T=0.00e+00 | dT=0.00e+00 | WP=1.23e-03 | GE=1.78e-05 | 
Amp=0.00e+00 | Total=3.41e-02
  4716.3s | Epoch 12600 | BTE=1.67e-02 | Energy=1.71e-03 | BC=2.46e-04 | 
IC_n=3.21e-03 | IC_T=0.00e+00 | dT=0.00e+00 | WP=1.16e-03 | GE=7.58e-06 | 
Amp=0.00e+00 | Total=2.30e-02
  4790.8s | Epoch 12800 | BTE=1.97e-02 | Energy=1.79e-03 | BC=2.44e-04 | 
IC_n=3.67e-03 | IC_T=0.00e+00 | dT=0.00e+00 | WP=1.09e-03 | GE=6.48e-08 | 
Amp=0.00e+00 | Total=2.65e-02
  4865.1s | Epoch 13000 | BTE=2.31e-02 | Energy=2.44e-03 | BC=2.46e-04 | 
IC_n=3.87e-03 | IC_T=0.00e+00 | dT=0.00e+00 | WP=1.23e-03 | GE=8.22e-07 | 
Amp=0.00e+00 | Total=3.09e-02
  4940.1s | Epoch 13200 | BTE=2.65e-02 | Energy=1.94e-03 | BC=2.44e-04 | 
IC_n=3.18e-03 | IC_T=0.00e+00 | dT=0.00e+00 | WP=1.17e-03 | GE=2.41e-06 | 
Amp=0.00e+00 | Total=3.30e-02
  5016.2s | Epoch 13400 | BTE=2.56e-02 | Energy=2.69e-03 | BC=2.47e-04 | 
IC_n=3.72e-03 | IC_T=0.00e+00 | dT=0.00e+00 | WP=1.07e-03 | GE=7.16e-07 | 
Amp=0.00e+00 | Total=3.34e-02
  5091.0s | Epoch 13600 | BTE=2.43e-02 | Energy=2.16e-03 | BC=2.41e-04 | 
IC_n=3.43e-03 | IC_T=0.00e+00 | dT=0.00e+00 | WP=1.07e-03 | GE=3.08e-06 | 
Amp=0.00e+00 | Total=3.12e-02
  5166.5s | Epoch 13800 | BTE=2.24e-02 | Energy=2.46e-03 | BC=2.42e-04 | 
IC_n=3.46e-03 | IC_T=0.00e+00 | dT=0.00e+00 | WP=1.17e-03 | GE=2.92e-07 | 
Amp=0.00e+00 | Total=2.98e-02
  5240.8s | Epoch 14000 | BTE=2.13e-02 | Energy=2.41e-03 | BC=2.39e-04 | 
IC_n=3.73e-03 | IC_T=0.00e+00 | dT=0.00e+00 | WP=9.35e-04 | GE=4.57e-07 | 
Amp=0.00e+00 | Total=2.86e-02
  5316.2s | Epoch 14200 | BTE=2.08e-02 | Energy=1.88e-03 | BC=2.37e-04 | 
IC_n=3.52e-03 | IC_T=0.00e+00 | dT=0.00e+00 | WP=9.06e-04 | GE=2.71e-06 | 
Amp=0.00e+00 | Total=2.73e-02
  5392.2s | Epoch 14400 | BTE=1.71e-02 | Energy=2.37e-03 | BC=2.40e-04 | 
IC_n=4.05e-03 | IC_T=0.00e+00 | dT=0.00e+00 | WP=1.18e-03 | GE=4.80e-07 | 
Amp=0.00e+00 | Total=2.50e-02
  5467.6s | Epoch 14600 | BTE=2.39e-02 | Energy=2.00e-03 | BC=2.40e-04 | 
IC_n=3.36e-03 | IC_T=0.00e+00 | dT=0.00e+00 | WP=1.04e-03 | GE=8.99e-07 | 
Amp=0.00e+00 | Total=3.06e-02
  5542.0s | Epoch 14800 | BTE=1.83e-02 | Energy=2.05e-03 | BC=2.39e-04 | 
IC_n=3.36e-03 | IC_T=0.00e+00 | dT=0.00e+00 | WP=1.03e-03 | GE=1.71e-06 | 
Amp=0.00e+00 | Total=2.50e-02
╭───────────────────────────── Training Complete ──────────────────────────────╮
│   Time      5616.56s                                                         │
│   Output    runs/transient/1d_nongray_large_dt_1.0um_100K/20260704_081414    │
│   Saved     net_T_20260704_081414.pt                                         │
│   Saved     net_n_20260704_081414.pt                                         │
│   Saved     net_beta_20260704_081414.pt                                      │
╰──────────────────────────────────────────────────────────────────────────────╯
wandb: 
wandb: Run summary:
wandb: physics/local_dir runs/transient/1d_no...
wandb: 
wandb: You can sync this run to the cloud by running:
wandb: wandb sync /home/markoherkaliuk/src/pinn-bte-zoo/wandb/offline-run-20260704_081419-5ddcfe9m
wandb: Find logs at: ./wandb/offline-run-20260704_081419-5ddcfe9m/logs
Results saved to: 
runs/transient/1d_nongray_large_dt_1.0um_100K/20260704_081414/20260704_081414_re
sults.npz
  Generating visualizations...
Saved heatmap: runs/transient/1d_nongray_large_dt_1.0um_100K/20260704_081414/heatmap_20260704_081414.png
Saved snapshots: runs/transient/1d_nongray_large_dt_1.0um_100K/20260704_081414/snapshots_20260704_081414.png
Saved BC check: runs/transient/1d_nongray_large_dt_1.0um_100K/20260704_081414/bc_check_20260704_081414.png
Saved IC check: runs/transient/1d_nongray_large_dt_1.0um_100K/20260704_081414/ic_check_20260704_081414.png
Saved animation: runs/transient/1d_nongray_large_dt_1.0um_100K/20260704_081414/animation_20260704_081414.gif
  Saved: loss_20260704_081414.png
  Amplitude: A(0)=50.0000, A(end)=0.1491 (99.7% decay)
  Energy drift: 0.0018
  ⚠ Oscillation at t≈27τ
  Saved: 
runs/transient/1d_nongray_large_dt_1.0um_100K/20260704_081414/amplitude_decay_20
260704_081414.png

Done!
>>> archb1 arm=cap-w64d8-wp0 done exit=0 Sat Jul  4 09:48:03 AM EEST 2026
>>> archb1 pilot arm=cap-w40d12-wp0 Sat Jul  4 09:48:03 AM EEST 2026

Mode: nongray_large_dt - Mode-resolved with β-network, large ΔT (~100K)
[07/04/26 09:48:05] INFO     use_spectral_t=True: forcing use_hard_ic=False     
                             (spectral architecture handles IC by construction).
[07/04/26 09:48:05] INFO     use_spectral_t=True: forcing use_hard_ic=False     
                             (spectral architecture handles IC by construction).
                    INFO     Random seed set: 42                                
                    INFO     Random seed set: 42                                
                    INFO     Lt from dom γ: 97.322 τ_ref (gray Lt was 549.202)  
                    INFO     Lt from dom γ: 97.322 τ_ref (gray Lt was 549.202)  
                    INFO     Analytical Lt: A(Lt)=0.001 threshold,              
                             Lt_analytical=549.2τ, Lt_final=97.3τ               
                    INFO     Analytical Lt: A(Lt)=0.001 threshold,              
                             Lt_analytical=549.2τ, Lt_final=97.3τ               
                    INFO     Large ΔT model: L=1.0μm, ΔT=100.0K                 
                    INFO     Large ΔT model: L=1.0μm, ΔT=100.0K                 
                    INFO     Temperature range: [250K, 350K]                    
                    INFO     Temperature range: [250K, 350K]                    
                    INFO     Reference scales: v_ref=1.68e+00, τ_ref=6.05e-11   
                    INFO     Reference scales: v_ref=1.68e+00, τ_ref=6.05e-11   
                    INFO     Effective Kn=0.1015, Lt=97.3                       
                    INFO     Effective Kn=0.1015, Lt=97.3                       
                    INFO     Vectorized: ALL 60 modes × ALL 16 angles per epoch 
                    INFO     Vectorized: ALL 60 modes × ALL 16 angles per epoch 
                    INFO     Subsampling: 1800/3600 interior points per epoch   
                    INFO     Subsampling: 1800/3600 interior points per epoch   
[07/04/26 09:48:09] INFO     DOM γ-target (universal, all-L): grid [250,350]K,  
                             γ_no13 ∈ [1.08e+09,1.34e+09] Hz (replaces          
                             1/(1+Kn²))                                         
[07/04/26 09:48:09] INFO     DOM γ-target (universal, all-L): grid [250,350]K,  
                             γ_no13 ∈ [1.08e+09,1.34e+09] Hz (replaces          
                             1/(1+Kn²))                                         
                    INFO     dT/dt IC (large ΔT): target range [-6.334, 7.894]  
                             in [0,1] time                                      
                    INFO     dT/dt IC (large ΔT): target range [-6.334, 7.894]  
                             in [0,1] time                                      
                    INFO     Waypoints: 5 (uniform), weight=0.0, shape=rate     
                    INFO     Waypoints: 5 (uniform), weight=0.0, shape=rate     
                    INFO     Auto energy weight: 1.000 (grating Kn=0.6379,      
                             Kn_eff=0.1015)                                     
                    INFO     Auto energy weight: 1.000 (grating Kn=0.6379,      
                             Kn_eff=0.1015)                                     
[07/04/26 09:48:09] INFO     W&B tracking enabled: project=pinn-bte,            
                             group=transient_1d_nongray_large_dt                
                    INFO     W&B tracking enabled: project=pinn-bte,            
                             group=transient_1d_nongray_large_dt                

1D Nongray Large ΔT Transient BTE
  L = 1.0 μm, ΔT = 100.0 K
  T range: [250K, 350K]
  Kn_eff = 0.1015
  Epochs: 15000 (β: 200)
  Output: runs/transient/1d_nongray_large_dt_1.0um_100K/20260704_094805
                    INFO     Logging to:                                        
                             runs/transient/1d_nongray_large_dt_1.0um_100K/20260
                             704_094805/training_20260704_094805.log            
                    INFO     Logging to:                                        
                             runs/transient/1d_nongray_large_dt_1.0um_100K/20260
                             704_094805/training_20260704_094805.log            
wandb: WARNING Using a boolean value for 'reinit' is deprecated. Use 'return_previous' or 'finish_previous' instead.
wandb: Tracking run with wandb version 0.24.1
wandb: W&B syncing is set to `offline` in this directory. Run `wandb online` or set WANDB_MODE=online to enable cloud syncing.
wandb: Run data is saved locally in /home/markoherkaliuk/src/pinn-bte-zoo/wandb/offline-run-20260704_094809-6wsntqhh
[07/04/26 09:48:10] INFO     Started W&B run: tr_1d_ng_L1.0um_dT100K ·          
                             20260704_094805 (6wsntqhh)                         
[07/04/26 09:48:10] INFO     Started W&B run: tr_1d_ng_L1.0um_dT100K ·          
                             20260704_094805 (6wsntqhh)                         

Phase 1: Pretraining β-network
  Temperature range: [250K, 350K]
  Epochs: 200
     0.1s | Epoch     0 | β Loss = 1.30e+00
  β pretraining complete! Final loss: 1.53e-01
╭───────────────────────────── Starting Training ──────────────────────────────╮
│   Mode      Transient_Nongray_LargeDT                                        │
│   Epochs    15000                                                            │
│   Device    cuda                                                             │
│   Run ID    20260704_094805                                                  │
╰──────────────────────────────────────────────────────────────────────────────╯

Phase 2: BTE Training
  L = 1.0 μm, ΔT = 100.0K
  T range: [250K, 350K]
  Kn_eff = 0.1015
  τ(T) model = holland (full branch-resolved Holland--Callaway)
  Waypoints: 5 (uniform), weight=0.0
  ALL 60 modes × ALL 16 angles (vectorized)
  Epochs: 15000
     0.5s | Epoch     0 | BTE=6.99e+00 | Energy=1.29e+00 | BC=1.23e-05 | 
IC_n=1.11e-04 | IC_T=0.00e+00 | dT=0.00e+00 | WP=1.10e+01 | GE=1.58e-04 | 
Amp=0.00e+00 | Total=1.93e+01
    78.2s | Epoch   200 | BTE=1.77e+00 | Energy=1.01e+00 | BC=2.43e-02 | 
IC_n=3.74e-02 | IC_T=0.00e+00 | dT=0.00e+00 | WP=5.08e+00 | GE=1.74e-05 | 
Amp=0.00e+00 | Total=7.92e+00
   154.3s | Epoch   400 | BTE=1.69e+00 | Energy=8.19e-01 | BC=2.49e-02 | 
IC_n=3.04e-02 | IC_T=0.00e+00 | dT=0.00e+00 | WP=4.67e+00 | GE=2.46e-05 | 
Amp=0.00e+00 | Total=7.23e+00
   229.9s | Epoch   600 | BTE=1.51e+00 | Energy=7.14e-01 | BC=2.69e-02 | 
IC_n=2.60e-02 | IC_T=0.00e+00 | dT=0.00e+00 | WP=4.60e+00 | GE=1.29e-04 | 
Amp=0.00e+00 | Total=6.88e+00
   304.5s | Epoch   800 | BTE=1.40e+00 | Energy=6.72e-01 | BC=3.18e-02 | 
IC_n=2.21e-02 | IC_T=0.00e+00 | dT=0.00e+00 | WP=4.52e+00 | GE=1.91e-04 | 
Amp=0.00e+00 | Total=6.64e+00
   380.8s | Epoch  1000 | BTE=1.43e+00 | Energy=6.03e-01 | BC=2.97e-02 | 
IC_n=1.14e-02 | IC_T=0.00e+00 | dT=0.00e+00 | WP=4.36e+00 | GE=3.95e-05 | 
Amp=0.00e+00 | Total=6.43e+00
   456.8s | Epoch  1200 | BTE=1.34e+00 | Energy=5.67e-01 | BC=3.22e-02 | 
IC_n=1.01e-02 | IC_T=0.00e+00 | dT=0.00e+00 | WP=4.17e+00 | GE=1.05e-05 | 
Amp=0.00e+00 | Total=6.11e+00
   531.5s | Epoch  1400 | BTE=1.28e+00 | Energy=4.96e-01 | BC=3.11e-02 | 
IC_n=8.38e-03 | IC_T=0.00e+00 | dT=0.00e+00 | WP=4.20e+00 | GE=3.74e-05 | 
Amp=0.00e+00 | Total=6.01e+00
   607.8s | Epoch  1600 | BTE=1.22e+00 | Energy=4.91e-01 | BC=3.44e-02 | 
IC_n=8.10e-03 | IC_T=0.00e+00 | dT=0.00e+00 | WP=4.11e+00 | GE=3.37e-04 | 
Amp=0.00e+00 | Total=5.86e+00
   685.1s | Epoch  1800 | BTE=1.16e+00 | Energy=4.96e-01 | BC=3.05e-02 | 
IC_n=1.29e-02 | IC_T=0.00e+00 | dT=0.00e+00 | WP=4.02e+00 | GE=3.48e-05 | 
Amp=0.00e+00 | Total=5.72e+00
   760.0s | Epoch  2000 | BTE=1.17e+00 | Energy=4.24e-01 | BC=3.28e-02 | 
IC_n=5.67e-03 | IC_T=0.00e+00 | dT=0.00e+00 | WP=4.14e+00 | GE=9.41e-05 | 
Amp=0.00e+00 | Total=5.77e+00
   836.0s | Epoch  2200 | BTE=1.20e+00 | Energy=4.38e-01 | BC=3.16e-02 | 
IC_n=4.53e-03 | IC_T=0.00e+00 | dT=0.00e+00 | WP=4.05e+00 | GE=1.76e-04 | 
Amp=0.00e+00 | Total=5.72e+00
   911.9s | Epoch  2400 | BTE=1.12e+00 | Energy=4.17e-01 | BC=2.98e-02 | 
IC_n=4.52e-03 | IC_T=0.00e+00 | dT=0.00e+00 | WP=4.12e+00 | GE=1.69e-04 | 
Amp=0.00e+00 | Total=5.69e+00
   988.5s | Epoch  2600 | BTE=1.17e+00 | Energy=3.96e-01 | BC=3.30e-02 | 
IC_n=7.96e-03 | IC_T=0.00e+00 | dT=0.00e+00 | WP=4.14e+00 | GE=3.54e-05 | 
Amp=0.00e+00 | Total=5.74e+00
  1063.3s | Epoch  2800 | BTE=1.05e+00 | Energy=4.02e-01 | BC=3.31e-02 | 
IC_n=8.16e-03 | IC_T=0.00e+00 | dT=0.00e+00 | WP=4.11e+00 | GE=1.37e-04 | 
Amp=0.00e+00 | Total=5.60e+00
  1139.8s | Epoch  3000 | BTE=1.16e+00 | Energy=3.69e-01 | BC=3.11e-02 | 
IC_n=7.36e-03 | IC_T=0.00e+00 | dT=0.00e+00 | WP=4.08e+00 | GE=2.28e-04 | 
Amp=0.00e+00 | Total=5.65e+00
  1215.8s | Epoch  3200 | BTE=1.12e+00 | Energy=3.74e-01 | BC=3.33e-02 | 
IC_n=8.46e-03 | IC_T=0.00e+00 | dT=0.00e+00 | WP=4.06e+00 | GE=1.12e-04 | 
Amp=0.00e+00 | Total=5.60e+00
  1290.9s | Epoch  3400 | BTE=1.20e+00 | Energy=3.64e-01 | BC=3.29e-02 | 
IC_n=3.18e-03 | IC_T=0.00e+00 | dT=0.00e+00 | WP=4.04e+00 | GE=6.64e-05 | 
Amp=0.00e+00 | Total=5.64e+00
  1367.7s | Epoch  3600 | BTE=1.14e+00 | Energy=3.86e-01 | BC=3.04e-02 | 
IC_n=2.95e-03 | IC_T=0.00e+00 | dT=0.00e+00 | WP=3.96e+00 | GE=5.49e-04 | 
Amp=0.00e+00 | Total=5.52e+00
  1443.0s | Epoch  3800 | BTE=1.09e+00 | Energy=3.47e-01 | BC=2.82e-02 | 
IC_n=7.44e-03 | IC_T=0.00e+00 | dT=0.00e+00 | WP=4.10e+00 | GE=5.35e-06 | 
Amp=0.00e+00 | Total=5.57e+00
  1518.7s | Epoch  4000 | BTE=1.06e+00 | Energy=3.60e-01 | BC=3.50e-02 | 
IC_n=3.56e-03 | IC_T=0.00e+00 | dT=0.00e+00 | WP=4.05e+00 | GE=1.76e-06 | 
Amp=0.00e+00 | Total=5.51e+00
  1595.6s | Epoch  4200 | BTE=1.07e+00 | Energy=3.78e-01 | BC=3.09e-02 | 
IC_n=3.89e-03 | IC_T=0.00e+00 | dT=0.00e+00 | WP=4.06e+00 | GE=8.64e-05 | 
Amp=0.00e+00 | Total=5.55e+00
  1671.2s | Epoch  4400 | BTE=1.01e+00 | Energy=3.71e-01 | BC=3.01e-02 | 
IC_n=5.53e-03 | IC_T=0.00e+00 | dT=0.00e+00 | WP=4.04e+00 | GE=1.53e-08 | 
Amp=0.00e+00 | Total=5.46e+00
  1747.2s | Epoch  4600 | BTE=1.03e+00 | Energy=3.64e-01 | BC=2.82e-02 | 
IC_n=6.85e-03 | IC_T=0.00e+00 | dT=0.00e+00 | WP=3.88e+00 | GE=1.17e-04 | 
Amp=0.00e+00 | Total=5.31e+00
  1823.1s | Epoch  4800 | BTE=9.85e-01 | Energy=3.29e-01 | BC=2.81e-02 | 
IC_n=6.43e-03 | IC_T=0.00e+00 | dT=0.00e+00 | WP=3.85e+00 | GE=1.09e-05 | 
Amp=0.00e+00 | Total=5.20e+00
  1899.0s | Epoch  5000 | BTE=9.11e-01 | Energy=3.29e-01 | BC=2.53e-02 | 
IC_n=5.68e-03 | IC_T=0.00e+00 | dT=0.00e+00 | WP=3.63e+00 | GE=1.43e-05 | 
Amp=0.00e+00 | Total=4.90e+00
  1974.1s | Epoch  5200 | BTE=8.72e-01 | Energy=2.84e-01 | BC=2.18e-02 | 
IC_n=5.51e-03 | IC_T=0.00e+00 | dT=0.00e+00 | WP=3.35e+00 | GE=2.21e-04 | 
Amp=0.00e+00 | Total=4.54e+00
  2049.9s | Epoch  5400 | BTE=7.40e-01 | Energy=2.25e-01 | BC=1.91e-02 | 
IC_n=6.16e-03 | IC_T=0.00e+00 | dT=0.00e+00 | WP=2.90e+00 | GE=2.80e-04 | 
Amp=0.00e+00 | Total=3.89e+00
  2126.3s | Epoch  5600 | BTE=6.86e-01 | Energy=1.84e-01 | BC=1.72e-02 | 
IC_n=2.74e-03 | IC_T=0.00e+00 | dT=0.00e+00 | WP=2.19e+00 | GE=4.60e-05 | 
Amp=0.00e+00 | Total=3.08e+00
  2202.8s | Epoch  5800 | BTE=5.68e-01 | Energy=1.25e-01 | BC=1.18e-02 | 
IC_n=1.31e-03 | IC_T=0.00e+00 | dT=0.00e+00 | WP=1.61e+00 | GE=4.61e-06 | 
Amp=0.00e+00 | Total=2.32e+00
  2278.9s | Epoch  6000 | BTE=4.05e-01 | Energy=8.95e-02 | BC=8.17e-03 | 
IC_n=9.79e-04 | IC_T=0.00e+00 | dT=0.00e+00 | WP=1.10e+00 | GE=3.20e-08 | 
Amp=0.00e+00 | Total=1.61e+00
  2353.9s | Epoch  6200 | BTE=3.41e-01 | Energy=6.70e-02 | BC=5.13e-03 | 
IC_n=2.55e-03 | IC_T=0.00e+00 | dT=0.00e+00 | WP=6.82e-01 | GE=9.31e-06 | 
Amp=0.00e+00 | Total=1.10e+00
  2429.8s | Epoch  6400 | BTE=3.16e-01 | Energy=3.70e-02 | BC=3.75e-03 | 
IC_n=1.37e-03 | IC_T=0.00e+00 | dT=0.00e+00 | WP=4.30e-01 | GE=2.16e-05 | 
Amp=0.00e+00 | Total=7.88e-01
  2506.1s | Epoch  6600 | BTE=2.08e-01 | Energy=3.43e-02 | BC=2.68e-03 | 
IC_n=5.69e-03 | IC_T=0.00e+00 | dT=0.00e+00 | WP=2.93e-01 | GE=4.25e-05 | 
Amp=0.00e+00 | Total=5.44e-01
  2581.2s | Epoch  6800 | BTE=1.78e-01 | Energy=2.21e-02 | BC=2.13e-03 | 
IC_n=4.28e-03 | IC_T=0.00e+00 | dT=0.00e+00 | WP=2.48e-01 | GE=1.44e-05 | 
Amp=0.00e+00 | Total=4.55e-01
  2657.2s | Epoch  7000 | BTE=2.35e-01 | Energy=2.39e-02 | BC=1.67e-03 | 
IC_n=1.96e-03 | IC_T=0.00e+00 | dT=0.00e+00 | WP=1.67e-01 | GE=9.19e-06 | 
Amp=0.00e+00 | Total=4.29e-01
  2732.1s | Epoch  7200 | BTE=1.86e-01 | Energy=1.46e-02 | BC=1.31e-03 | 
IC_n=5.04e-03 | IC_T=0.00e+00 | dT=0.00e+00 | WP=1.36e-01 | GE=7.56e-06 | 
Amp=0.00e+00 | Total=3.44e-01
  2808.1s | Epoch  7400 | BTE=2.24e-01 | Energy=1.75e-02 | BC=1.23e-03 | 
IC_n=1.86e-03 | IC_T=0.00e+00 | dT=0.00e+00 | WP=9.59e-02 | GE=9.21e-06 | 
Amp=0.00e+00 | Total=3.40e-01
  2882.8s | Epoch  7600 | BTE=1.54e-01 | Energy=9.47e-03 | BC=1.04e-03 | 
IC_n=2.82e-03 | IC_T=0.00e+00 | dT=0.00e+00 | WP=8.68e-02 | GE=2.87e-08 | 
Amp=0.00e+00 | Total=2.55e-01
  2957.8s | Epoch  7800 | BTE=1.72e-01 | Energy=1.29e-02 | BC=8.88e-04 | 
IC_n=3.81e-03 | IC_T=0.00e+00 | dT=0.00e+00 | WP=7.92e-02 | GE=9.50e-06 | 
Amp=0.00e+00 | Total=2.69e-01
  3033.5s | Epoch  8000 | BTE=2.23e-01 | Energy=9.16e-03 | BC=8.15e-04 | 
IC_n=2.75e-03 | IC_T=0.00e+00 | dT=0.00e+00 | WP=6.17e-02 | GE=1.21e-05 | 
Amp=0.00e+00 | Total=2.97e-01
  3107.7s | Epoch  8200 | BTE=1.31e-01 | Energy=7.98e-03 | BC=7.15e-04 | 
IC_n=5.04e-03 | IC_T=0.00e+00 | dT=0.00e+00 | WP=5.50e-02 | GE=5.84e-07 | 
Amp=0.00e+00 | Total=2.00e-01
  3183.2s | Epoch  8400 | BTE=1.17e-01 | Energy=7.75e-03 | BC=7.39e-04 | 
IC_n=3.77e-03 | IC_T=0.00e+00 | dT=0.00e+00 | WP=3.95e-02 | GE=8.31e-06 | 
Amp=0.00e+00 | Total=1.69e-01
  3259.3s | Epoch  8600 | BTE=1.39e-01 | Energy=7.14e-03 | BC=5.68e-04 | 
IC_n=4.96e-03 | IC_T=0.00e+00 | dT=0.00e+00 | WP=3.54e-02 | GE=2.23e-06 | 
Amp=0.00e+00 | Total=1.87e-01
  3335.5s | Epoch  8800 | BTE=1.38e-01 | Energy=6.31e-03 | BC=5.41e-04 | 
IC_n=3.99e-03 | IC_T=0.00e+00 | dT=0.00e+00 | WP=2.84e-02 | GE=4.25e-07 | 
Amp=0.00e+00 | Total=1.77e-01
  3411.4s | Epoch  9000 | BTE=1.46e-01 | Energy=6.14e-03 | BC=5.13e-04 | 
IC_n=4.31e-03 | IC_T=0.00e+00 | dT=0.00e+00 | WP=2.61e-02 | GE=2.00e-06 | 
Amp=0.00e+00 | Total=1.83e-01
  3487.0s | Epoch  9200 | BTE=1.05e-01 | Energy=5.47e-03 | BC=4.58e-04 | 
IC_n=4.19e-03 | IC_T=0.00e+00 | dT=0.00e+00 | WP=2.68e-02 | GE=5.23e-06 | 
Amp=0.00e+00 | Total=1.42e-01
  3564.1s | Epoch  9400 | BTE=1.21e-01 | Energy=4.82e-03 | BC=4.39e-04 | 
IC_n=5.22e-03 | IC_T=0.00e+00 | dT=0.00e+00 | WP=2.34e-02 | GE=1.17e-08 | 
Amp=0.00e+00 | Total=1.55e-01
  3640.0s | Epoch  9600 | BTE=1.31e-01 | Energy=8.49e-03 | BC=3.79e-04 | 
IC_n=6.47e-03 | IC_T=0.00e+00 | dT=0.00e+00 | WP=1.93e-02 | GE=2.33e-06 | 
Amp=0.00e+00 | Total=1.65e-01
  3717.4s | Epoch  9800 | BTE=1.11e-01 | Energy=5.63e-03 | BC=3.79e-04 | 
IC_n=5.69e-03 | IC_T=0.00e+00 | dT=0.00e+00 | WP=1.79e-02 | GE=2.60e-06 | 
Amp=0.00e+00 | Total=1.40e-01
  3794.2s | Epoch 10000 | BTE=8.26e-02 | Energy=6.10e-03 | BC=3.50e-04 | 
IC_n=5.11e-03 | IC_T=0.00e+00 | dT=0.00e+00 | WP=1.76e-02 | GE=1.43e-07 | 
Amp=0.00e+00 | Total=1.12e-01
  3871.2s | Epoch 10200 | BTE=1.06e-01 | Energy=5.39e-03 | BC=3.58e-04 | 
IC_n=4.94e-03 | IC_T=0.00e+00 | dT=0.00e+00 | WP=1.50e-02 | GE=5.45e-06 | 
Amp=0.00e+00 | Total=1.31e-01
  3945.4s | Epoch 10400 | BTE=5.60e-02 | Energy=4.42e-03 | BC=3.22e-04 | 
IC_n=6.16e-03 | IC_T=0.00e+00 | dT=0.00e+00 | WP=1.39e-02 | GE=4.48e-09 | 
Amp=0.00e+00 | Total=8.08e-02
  4021.0s | Epoch 10600 | BTE=5.81e-02 | Energy=4.40e-03 | BC=3.19e-04 | 
IC_n=4.91e-03 | IC_T=0.00e+00 | dT=0.00e+00 | WP=1.37e-02 | GE=5.54e-06 | 
Amp=0.00e+00 | Total=8.14e-02
  4096.9s | Epoch 10800 | BTE=8.18e-02 | Energy=4.00e-03 | BC=3.05e-04 | 
IC_n=5.77e-03 | IC_T=0.00e+00 | dT=0.00e+00 | WP=1.45e-02 | GE=1.02e-05 | 
Amp=0.00e+00 | Total=1.06e-01
  4173.8s | Epoch 11000 | BTE=6.45e-02 | Energy=4.56e-03 | BC=2.95e-04 | 
IC_n=6.30e-03 | IC_T=0.00e+00 | dT=0.00e+00 | WP=1.58e-02 | GE=1.02e-06 | 
Amp=0.00e+00 | Total=9.14e-02
  4249.7s | Epoch 11200 | BTE=7.19e-02 | Energy=3.92e-03 | BC=2.91e-04 | 
IC_n=5.67e-03 | IC_T=0.00e+00 | dT=0.00e+00 | WP=1.28e-02 | GE=1.13e-07 | 
Amp=0.00e+00 | Total=9.45e-02
  4325.4s | Epoch 11400 | BTE=8.67e-02 | Energy=6.76e-03 | BC=2.73e-04 | 
IC_n=5.08e-03 | IC_T=0.00e+00 | dT=0.00e+00 | WP=1.42e-02 | GE=2.01e-06 | 
Amp=0.00e+00 | Total=1.13e-01
  4400.9s | Epoch 11600 | BTE=7.19e-02 | Energy=3.67e-03 | BC=2.73e-04 | 
IC_n=5.63e-03 | IC_T=0.00e+00 | dT=0.00e+00 | WP=1.11e-02 | GE=6.07e-06 | 
Amp=0.00e+00 | Total=9.26e-02
  4477.2s | Epoch 11800 | BTE=5.69e-02 | Energy=3.42e-03 | BC=2.75e-04 | 
IC_n=5.76e-03 | IC_T=0.00e+00 | dT=0.00e+00 | WP=1.18e-02 | GE=1.47e-06 | 
Amp=0.00e+00 | Total=7.82e-02
  4552.1s | Epoch 12000 | BTE=5.29e-02 | Energy=3.03e-03 | BC=2.62e-04 | 
IC_n=5.10e-03 | IC_T=0.00e+00 | dT=0.00e+00 | WP=1.10e-02 | GE=5.27e-08 | 
Amp=0.00e+00 | Total=7.23e-02
  4627.6s | Epoch 12200 | BTE=7.54e-02 | Energy=3.37e-03 | BC=2.56e-04 | 
IC_n=5.16e-03 | IC_T=0.00e+00 | dT=0.00e+00 | WP=9.12e-03 | GE=3.12e-08 | 
Amp=0.00e+00 | Total=9.33e-02
  4704.3s | Epoch 12400 | BTE=5.18e-02 | Energy=4.61e-03 | BC=2.47e-04 | 
IC_n=5.33e-03 | IC_T=0.00e+00 | dT=0.00e+00 | WP=9.52e-03 | GE=7.10e-06 | 
Amp=0.00e+00 | Total=7.15e-02
  4779.5s | Epoch 12600 | BTE=4.54e-02 | Energy=4.67e-03 | BC=2.46e-04 | 
IC_n=7.14e-03 | IC_T=0.00e+00 | dT=0.00e+00 | WP=1.03e-02 | GE=1.29e-06 | 
Amp=0.00e+00 | Total=6.78e-02
  4855.3s | Epoch 12800 | BTE=6.02e-02 | Energy=2.98e-03 | BC=2.46e-04 | 
IC_n=5.58e-03 | IC_T=0.00e+00 | dT=0.00e+00 | WP=8.26e-03 | GE=3.94e-08 | 
Amp=0.00e+00 | Total=7.73e-02
  4931.7s | Epoch 13000 | BTE=6.45e-02 | Energy=3.47e-03 | BC=2.38e-04 | 
IC_n=5.48e-03 | IC_T=0.00e+00 | dT=0.00e+00 | WP=9.77e-03 | GE=4.89e-06 | 
Amp=0.00e+00 | Total=8.34e-02
  5007.4s | Epoch 13200 | BTE=4.86e-02 | Energy=2.80e-03 | BC=2.42e-04 | 
IC_n=5.41e-03 | IC_T=0.00e+00 | dT=0.00e+00 | WP=1.02e-02 | GE=2.35e-07 | 
Amp=0.00e+00 | Total=6.73e-02
  5083.9s | Epoch 13400 | BTE=5.82e-02 | Energy=3.12e-03 | BC=2.33e-04 | 
IC_n=5.62e-03 | IC_T=0.00e+00 | dT=0.00e+00 | WP=8.79e-03 | GE=1.68e-07 | 
Amp=0.00e+00 | Total=7.60e-02
  5160.1s | Epoch 13600 | BTE=6.82e-02 | Energy=2.72e-03 | BC=2.33e-04 | 
IC_n=5.44e-03 | IC_T=0.00e+00 | dT=0.00e+00 | WP=8.27e-03 | GE=1.16e-08 | 
Amp=0.00e+00 | Total=8.48e-02
  5235.6s | Epoch 13800 | BTE=5.81e-02 | Energy=2.64e-03 | BC=2.29e-04 | 
IC_n=5.11e-03 | IC_T=0.00e+00 | dT=0.00e+00 | WP=8.53e-03 | GE=1.77e-07 | 
Amp=0.00e+00 | Total=7.46e-02
  5312.2s | Epoch 14000 | BTE=4.10e-02 | Energy=2.65e-03 | BC=2.29e-04 | 
IC_n=5.39e-03 | IC_T=0.00e+00 | dT=0.00e+00 | WP=8.47e-03 | GE=3.78e-07 | 
Amp=0.00e+00 | Total=5.77e-02
  5388.8s | Epoch 14200 | BTE=6.20e-02 | Energy=4.56e-03 | BC=2.28e-04 | 
IC_n=5.25e-03 | IC_T=0.00e+00 | dT=0.00e+00 | WP=8.62e-03 | GE=8.99e-09 | 
Amp=0.00e+00 | Total=8.06e-02
  5465.1s | Epoch 14400 | BTE=5.92e-02 | Energy=2.72e-03 | BC=2.30e-04 | 
IC_n=5.17e-03 | IC_T=0.00e+00 | dT=0.00e+00 | WP=9.03e-03 | GE=3.75e-06 | 
Amp=0.00e+00 | Total=7.64e-02
  5540.5s | Epoch 14600 | BTE=5.59e-02 | Energy=3.01e-03 | BC=2.25e-04 | 
IC_n=5.14e-03 | IC_T=0.00e+00 | dT=0.00e+00 | WP=8.95e-03 | GE=1.43e-06 | 
Amp=0.00e+00 | Total=7.32e-02
  5615.7s | Epoch 14800 | BTE=4.44e-02 | Energy=2.93e-03 | BC=2.28e-04 | 
IC_n=5.14e-03 | IC_T=0.00e+00 | dT=0.00e+00 | WP=8.64e-03 | GE=6.58e-07 | 
Amp=0.00e+00 | Total=6.13e-02
╭───────────────────────────── Training Complete ──────────────────────────────╮
│   Time      5691.29s                                                         │
│   Output    runs/transient/1d_nongray_large_dt_1.0um_100K/20260704_094805    │
│   Saved     net_T_20260704_094805.pt                                         │
│   Saved     net_n_20260704_094805.pt                                         │
│   Saved     net_beta_20260704_094805.pt                                      │
╰──────────────────────────────────────────────────────────────────────────────╯
wandb: 
wandb: Run summary:
wandb: physics/local_dir runs/transient/1d_no...
wandb: 
wandb: You can sync this run to the cloud by running:
wandb: wandb sync /home/markoherkaliuk/src/pinn-bte-zoo/wandb/offline-run-20260704_094809-6wsntqhh
wandb: Find logs at: ./wandb/offline-run-20260704_094809-6wsntqhh/logs
Results saved to: 
runs/transient/1d_nongray_large_dt_1.0um_100K/20260704_094805/20260704_094805_re
sults.npz
  Generating visualizations...
Saved heatmap: runs/transient/1d_nongray_large_dt_1.0um_100K/20260704_094805/heatmap_20260704_094805.png
Saved snapshots: runs/transient/1d_nongray_large_dt_1.0um_100K/20260704_094805/snapshots_20260704_094805.png
Saved BC check: runs/transient/1d_nongray_large_dt_1.0um_100K/20260704_094805/bc_check_20260704_094805.png
Saved IC check: runs/transient/1d_nongray_large_dt_1.0um_100K/20260704_094805/ic_check_20260704_094805.png
Saved animation: runs/transient/1d_nongray_large_dt_1.0um_100K/20260704_094805/animation_20260704_094805.gif
  Saved: loss_20260704_094805.png
  Amplitude: A(0)=50.0000, A(end)=0.5493 (98.9% decay)
  Energy drift: 0.0068
  ⚠ Oscillation at t≈33τ
  Saved: 
runs/transient/1d_nongray_large_dt_1.0um_100K/20260704_094805/amplitude_decay_20
260704_094805.png

Done!
>>> archb1 arm=cap-w40d12-wp0 done exit=0 Sat Jul  4 11:23:08 AM EEST 2026
>>> archb1 pilot arm=cap-w64d12-wp0 Sat Jul  4 11:23:08 AM EEST 2026

Mode: nongray_large_dt - Mode-resolved with β-network, large ΔT (~100K)
[07/04/26 11:23:10] INFO     use_spectral_t=True: forcing use_hard_ic=False     
                             (spectral architecture handles IC by construction).
[07/04/26 11:23:10] INFO     use_spectral_t=True: forcing use_hard_ic=False     
                             (spectral architecture handles IC by construction).
                    INFO     Random seed set: 42                                
                    INFO     Random seed set: 42                                
                    INFO     Lt from dom γ: 97.322 τ_ref (gray Lt was 549.202)  
                    INFO     Lt from dom γ: 97.322 τ_ref (gray Lt was 549.202)  
                    INFO     Analytical Lt: A(Lt)=0.001 threshold,              
                             Lt_analytical=549.2τ, Lt_final=97.3τ               
                    INFO     Analytical Lt: A(Lt)=0.001 threshold,              
                             Lt_analytical=549.2τ, Lt_final=97.3τ               
                    INFO     Large ΔT model: L=1.0μm, ΔT=100.0K                 
                    INFO     Large ΔT model: L=1.0μm, ΔT=100.0K                 
                    INFO     Temperature range: [250K, 350K]                    
                    INFO     Temperature range: [250K, 350K]                    
                    INFO     Reference scales: v_ref=1.68e+00, τ_ref=6.05e-11   
                    INFO     Reference scales: v_ref=1.68e+00, τ_ref=6.05e-11   
                    INFO     Effective Kn=0.1015, Lt=97.3                       
                    INFO     Effective Kn=0.1015, Lt=97.3                       
                    INFO     Vectorized: ALL 60 modes × ALL 16 angles per epoch 
                    INFO     Vectorized: ALL 60 modes × ALL 16 angles per epoch 
                    INFO     Subsampling: 1800/3600 interior points per epoch   
                    INFO     Subsampling: 1800/3600 interior points per epoch   
[07/04/26 11:23:14] INFO     DOM γ-target (universal, all-L): grid [250,350]K,  
                             γ_no13 ∈ [1.08e+09,1.34e+09] Hz (replaces          
                             1/(1+Kn²))                                         
[07/04/26 11:23:14] INFO     DOM γ-target (universal, all-L): grid [250,350]K,  
                             γ_no13 ∈ [1.08e+09,1.34e+09] Hz (replaces          
                             1/(1+Kn²))                                         
                    INFO     dT/dt IC (large ΔT): target range [-6.334, 7.894]  
                             in [0,1] time                                      
                    INFO     dT/dt IC (large ΔT): target range [-6.334, 7.894]  
                             in [0,1] time                                      
                    INFO     Waypoints: 5 (uniform), weight=0.0, shape=rate     
                    INFO     Waypoints: 5 (uniform), weight=0.0, shape=rate     
                    INFO     Auto energy weight: 1.000 (grating Kn=0.6379,      
                             Kn_eff=0.1015)                                     
                    INFO     Auto energy weight: 1.000 (grating Kn=0.6379,      
                             Kn_eff=0.1015)                                     
[07/04/26 11:23:14] INFO     W&B tracking enabled: project=pinn-bte,            
                             group=transient_1d_nongray_large_dt                
                    INFO     W&B tracking enabled: project=pinn-bte,            
                             group=transient_1d_nongray_large_dt                

1D Nongray Large ΔT Transient BTE
  L = 1.0 μm, ΔT = 100.0 K
  T range: [250K, 350K]
  Kn_eff = 0.1015
  Epochs: 15000 (β: 200)
  Output: runs/transient/1d_nongray_large_dt_1.0um_100K/20260704_112310
                    INFO     Logging to:                                        
                             runs/transient/1d_nongray_large_dt_1.0um_100K/20260
                             704_112310/training_20260704_112310.log            
                    INFO     Logging to:                                        
                             runs/transient/1d_nongray_large_dt_1.0um_100K/20260
                             704_112310/training_20260704_112310.log            
wandb: WARNING Using a boolean value for 'reinit' is deprecated. Use 'return_previous' or 'finish_previous' instead.
wandb: Tracking run with wandb version 0.24.1
wandb: W&B syncing is set to `offline` in this directory. Run `wandb online` or set WANDB_MODE=online to enable cloud syncing.
wandb: Run data is saved locally in /home/markoherkaliuk/src/pinn-bte-zoo/wandb/offline-run-20260704_112314-efqnclgi
[07/04/26 11:23:15] INFO     Started W&B run: tr_1d_ng_L1.0um_dT100K ·          
                             20260704_112310 (efqnclgi)                         
[07/04/26 11:23:15] INFO     Started W&B run: tr_1d_ng_L1.0um_dT100K ·          
                             20260704_112310 (efqnclgi)                         

Phase 1: Pretraining β-network
  Temperature range: [250K, 350K]
  Epochs: 200
     0.2s | Epoch     0 | β Loss = 1.28e+00
  β pretraining complete! Final loss: 1.12e-01
╭───────────────────────────── Starting Training ──────────────────────────────╮
│   Mode      Transient_Nongray_LargeDT                                        │
│   Epochs    15000                                                            │
│   Device    cuda                                                             │
│   Run ID    20260704_112310                                                  │
╰──────────────────────────────────────────────────────────────────────────────╯

Phase 2: BTE Training
  L = 1.0 μm, ΔT = 100.0K
  T range: [250K, 350K]
  Kn_eff = 0.1015
  τ(T) model = holland (full branch-resolved Holland--Callaway)
  Waypoints: 5 (uniform), weight=0.0
  ALL 60 modes × ALL 16 angles (vectorized)
  Epochs: 15000
     0.8s | Epoch     0 | BTE=6.33e+00 | Energy=1.29e+00 | BC=5.45e-04 | 
IC_n=5.57e-04 | IC_T=0.00e+00 | dT=0.00e+00 | WP=1.10e+01 | GE=1.58e-04 | 
Amp=0.00e+00 | Total=1.86e+01
   115.1s | Epoch   200 | BTE=1.56e+00 | Energy=8.29e-01 | BC=2.10e-02 | 
IC_n=2.83e-02 | IC_T=0.00e+00 | dT=0.00e+00 | WP=5.70e+00 | GE=2.32e-05 | 
Amp=0.00e+00 | Total=8.14e+00
   229.0s | Epoch   400 | BTE=1.49e+00 | Energy=6.99e-01 | BC=2.20e-02 | 
IC_n=2.31e-02 | IC_T=0.00e+00 | dT=0.00e+00 | WP=5.23e+00 | GE=3.20e-05 | 
Amp=0.00e+00 | Total=7.46e+00
   342.4s | Epoch   600 | BTE=1.29e+00 | Energy=5.52e-01 | BC=2.77e-02 | 
IC_n=1.79e-02 | IC_T=0.00e+00 | dT=0.00e+00 | WP=4.87e+00 | GE=1.50e-04 | 
Amp=0.00e+00 | Total=6.76e+00
   455.8s | Epoch   800 | BTE=1.12e+00 | Energy=4.61e-01 | BC=3.45e-02 | 
IC_n=1.68e-02 | IC_T=0.00e+00 | dT=0.00e+00 | WP=4.61e+00 | GE=2.03e-04 | 
Amp=0.00e+00 | Total=6.24e+00
   569.4s | Epoch  1000 | BTE=1.16e+00 | Energy=4.28e-01 | BC=2.60e-02 | 
IC_n=4.79e-03 | IC_T=0.00e+00 | dT=0.00e+00 | WP=4.60e+00 | GE=4.07e-05 | 
Amp=0.00e+00 | Total=6.21e+00
   682.6s | Epoch  1200 | BTE=1.05e+00 | Energy=4.02e-01 | BC=2.49e-02 | 
IC_n=7.57e-03 | IC_T=0.00e+00 | dT=0.00e+00 | WP=4.59e+00 | GE=1.05e-05 | 
Amp=0.00e+00 | Total=6.07e+00
   795.7s | Epoch  1400 | BTE=9.89e-01 | Energy=3.56e-01 | BC=2.72e-02 | 
IC_n=3.34e-03 | IC_T=0.00e+00 | dT=0.00e+00 | WP=4.60e+00 | GE=4.68e-05 | 
Amp=0.00e+00 | Total=5.98e+00
   908.6s | Epoch  1600 | BTE=1.02e+00 | Energy=3.24e-01 | BC=2.30e-02 | 
IC_n=2.74e-03 | IC_T=0.00e+00 | dT=0.00e+00 | WP=4.57e+00 | GE=3.74e-04 | 
Amp=0.00e+00 | Total=5.94e+00
  1021.6s | Epoch  1800 | BTE=9.88e-01 | Energy=3.33e-01 | BC=2.38e-02 | 
IC_n=2.19e-03 | IC_T=0.00e+00 | dT=0.00e+00 | WP=4.60e+00 | GE=4.05e-05 | 
Amp=0.00e+00 | Total=5.94e+00
  1135.7s | Epoch  2000 | BTE=9.49e-01 | Energy=2.88e-01 | BC=2.21e-02 | 
IC_n=2.28e-03 | IC_T=0.00e+00 | dT=0.00e+00 | WP=4.63e+00 | GE=1.09e-04 | 
Amp=0.00e+00 | Total=5.89e+00
  1249.8s | Epoch  2200 | BTE=8.88e-01 | Energy=3.19e-01 | BC=2.43e-02 | 
IC_n=6.94e-03 | IC_T=0.00e+00 | dT=0.00e+00 | WP=4.56e+00 | GE=1.85e-04 | 
Amp=0.00e+00 | Total=5.80e+00
  1362.5s | Epoch  2400 | BTE=8.55e-01 | Energy=2.73e-01 | BC=2.29e-02 | 
IC_n=5.06e-03 | IC_T=0.00e+00 | dT=0.00e+00 | WP=4.62e+00 | GE=1.78e-04 | 
Amp=0.00e+00 | Total=5.78e+00
  1476.2s | Epoch  2600 | BTE=9.69e-01 | Energy=2.86e-01 | BC=2.35e-02 | 
IC_n=1.39e-03 | IC_T=0.00e+00 | dT=0.00e+00 | WP=4.58e+00 | GE=4.07e-05 | 
Amp=0.00e+00 | Total=5.86e+00
  1590.5s | Epoch  2800 | BTE=8.25e-01 | Energy=3.01e-01 | BC=2.38e-02 | 
IC_n=8.37e-03 | IC_T=0.00e+00 | dT=0.00e+00 | WP=4.43e+00 | GE=1.56e-04 | 
Amp=0.00e+00 | Total=5.58e+00
  1704.7s | Epoch  3000 | BTE=9.83e-01 | Energy=2.97e-01 | BC=2.07e-02 | 
IC_n=1.18e-03 | IC_T=0.00e+00 | dT=0.00e+00 | WP=4.49e+00 | GE=2.61e-04 | 
Amp=0.00e+00 | Total=5.79e+00
  1819.1s | Epoch  3200 | BTE=9.37e-01 | Energy=3.05e-01 | BC=2.24e-02 | 
IC_n=2.18e-03 | IC_T=0.00e+00 | dT=0.00e+00 | WP=4.60e+00 | GE=1.23e-04 | 
Amp=0.00e+00 | Total=5.86e+00
  1932.9s | Epoch  3400 | BTE=9.92e-01 | Energy=2.85e-01 | BC=2.70e-02 | 
IC_n=1.37e-03 | IC_T=0.00e+00 | dT=0.00e+00 | WP=4.53e+00 | GE=6.89e-05 | 
Amp=0.00e+00 | Total=5.83e+00
  2047.7s | Epoch  3600 | BTE=8.64e-01 | Energy=2.57e-01 | BC=2.39e-02 | 
IC_n=5.83e-03 | IC_T=0.00e+00 | dT=0.00e+00 | WP=4.52e+00 | GE=6.04e-04 | 
Amp=0.00e+00 | Total=5.67e+00
  2161.1s | Epoch  3800 | BTE=8.75e-01 | Energy=2.62e-01 | BC=2.12e-02 | 
IC_n=7.13e-03 | IC_T=0.00e+00 | dT=0.00e+00 | WP=4.50e+00 | GE=5.41e-06 | 
Amp=0.00e+00 | Total=5.67e+00
  2275.1s | Epoch  4000 | BTE=8.15e-01 | Energy=2.73e-01 | BC=2.25e-02 | 
IC_n=7.48e-03 | IC_T=0.00e+00 | dT=0.00e+00 | WP=4.43e+00 | GE=8.09e-07 | 
Amp=0.00e+00 | Total=5.54e+00
  2390.5s | Epoch  4200 | BTE=8.99e-01 | Energy=2.20e-01 | BC=2.33e-02 | 
IC_n=2.37e-03 | IC_T=0.00e+00 | dT=0.00e+00 | WP=4.32e+00 | GE=9.37e-05 | 
Amp=0.00e+00 | Total=5.47e+00
  2504.1s | Epoch  4400 | BTE=7.65e-01 | Energy=2.42e-01 | BC=2.03e-02 | 
IC_n=4.63e-03 | IC_T=0.00e+00 | dT=0.00e+00 | WP=4.13e+00 | GE=1.30e-07 | 
Amp=0.00e+00 | Total=5.16e+00
  2618.3s | Epoch  4600 | BTE=7.40e-01 | Energy=2.18e-01 | BC=1.98e-02 | 
IC_n=3.86e-03 | IC_T=0.00e+00 | dT=0.00e+00 | WP=3.72e+00 | GE=1.18e-04 | 
Amp=0.00e+00 | Total=4.70e+00
  2731.3s | Epoch  4800 | BTE=6.59e-01 | Energy=1.76e-01 | BC=1.53e-02 | 
IC_n=1.66e-03 | IC_T=0.00e+00 | dT=0.00e+00 | WP=3.25e+00 | GE=1.21e-05 | 
Amp=0.00e+00 | Total=4.11e+00
  2845.3s | Epoch  5000 | BTE=5.34e-01 | Energy=1.35e-01 | BC=1.25e-02 | 
IC_n=1.27e-03 | IC_T=0.00e+00 | dT=0.00e+00 | WP=2.64e+00 | GE=1.18e-05 | 
Amp=0.00e+00 | Total=3.32e+00
  2958.0s | Epoch  5200 | BTE=4.29e-01 | Energy=1.06e-01 | BC=1.05e-02 | 
IC_n=1.27e-03 | IC_T=0.00e+00 | dT=0.00e+00 | WP=1.90e+00 | GE=1.39e-04 | 
Amp=0.00e+00 | Total=2.45e+00
  3072.1s | Epoch  5400 | BTE=3.40e-01 | Energy=6.56e-02 | BC=6.97e-03 | 
IC_n=1.25e-03 | IC_T=0.00e+00 | dT=0.00e+00 | WP=1.34e+00 | GE=1.58e-04 | 
Amp=0.00e+00 | Total=1.75e+00
  3186.5s | Epoch  5600 | BTE=3.09e-01 | Energy=5.44e-02 | BC=5.12e-03 | 
IC_n=1.41e-03 | IC_T=0.00e+00 | dT=0.00e+00 | WP=9.80e-01 | GE=1.85e-05 | 
Amp=0.00e+00 | Total=1.35e+00
  3299.8s | Epoch  5800 | BTE=2.92e-01 | Energy=5.15e-02 | BC=3.96e-03 | 
IC_n=1.49e-03 | IC_T=0.00e+00 | dT=0.00e+00 | WP=7.05e-01 | GE=3.02e-08 | 
Amp=0.00e+00 | Total=1.05e+00
  3413.6s | Epoch  6000 | BTE=2.23e-01 | Energy=4.27e-02 | BC=3.16e-03 | 
IC_n=1.15e-03 | IC_T=0.00e+00 | dT=0.00e+00 | WP=4.67e-01 | GE=2.75e-07 | 
Amp=0.00e+00 | Total=7.37e-01
  3526.3s | Epoch  6200 | BTE=2.24e-01 | Energy=2.67e-02 | BC=2.44e-03 | 
IC_n=1.53e-03 | IC_T=0.00e+00 | dT=0.00e+00 | WP=3.78e-01 | GE=4.93e-06 | 
Amp=0.00e+00 | Total=6.33e-01
  3640.3s | Epoch  6400 | BTE=2.19e-01 | Energy=1.89e-02 | BC=1.79e-03 | 
IC_n=1.77e-03 | IC_T=0.00e+00 | dT=0.00e+00 | WP=3.29e-01 | GE=1.62e-05 | 
Amp=0.00e+00 | Total=5.71e-01
  3752.5s | Epoch  6600 | BTE=1.63e-01 | Energy=2.49e-02 | BC=1.60e-03 | 
IC_n=2.09e-03 | IC_T=0.00e+00 | dT=0.00e+00 | WP=2.47e-01 | GE=3.45e-05 | 
Amp=0.00e+00 | Total=4.39e-01
  3866.3s | Epoch  6800 | BTE=1.38e-01 | Energy=1.46e-02 | BC=1.25e-03 | 
IC_n=2.70e-03 | IC_T=0.00e+00 | dT=0.00e+00 | WP=1.98e-01 | GE=1.17e-05 | 
Amp=0.00e+00 | Total=3.54e-01
  3979.5s | Epoch  7000 | BTE=1.68e-01 | Energy=1.30e-02 | BC=1.07e-03 | 
IC_n=2.68e-03 | IC_T=0.00e+00 | dT=0.00e+00 | WP=1.79e-01 | GE=8.94e-06 | 
Amp=0.00e+00 | Total=3.63e-01
  4092.4s | Epoch  7200 | BTE=1.42e-01 | Energy=1.15e-02 | BC=1.05e-03 | 
IC_n=3.00e-03 | IC_T=0.00e+00 | dT=0.00e+00 | WP=1.35e-01 | GE=7.13e-06 | 
Amp=0.00e+00 | Total=2.92e-01
  4205.8s | Epoch  7400 | BTE=1.53e-01 | Energy=1.17e-02 | BC=8.54e-04 | 
IC_n=3.47e-03 | IC_T=0.00e+00 | dT=0.00e+00 | WP=1.06e-01 | GE=9.31e-06 | 
Amp=0.00e+00 | Total=2.75e-01
  4320.0s | Epoch  7600 | BTE=1.14e-01 | Energy=1.23e-02 | BC=8.21e-04 | 
IC_n=3.65e-03 | IC_T=0.00e+00 | dT=0.00e+00 | WP=1.08e-01 | GE=2.94e-08 | 
Amp=0.00e+00 | Total=2.38e-01
  4433.5s | Epoch  7800 | BTE=1.19e-01 | Energy=9.35e-03 | BC=6.57e-04 | 
IC_n=3.03e-03 | IC_T=0.00e+00 | dT=0.00e+00 | WP=9.00e-02 | GE=9.52e-06 | 
Amp=0.00e+00 | Total=2.22e-01
  4546.5s | Epoch  8000 | BTE=1.07e-01 | Energy=8.35e-03 | BC=6.17e-04 | 
IC_n=3.21e-03 | IC_T=0.00e+00 | dT=0.00e+00 | WP=8.40e-02 | GE=1.14e-05 | 
Amp=0.00e+00 | Total=2.03e-01
  4661.2s | Epoch  8200 | BTE=7.95e-02 | Energy=8.13e-03 | BC=6.48e-04 | 
IC_n=2.97e-03 | IC_T=0.00e+00 | dT=0.00e+00 | WP=6.86e-02 | GE=7.75e-07 | 
Amp=0.00e+00 | Total=1.60e-01
  4774.9s | Epoch  8400 | BTE=8.23e-02 | Energy=8.17e-03 | BC=5.35e-04 | 
IC_n=3.51e-03 | IC_T=0.00e+00 | dT=0.00e+00 | WP=5.40e-02 | GE=9.41e-06 | 
Amp=0.00e+00 | Total=1.49e-01
  4888.9s | Epoch  8600 | BTE=8.68e-02 | Energy=7.78e-03 | BC=4.95e-04 | 
IC_n=3.74e-03 | IC_T=0.00e+00 | dT=0.00e+00 | WP=5.63e-02 | GE=3.17e-06 | 
Amp=0.00e+00 | Total=1.55e-01
  5001.9s | Epoch  8800 | BTE=7.93e-02 | Energy=7.60e-03 | BC=4.35e-04 | 
IC_n=3.26e-03 | IC_T=0.00e+00 | dT=0.00e+00 | WP=5.20e-02 | GE=7.79e-07 | 
Amp=0.00e+00 | Total=1.43e-01
  5114.9s | Epoch  9000 | BTE=8.99e-02 | Energy=5.54e-03 | BC=3.96e-04 | 
IC_n=3.62e-03 | IC_T=0.00e+00 | dT=0.00e+00 | WP=5.18e-02 | GE=3.07e-06 | 
Amp=0.00e+00 | Total=1.51e-01
  5227.8s | Epoch  9200 | BTE=5.72e-02 | Energy=6.22e-03 | BC=3.75e-04 | 
IC_n=3.85e-03 | IC_T=0.00e+00 | dT=0.00e+00 | WP=4.66e-02 | GE=6.72e-06 | 
Amp=0.00e+00 | Total=1.14e-01
  5340.8s | Epoch  9400 | BTE=6.17e-02 | Energy=7.87e-03 | BC=3.56e-04 | 
IC_n=3.37e-03 | IC_T=0.00e+00 | dT=0.00e+00 | WP=4.06e-02 | GE=2.50e-08 | 
Amp=0.00e+00 | Total=1.14e-01
  5454.7s | Epoch  9600 | BTE=6.01e-02 | Energy=6.14e-03 | BC=3.35e-04 | 
IC_n=3.97e-03 | IC_T=0.00e+00 | dT=0.00e+00 | WP=3.81e-02 | GE=2.38e-06 | 
Amp=0.00e+00 | Total=1.09e-01
  5568.5s | Epoch  9800 | BTE=6.42e-02 | Energy=6.88e-03 | BC=3.41e-04 | 
IC_n=4.70e-03 | IC_T=0.00e+00 | dT=0.00e+00 | WP=3.72e-02 | GE=2.61e-06 | 
Amp=0.00e+00 | Total=1.13e-01
  5682.2s | Epoch 10000 | BTE=4.42e-02 | Energy=6.45e-03 | BC=3.48e-04 | 
IC_n=3.54e-03 | IC_T=0.00e+00 | dT=0.00e+00 | WP=3.32e-02 | GE=1.83e-07 | 
Amp=0.00e+00 | Total=8.77e-02
  5797.7s | Epoch 10200 | BTE=5.57e-02 | Energy=1.73e-02 | BC=3.03e-04 | 
IC_n=4.71e-03 | IC_T=0.00e+00 | dT=0.00e+00 | WP=3.28e-02 | GE=6.66e-06 | 
Amp=0.00e+00 | Total=1.11e-01
  5910.3s | Epoch 10400 | BTE=3.83e-02 | Energy=4.61e-03 | BC=2.95e-04 | 
IC_n=4.42e-03 | IC_T=0.00e+00 | dT=0.00e+00 | WP=3.01e-02 | GE=1.01e-07 | 
Amp=0.00e+00 | Total=7.78e-02
  6023.8s | Epoch 10600 | BTE=2.93e-02 | Energy=2.77e-03 | BC=2.76e-04 | 
IC_n=2.80e-03 | IC_T=0.00e+00 | dT=0.00e+00 | WP=2.97e-02 | GE=6.86e-06 | 
Amp=0.00e+00 | Total=6.49e-02
  6136.8s | Epoch 10800 | BTE=3.75e-02 | Energy=3.31e-03 | BC=2.69e-04 | 
IC_n=3.38e-03 | IC_T=0.00e+00 | dT=0.00e+00 | WP=2.56e-02 | GE=1.10e-05 | 
Amp=0.00e+00 | Total=7.01e-02
  6250.7s | Epoch 11000 | BTE=3.63e-02 | Energy=4.75e-03 | BC=2.65e-04 | 
IC_n=3.91e-03 | IC_T=0.00e+00 | dT=0.00e+00 | WP=2.32e-02 | GE=9.75e-07 | 
Amp=0.00e+00 | Total=6.84e-02
  6364.3s | Epoch 11200 | BTE=4.01e-02 | Energy=4.48e-03 | BC=2.50e-04 | 
IC_n=3.86e-03 | IC_T=0.00e+00 | dT=0.00e+00 | WP=2.37e-02 | GE=4.57e-07 | 
Amp=0.00e+00 | Total=7.23e-02
  6478.8s | Epoch 11400 | BTE=3.43e-02 | Energy=3.49e-03 | BC=2.48e-04 | 
IC_n=3.06e-03 | IC_T=0.00e+00 | dT=0.00e+00 | WP=2.37e-02 | GE=2.05e-06 | 
Amp=0.00e+00 | Total=6.48e-02
  6591.8s | Epoch 11600 | BTE=3.41e-02 | Energy=2.80e-03 | BC=2.45e-04 | 
IC_n=3.08e-03 | IC_T=0.00e+00 | dT=0.00e+00 | WP=2.78e-02 | GE=7.82e-06 | 
Amp=0.00e+00 | Total=6.80e-02
  6706.0s | Epoch 11800 | BTE=2.83e-02 | Energy=3.15e-03 | BC=2.47e-04 | 
IC_n=3.25e-03 | IC_T=0.00e+00 | dT=0.00e+00 | WP=2.18e-02 | GE=9.75e-07 | 
Amp=0.00e+00 | Total=5.67e-02
  6819.4s | Epoch 12000 | BTE=2.30e-02 | Energy=4.61e-03 | BC=2.34e-04 | 
IC_n=3.45e-03 | IC_T=0.00e+00 | dT=0.00e+00 | WP=2.14e-02 | GE=1.04e-07 | 
Amp=0.00e+00 | Total=5.27e-02
  6933.0s | Epoch 12200 | BTE=3.17e-02 | Energy=3.73e-03 | BC=2.34e-04 | 
IC_n=3.41e-03 | IC_T=0.00e+00 | dT=0.00e+00 | WP=1.87e-02 | GE=9.27e-09 | 
Amp=0.00e+00 | Total=5.78e-02
  7047.7s | Epoch 12400 | BTE=2.12e-02 | Energy=2.90e-03 | BC=2.29e-04 | 
IC_n=3.34e-03 | IC_T=0.00e+00 | dT=0.00e+00 | WP=2.01e-02 | GE=8.08e-06 | 
Amp=0.00e+00 | Total=4.78e-02
  7162.8s | Epoch 12600 | BTE=1.67e-02 | Energy=3.68e-03 | BC=2.19e-04 | 
IC_n=4.32e-03 | IC_T=0.00e+00 | dT=0.00e+00 | WP=1.99e-02 | GE=6.98e-07 | 
Amp=0.00e+00 | Total=4.49e-02
  7275.0s | Epoch 12800 | BTE=2.21e-02 | Energy=2.41e-03 | BC=2.17e-04 | 
IC_n=3.49e-03 | IC_T=0.00e+00 | dT=0.00e+00 | WP=2.05e-02 | GE=4.73e-10 | 
Amp=0.00e+00 | Total=4.88e-02
  7388.9s | Epoch 13000 | BTE=2.25e-02 | Energy=4.35e-03 | BC=2.20e-04 | 
IC_n=4.40e-03 | IC_T=0.00e+00 | dT=0.00e+00 | WP=2.13e-02 | GE=4.65e-06 | 
Amp=0.00e+00 | Total=5.28e-02
  7503.5s | Epoch 13200 | BTE=1.76e-02 | Energy=2.15e-03 | BC=2.19e-04 | 
IC_n=3.10e-03 | IC_T=0.00e+00 | dT=0.00e+00 | WP=2.09e-02 | GE=8.99e-08 | 
Amp=0.00e+00 | Total=4.39e-02
  7615.8s | Epoch 13400 | BTE=1.99e-02 | Energy=2.54e-03 | BC=2.18e-04 | 
IC_n=3.39e-03 | IC_T=0.00e+00 | dT=0.00e+00 | WP=1.94e-02 | GE=3.71e-07 | 
Amp=0.00e+00 | Total=4.54e-02
  7727.4s | Epoch 13600 | BTE=2.44e-02 | Energy=2.41e-03 | BC=2.12e-04 | 
IC_n=3.22e-03 | IC_T=0.00e+00 | dT=0.00e+00 | WP=1.88e-02 | GE=5.14e-10 | 
Amp=0.00e+00 | Total=4.90e-02
  7841.0s | Epoch 13800 | BTE=2.03e-02 | Energy=2.08e-03 | BC=2.12e-04 | 
IC_n=3.15e-03 | IC_T=0.00e+00 | dT=0.00e+00 | WP=1.88e-02 | GE=4.92e-07 | 
Amp=0.00e+00 | Total=4.45e-02
  7954.3s | Epoch 14000 | BTE=1.55e-02 | Energy=2.15e-03 | BC=2.12e-04 | 
IC_n=3.21e-03 | IC_T=0.00e+00 | dT=0.00e+00 | WP=1.92e-02 | GE=1.56e-07 | 
Amp=0.00e+00 | Total=4.03e-02
  8068.5s | Epoch 14200 | BTE=2.18e-02 | Energy=2.09e-03 | BC=2.13e-04 | 
IC_n=3.19e-03 | IC_T=0.00e+00 | dT=0.00e+00 | WP=1.84e-02 | GE=3.76e-08 | 
Amp=0.00e+00 | Total=4.57e-02
  8182.4s | Epoch 14400 | BTE=1.97e-02 | Energy=1.95e-03 | BC=2.11e-04 | 
IC_n=3.20e-03 | IC_T=0.00e+00 | dT=0.00e+00 | WP=1.75e-02 | GE=2.94e-06 | 
Amp=0.00e+00 | Total=4.26e-02
  8296.9s | Epoch 14600 | BTE=1.87e-02 | Energy=2.32e-03 | BC=2.08e-04 | 
IC_n=3.25e-03 | IC_T=0.00e+00 | dT=0.00e+00 | WP=1.77e-02 | GE=1.39e-06 | 
Amp=0.00e+00 | Total=4.22e-02
  8409.7s | Epoch 14800 | BTE=1.67e-02 | Energy=2.11e-03 | BC=2.13e-04 | 
IC_n=3.18e-03 | IC_T=0.00e+00 | dT=0.00e+00 | WP=1.64e-02 | GE=7.28e-07 | 
Amp=0.00e+00 | Total=3.86e-02
╭───────────────────────────── Training Complete ──────────────────────────────╮
│   Time      8522.96s                                                         │
│   Output    runs/transient/1d_nongray_large_dt_1.0um_100K/20260704_112310    │
│   Saved     net_T_20260704_112310.pt                                         │
│   Saved     net_n_20260704_112310.pt                                         │
│   Saved     net_beta_20260704_112310.pt                                      │
╰──────────────────────────────────────────────────────────────────────────────╯
wandb: 
wandb: Run summary:
wandb: physics/local_dir runs/transient/1d_no...
wandb: 
wandb: You can sync this run to the cloud by running:
wandb: wandb sync /home/markoherkaliuk/src/pinn-bte-zoo/wandb/offline-run-20260704_112314-efqnclgi
wandb: Find logs at: ./wandb/offline-run-20260704_112314-efqnclgi/logs
Results saved to: 
runs/transient/1d_nongray_large_dt_1.0um_100K/20260704_112310/20260704_112310_re
sults.npz
  Generating visualizations...
Saved heatmap: runs/transient/1d_nongray_large_dt_1.0um_100K/20260704_112310/heatmap_20260704_112310.png
Saved snapshots: runs/transient/1d_nongray_large_dt_1.0um_100K/20260704_112310/snapshots_20260704_112310.png
Saved BC check: runs/transient/1d_nongray_large_dt_1.0um_100K/20260704_112310/bc_check_20260704_112310.png
Saved IC check: runs/transient/1d_nongray_large_dt_1.0um_100K/20260704_112310/ic_check_20260704_112310.png
Saved animation: runs/transient/1d_nongray_large_dt_1.0um_100K/20260704_112310/animation_20260704_112310.gif
  Saved: loss_20260704_112310.png
  Amplitude: A(0)=50.0000, A(end)=0.7712 (98.5% decay)
  Energy drift: 0.0095
  ⚠ Oscillation at t≈24τ
  Saved: 
runs/transient/1d_nongray_large_dt_1.0um_100K/20260704_112310/amplitude_decay_20
260704_112310.png

Done!
>>> archb1 arm=cap-w64d12-wp0 done exit=0 Sat Jul  4 01:45:25 PM EEST 2026
>>> archb1 pilot arm=pirate-wp0 Sat Jul  4 01:45:25 PM EEST 2026

Mode: nongray_large_dt - Mode-resolved with β-network, large ΔT (~100K)
[07/04/26 13:45:26] INFO     use_spectral_t=True: forcing use_hard_ic=False     
                             (spectral architecture handles IC by construction).
[07/04/26 13:45:26] INFO     use_spectral_t=True: forcing use_hard_ic=False     
                             (spectral architecture handles IC by construction).
                    INFO     Random seed set: 42                                
                    INFO     Random seed set: 42                                
                    INFO     Lt from dom γ: 97.322 τ_ref (gray Lt was 549.202)  
                    INFO     Lt from dom γ: 97.322 τ_ref (gray Lt was 549.202)  
                    INFO     Analytical Lt: A(Lt)=0.001 threshold,              
                             Lt_analytical=549.2τ, Lt_final=97.3τ               
                    INFO     Analytical Lt: A(Lt)=0.001 threshold,              
                             Lt_analytical=549.2τ, Lt_final=97.3τ               
                    INFO     Large ΔT model: L=1.0μm, ΔT=100.0K                 
                    INFO     Large ΔT model: L=1.0μm, ΔT=100.0K                 
                    INFO     Temperature range: [250K, 350K]                    
                    INFO     Temperature range: [250K, 350K]                    
                    INFO     Reference scales: v_ref=1.68e+00, τ_ref=6.05e-11   
                    INFO     Reference scales: v_ref=1.68e+00, τ_ref=6.05e-11   
                    INFO     Effective Kn=0.1015, Lt=97.3                       
                    INFO     Effective Kn=0.1015, Lt=97.3                       
                    INFO     Vectorized: ALL 60 modes × ALL 16 angles per epoch 
                    INFO     Vectorized: ALL 60 modes × ALL 16 angles per epoch 
                    INFO     Subsampling: 1800/3600 interior points per epoch   
                    INFO     Subsampling: 1800/3600 interior points per epoch   
[07/04/26 13:45:30] INFO     DOM γ-target (universal, all-L): grid [250,350]K,  
                             γ_no13 ∈ [1.08e+09,1.34e+09] Hz (replaces          
                             1/(1+Kn²))                                         
[07/04/26 13:45:30] INFO     DOM γ-target (universal, all-L): grid [250,350]K,  
                             γ_no13 ∈ [1.08e+09,1.34e+09] Hz (replaces          
                             1/(1+Kn²))                                         
                    INFO     dT/dt IC (large ΔT): target range [-6.334, 7.894]  
                             in [0,1] time                                      
                    INFO     dT/dt IC (large ΔT): target range [-6.334, 7.894]  
                             in [0,1] time                                      
                    INFO     Waypoints: 5 (uniform), weight=0.0, shape=rate     
                    INFO     Waypoints: 5 (uniform), weight=0.0, shape=rate     
                    INFO     Auto energy weight: 1.000 (grating Kn=0.6379,      
                             Kn_eff=0.1015)                                     
                    INFO     Auto energy weight: 1.000 (grating Kn=0.6379,      
                             Kn_eff=0.1015)                                     
[07/04/26 13:45:30] INFO     W&B tracking enabled: project=pinn-bte,            
                             group=transient_1d_nongray_large_dt                
                    INFO     W&B tracking enabled: project=pinn-bte,            
                             group=transient_1d_nongray_large_dt                

1D Nongray Large ΔT Transient BTE
  L = 1.0 μm, ΔT = 100.0 K
  T range: [250K, 350K]
  Kn_eff = 0.1015
  Epochs: 15000 (β: 200)
  Output: runs/transient/1d_nongray_large_dt_1.0um_100K/20260704_134526
                    INFO     Logging to:                                        
                             runs/transient/1d_nongray_large_dt_1.0um_100K/20260
                             704_134526/training_20260704_134526.log            
                    INFO     Logging to:                                        
                             runs/transient/1d_nongray_large_dt_1.0um_100K/20260
                             704_134526/training_20260704_134526.log            
wandb: WARNING Using a boolean value for 'reinit' is deprecated. Use 'return_previous' or 'finish_previous' instead.
wandb: Tracking run with wandb version 0.24.1
wandb: W&B syncing is set to `offline` in this directory. Run `wandb online` or set WANDB_MODE=online to enable cloud syncing.
wandb: Run data is saved locally in /home/markoherkaliuk/src/pinn-bte-zoo/wandb/offline-run-20260704_134531-x0tlo0sw
[07/04/26 13:45:31] INFO     Started W&B run: tr_1d_ng_L1.0um_dT100K ·          
                             20260704_134526 (x0tlo0sw)                         
[07/04/26 13:45:31] INFO     Started W&B run: tr_1d_ng_L1.0um_dT100K ·          
                             20260704_134526 (x0tlo0sw)                         

Phase 1: Pretraining β-network
  Temperature range: [250K, 350K]
  Epochs: 200
     0.2s | Epoch     0 | β Loss = 3.15e+00
  β pretraining complete! Final loss: 6.90e-01
╭───────────────────────────── Starting Training ──────────────────────────────╮
│   Mode      Transient_Nongray_LargeDT                                        │
│   Epochs    15000                                                            │
│   Device    cuda                                                             │
│   Run ID    20260704_134526                                                  │
╰──────────────────────────────────────────────────────────────────────────────╯

Phase 2: BTE Training
  L = 1.0 μm, ΔT = 100.0K
  T range: [250K, 350K]
  Kn_eff = 0.1015
  τ(T) model = holland (full branch-resolved Holland--Callaway)
  Waypoints: 5 (uniform), weight=0.0
  ALL 60 modes × ALL 16 angles (vectorized)
  Epochs: 15000
     0.9s | Epoch     0 | BTE=6.96e+00 | Energy=1.27e+00 | BC=1.36e-05 | 
IC_n=1.92e-04 | IC_T=0.00e+00 | dT=0.00e+00 | WP=1.10e+01 | GE=4.13e-04 | 
Amp=0.00e+00 | Total=1.93e+01
    92.2s | Epoch   200 | BTE=2.73e+00 | Energy=1.67e+00 | BC=1.44e-02 | 
IC_n=3.18e-02 | IC_T=0.00e+00 | dT=0.00e+00 | WP=5.27e+00 | GE=1.14e-04 | 
Amp=0.00e+00 | Total=9.71e+00
   184.3s | Epoch   400 | BTE=2.12e+00 | Energy=1.42e+00 | BC=3.66e-02 | 
IC_n=3.80e-02 | IC_T=0.00e+00 | dT=0.00e+00 | WP=4.77e+00 | GE=1.61e-05 | 
Amp=0.00e+00 | Total=8.38e+00
   274.3s | Epoch   600 | BTE=2.04e+00 | Energy=1.37e+00 | BC=4.10e-02 | 
IC_n=3.51e-02 | IC_T=0.00e+00 | dT=0.00e+00 | WP=4.75e+00 | GE=4.96e-04 | 
Amp=0.00e+00 | Total=8.24e+00
   365.3s | Epoch   800 | BTE=1.92e+00 | Energy=1.34e+00 | BC=4.45e-02 | 
IC_n=3.36e-02 | IC_T=0.00e+00 | dT=0.00e+00 | WP=4.59e+00 | GE=1.76e-05 | 
Amp=0.00e+00 | Total=7.94e+00
   455.6s | Epoch  1000 | BTE=1.97e+00 | Energy=1.23e+00 | BC=4.16e-02 | 
IC_n=2.93e-02 | IC_T=0.00e+00 | dT=0.00e+00 | WP=4.64e+00 | GE=2.64e-05 | 
Amp=0.00e+00 | Total=7.91e+00
   546.9s | Epoch  1200 | BTE=1.88e+00 | Energy=1.07e+00 | BC=3.85e-02 | 
IC_n=2.80e-02 | IC_T=0.00e+00 | dT=0.00e+00 | WP=4.56e+00 | GE=7.87e-07 | 
Amp=0.00e+00 | Total=7.58e+00
   636.3s | Epoch  1400 | BTE=1.80e+00 | Energy=1.01e+00 | BC=3.65e-02 | 
IC_n=2.76e-02 | IC_T=0.00e+00 | dT=0.00e+00 | WP=4.50e+00 | GE=9.15e-05 | 
Amp=0.00e+00 | Total=7.37e+00
   726.2s | Epoch  1600 | BTE=1.70e+00 | Energy=9.44e-01 | BC=3.45e-02 | 
IC_n=2.67e-02 | IC_T=0.00e+00 | dT=0.00e+00 | WP=4.40e+00 | GE=8.39e-05 | 
Amp=0.00e+00 | Total=7.11e+00
   817.6s | Epoch  1800 | BTE=1.65e+00 | Energy=9.15e-01 | BC=3.64e-02 | 
IC_n=2.94e-02 | IC_T=0.00e+00 | dT=0.00e+00 | WP=4.29e+00 | GE=8.06e-05 | 
Amp=0.00e+00 | Total=6.93e+00
   907.9s | Epoch  2000 | BTE=1.72e+00 | Energy=8.84e-01 | BC=3.36e-02 | 
IC_n=2.44e-02 | IC_T=0.00e+00 | dT=0.00e+00 | WP=4.38e+00 | GE=2.86e-05 | 
Amp=0.00e+00 | Total=7.04e+00
   999.4s | Epoch  2200 | BTE=1.67e+00 | Energy=9.39e-01 | BC=3.48e-02 | 
IC_n=2.10e-02 | IC_T=0.00e+00 | dT=0.00e+00 | WP=4.26e+00 | GE=9.88e-05 | 
Amp=0.00e+00 | Total=6.93e+00
  1090.0s | Epoch  2400 | BTE=1.66e+00 | Energy=8.93e-01 | BC=3.55e-02 | 
IC_n=1.91e-02 | IC_T=0.00e+00 | dT=0.00e+00 | WP=4.39e+00 | GE=3.18e-05 | 
Amp=0.00e+00 | Total=7.00e+00
  1180.8s | Epoch  2600 | BTE=1.69e+00 | Energy=8.30e-01 | BC=3.63e-02 | 
IC_n=1.95e-02 | IC_T=0.00e+00 | dT=0.00e+00 | WP=4.33e+00 | GE=5.51e-05 | 
Amp=0.00e+00 | Total=6.91e+00
  1271.7s | Epoch  2800 | BTE=1.60e+00 | Energy=8.26e-01 | BC=3.69e-02 | 
IC_n=1.68e-02 | IC_T=0.00e+00 | dT=0.00e+00 | WP=4.23e+00 | GE=2.06e-05 | 
Amp=0.00e+00 | Total=6.72e+00
  1362.4s | Epoch  3000 | BTE=1.58e+00 | Energy=8.35e-01 | BC=3.94e-02 | 
IC_n=1.86e-02 | IC_T=0.00e+00 | dT=0.00e+00 | WP=4.19e+00 | GE=1.01e-04 | 
Amp=0.00e+00 | Total=6.66e+00
  1453.4s | Epoch  3200 | BTE=1.62e+00 | Energy=8.13e-01 | BC=3.76e-02 | 
IC_n=1.45e-02 | IC_T=0.00e+00 | dT=0.00e+00 | WP=4.15e+00 | GE=1.27e-10 | 
Amp=0.00e+00 | Total=6.63e+00
  1543.9s | Epoch  3400 | BTE=1.63e+00 | Energy=7.48e-01 | BC=3.71e-02 | 
IC_n=1.47e-02 | IC_T=0.00e+00 | dT=0.00e+00 | WP=4.14e+00 | GE=2.78e-04 | 
Amp=0.00e+00 | Total=6.58e+00
  1634.6s | Epoch  3600 | BTE=1.52e+00 | Energy=7.44e-01 | BC=3.77e-02 | 
IC_n=1.55e-02 | IC_T=0.00e+00 | dT=0.00e+00 | WP=4.09e+00 | GE=2.98e-04 | 
Amp=0.00e+00 | Total=6.41e+00
  1725.9s | Epoch  3800 | BTE=1.45e+00 | Energy=7.74e-01 | BC=3.78e-02 | 
IC_n=1.13e-02 | IC_T=0.00e+00 | dT=0.00e+00 | WP=4.03e+00 | GE=1.19e-04 | 
Amp=0.00e+00 | Total=6.30e+00
  1816.1s | Epoch  4000 | BTE=1.52e+00 | Energy=7.00e-01 | BC=3.69e-02 | 
IC_n=1.10e-02 | IC_T=0.00e+00 | dT=0.00e+00 | WP=4.00e+00 | GE=2.42e-04 | 
Amp=0.00e+00 | Total=6.27e+00
  1906.6s | Epoch  4200 | BTE=1.54e+00 | Energy=6.84e-01 | BC=3.81e-02 | 
IC_n=1.10e-02 | IC_T=0.00e+00 | dT=0.00e+00 | WP=3.99e+00 | GE=1.79e-04 | 
Amp=0.00e+00 | Total=6.26e+00
  1997.8s | Epoch  4400 | BTE=1.34e+00 | Energy=7.26e-01 | BC=4.20e-02 | 
IC_n=9.31e-03 | IC_T=0.00e+00 | dT=0.00e+00 | WP=3.91e+00 | GE=2.80e-06 | 
Amp=0.00e+00 | Total=6.03e+00
  2088.1s | Epoch  4600 | BTE=1.52e+00 | Energy=6.56e-01 | BC=4.04e-02 | 
IC_n=9.10e-03 | IC_T=0.00e+00 | dT=0.00e+00 | WP=3.91e+00 | GE=9.35e-05 | 
Amp=0.00e+00 | Total=6.14e+00
  2180.0s | Epoch  4800 | BTE=1.38e+00 | Energy=6.08e-01 | BC=4.11e-02 | 
IC_n=9.39e-03 | IC_T=0.00e+00 | dT=0.00e+00 | WP=3.86e+00 | GE=1.45e-04 | 
Amp=0.00e+00 | Total=5.90e+00
  2270.9s | Epoch  5000 | BTE=1.37e+00 | Energy=6.42e-01 | BC=4.21e-02 | 
IC_n=8.17e-03 | IC_T=0.00e+00 | dT=0.00e+00 | WP=3.77e+00 | GE=4.84e-05 | 
Amp=0.00e+00 | Total=5.84e+00
  2362.6s | Epoch  5200 | BTE=1.42e+00 | Energy=6.14e-01 | BC=4.30e-02 | 
IC_n=7.95e-03 | IC_T=0.00e+00 | dT=0.00e+00 | WP=3.78e+00 | GE=1.14e-04 | 
Amp=0.00e+00 | Total=5.87e+00
  2454.5s | Epoch  5400 | BTE=1.36e+00 | Energy=6.07e-01 | BC=4.35e-02 | 
IC_n=7.46e-03 | IC_T=0.00e+00 | dT=0.00e+00 | WP=3.73e+00 | GE=7.42e-05 | 
Amp=0.00e+00 | Total=5.75e+00
  2544.8s | Epoch  5600 | BTE=1.32e+00 | Energy=5.99e-01 | BC=4.54e-02 | 
IC_n=8.07e-03 | IC_T=0.00e+00 | dT=0.00e+00 | WP=3.75e+00 | GE=1.05e-04 | 
Amp=0.00e+00 | Total=5.72e+00
  2635.5s | Epoch  5800 | BTE=1.35e+00 | Energy=5.76e-01 | BC=4.32e-02 | 
IC_n=4.80e-03 | IC_T=0.00e+00 | dT=0.00e+00 | WP=3.73e+00 | GE=1.82e-05 | 
Amp=0.00e+00 | Total=5.71e+00
  2725.8s | Epoch  6000 | BTE=1.38e+00 | Energy=6.06e-01 | BC=4.48e-02 | 
IC_n=4.89e-03 | IC_T=0.00e+00 | dT=0.00e+00 | WP=3.70e+00 | GE=2.50e-04 | 
Amp=0.00e+00 | Total=5.73e+00
  2816.0s | Epoch  6200 | BTE=1.27e+00 | Energy=5.98e-01 | BC=4.43e-02 | 
IC_n=5.61e-03 | IC_T=0.00e+00 | dT=0.00e+00 | WP=3.76e+00 | GE=1.49e-05 | 
Amp=0.00e+00 | Total=5.68e+00
  2906.9s | Epoch  6400 | BTE=1.38e+00 | Energy=5.94e-01 | BC=4.46e-02 | 
IC_n=4.81e-03 | IC_T=0.00e+00 | dT=0.00e+00 | WP=3.72e+00 | GE=2.03e-06 | 
Amp=0.00e+00 | Total=5.74e+00
  2997.0s | Epoch  6600 | BTE=1.37e+00 | Energy=5.89e-01 | BC=4.40e-02 | 
IC_n=3.90e-03 | IC_T=0.00e+00 | dT=0.00e+00 | WP=3.78e+00 | GE=7.73e-05 | 
Amp=0.00e+00 | Total=5.79e+00
  3088.1s | Epoch  6800 | BTE=1.34e+00 | Energy=5.54e-01 | BC=4.42e-02 | 
IC_n=4.20e-03 | IC_T=0.00e+00 | dT=0.00e+00 | WP=3.73e+00 | GE=8.27e-06 | 
Amp=0.00e+00 | Total=5.67e+00
  3179.3s | Epoch  7000 | BTE=1.33e+00 | Energy=5.50e-01 | BC=4.35e-02 | 
IC_n=5.05e-03 | IC_T=0.00e+00 | dT=0.00e+00 | WP=3.80e+00 | GE=2.44e-05 | 
Amp=0.00e+00 | Total=5.73e+00
  3271.1s | Epoch  7200 | BTE=1.24e+00 | Energy=5.48e-01 | BC=4.42e-02 | 
IC_n=4.95e-03 | IC_T=0.00e+00 | dT=0.00e+00 | WP=3.67e+00 | GE=7.53e-05 | 
Amp=0.00e+00 | Total=5.51e+00
  3361.0s | Epoch  7400 | BTE=1.26e+00 | Energy=5.38e-01 | BC=4.54e-02 | 
IC_n=4.79e-03 | IC_T=0.00e+00 | dT=0.00e+00 | WP=3.74e+00 | GE=1.93e-04 | 
Amp=0.00e+00 | Total=5.58e+00
  3451.6s | Epoch  7600 | BTE=1.33e+00 | Energy=5.10e-01 | BC=4.14e-02 | 
IC_n=3.88e-03 | IC_T=0.00e+00 | dT=0.00e+00 | WP=3.81e+00 | GE=2.89e-04 | 
Amp=0.00e+00 | Total=5.70e+00
  3542.8s | Epoch  7800 | BTE=1.29e+00 | Energy=5.08e-01 | BC=4.31e-02 | 
IC_n=3.16e-03 | IC_T=0.00e+00 | dT=0.00e+00 | WP=3.75e+00 | GE=6.26e-04 | 
Amp=0.00e+00 | Total=5.59e+00
  3632.1s | Epoch  8000 | BTE=1.33e+00 | Energy=5.74e-01 | BC=4.41e-02 | 
IC_n=2.94e-03 | IC_T=0.00e+00 | dT=0.00e+00 | WP=3.69e+00 | GE=5.01e-05 | 
Amp=0.00e+00 | Total=5.64e+00
  3722.8s | Epoch  8200 | BTE=1.26e+00 | Energy=5.30e-01 | BC=4.42e-02 | 
IC_n=4.12e-03 | IC_T=0.00e+00 | dT=0.00e+00 | WP=3.71e+00 | GE=1.48e-04 | 
Amp=0.00e+00 | Total=5.55e+00
  3813.4s | Epoch  8400 | BTE=1.29e+00 | Energy=5.04e-01 | BC=4.58e-02 | 
IC_n=2.86e-03 | IC_T=0.00e+00 | dT=0.00e+00 | WP=3.73e+00 | GE=1.80e-04 | 
Amp=0.00e+00 | Total=5.57e+00
  3904.9s | Epoch  8600 | BTE=1.25e+00 | Energy=5.52e-01 | BC=4.42e-02 | 
IC_n=3.14e-03 | IC_T=0.00e+00 | dT=0.00e+00 | WP=3.65e+00 | GE=8.87e-06 | 
Amp=0.00e+00 | Total=5.50e+00
  3995.3s | Epoch  8800 | BTE=1.21e+00 | Energy=5.40e-01 | BC=4.29e-02 | 
IC_n=3.37e-03 | IC_T=0.00e+00 | dT=0.00e+00 | WP=3.63e+00 | GE=2.27e-04 | 
Amp=0.00e+00 | Total=5.42e+00
  4086.8s | Epoch  9000 | BTE=1.21e+00 | Energy=4.84e-01 | BC=4.13e-02 | 
IC_n=3.85e-03 | IC_T=0.00e+00 | dT=0.00e+00 | WP=3.57e+00 | GE=1.81e-04 | 
Amp=0.00e+00 | Total=5.31e+00
  4178.2s | Epoch  9200 | BTE=1.21e+00 | Energy=4.54e-01 | BC=4.25e-02 | 
IC_n=2.93e-03 | IC_T=0.00e+00 | dT=0.00e+00 | WP=3.55e+00 | GE=2.99e-04 | 
Amp=0.00e+00 | Total=5.26e+00
  4270.2s | Epoch  9400 | BTE=1.10e+00 | Energy=4.78e-01 | BC=4.16e-02 | 
IC_n=3.13e-03 | IC_T=0.00e+00 | dT=0.00e+00 | WP=3.37e+00 | GE=3.06e-05 | 
Amp=0.00e+00 | Total=4.99e+00
  4361.5s | Epoch  9600 | BTE=1.04e+00 | Energy=4.80e-01 | BC=3.84e-02 | 
IC_n=3.25e-03 | IC_T=0.00e+00 | dT=0.00e+00 | WP=3.21e+00 | GE=4.38e-05 | 
Amp=0.00e+00 | Total=4.76e+00
  4452.4s | Epoch  9800 | BTE=1.03e+00 | Energy=4.44e-01 | BC=3.84e-02 | 
IC_n=2.87e-03 | IC_T=0.00e+00 | dT=0.00e+00 | WP=3.13e+00 | GE=1.75e-05 | 
Amp=0.00e+00 | Total=4.65e+00
  4542.6s | Epoch 10000 | BTE=1.03e+00 | Energy=4.35e-01 | BC=3.53e-02 | 
IC_n=2.81e-03 | IC_T=0.00e+00 | dT=0.00e+00 | WP=2.86e+00 | GE=8.00e-05 | 
Amp=0.00e+00 | Total=4.36e+00
  4634.3s | Epoch 10200 | BTE=9.73e-01 | Energy=3.83e-01 | BC=3.38e-02 | 
IC_n=3.34e-03 | IC_T=0.00e+00 | dT=0.00e+00 | WP=2.76e+00 | GE=1.21e-04 | 
Amp=0.00e+00 | Total=4.16e+00
  4725.7s | Epoch 10400 | BTE=9.94e-01 | Energy=3.69e-01 | BC=3.33e-02 | 
IC_n=2.86e-03 | IC_T=0.00e+00 | dT=0.00e+00 | WP=2.68e+00 | GE=4.90e-08 | 
Amp=0.00e+00 | Total=4.08e+00
  4816.7s | Epoch 10600 | BTE=9.00e-01 | Energy=3.45e-01 | BC=3.12e-02 | 
IC_n=2.59e-03 | IC_T=0.00e+00 | dT=0.00e+00 | WP=2.46e+00 | GE=1.64e-04 | 
Amp=0.00e+00 | Total=3.74e+00
  4908.7s | Epoch 10800 | BTE=8.37e-01 | Energy=3.32e-01 | BC=2.92e-02 | 
IC_n=2.58e-03 | IC_T=0.00e+00 | dT=0.00e+00 | WP=2.42e+00 | GE=1.60e-05 | 
Amp=0.00e+00 | Total=3.62e+00
  4999.4s | Epoch 11000 | BTE=7.76e-01 | Energy=3.10e-01 | BC=2.81e-02 | 
IC_n=2.25e-03 | IC_T=0.00e+00 | dT=0.00e+00 | WP=2.24e+00 | GE=2.68e-04 | 
Amp=0.00e+00 | Total=3.36e+00
  5089.3s | Epoch 11200 | BTE=7.59e-01 | Energy=3.21e-01 | BC=2.74e-02 | 
IC_n=2.35e-03 | IC_T=0.00e+00 | dT=0.00e+00 | WP=2.12e+00 | GE=6.16e-07 | 
Amp=0.00e+00 | Total=3.23e+00
  5180.6s | Epoch 11400 | BTE=7.62e-01 | Energy=2.86e-01 | BC=2.53e-02 | 
IC_n=2.15e-03 | IC_T=0.00e+00 | dT=0.00e+00 | WP=2.00e+00 | GE=6.68e-07 | 
Amp=0.00e+00 | Total=3.07e+00
  5270.4s | Epoch 11600 | BTE=6.86e-01 | Energy=2.84e-01 | BC=2.43e-02 | 
IC_n=2.49e-03 | IC_T=0.00e+00 | dT=0.00e+00 | WP=1.84e+00 | GE=4.59e-05 | 
Amp=0.00e+00 | Total=2.84e+00
  5361.9s | Epoch 11800 | BTE=7.15e-01 | Energy=2.57e-01 | BC=2.33e-02 | 
IC_n=2.92e-03 | IC_T=0.00e+00 | dT=0.00e+00 | WP=1.78e+00 | GE=2.80e-07 | 
Amp=0.00e+00 | Total=2.78e+00
  5452.3s | Epoch 12000 | BTE=6.41e-01 | Energy=2.37e-01 | BC=2.20e-02 | 
IC_n=2.42e-03 | IC_T=0.00e+00 | dT=0.00e+00 | WP=1.70e+00 | GE=1.35e-05 | 
Amp=0.00e+00 | Total=2.61e+00
  5542.8s | Epoch 12200 | BTE=6.68e-01 | Energy=2.35e-01 | BC=2.11e-02 | 
IC_n=2.34e-03 | IC_T=0.00e+00 | dT=0.00e+00 | WP=1.63e+00 | GE=9.72e-05 | 
Amp=0.00e+00 | Total=2.56e+00
  5634.1s | Epoch 12400 | BTE=6.19e-01 | Energy=2.33e-01 | BC=2.01e-02 | 
IC_n=2.11e-03 | IC_T=0.00e+00 | dT=0.00e+00 | WP=1.56e+00 | GE=4.60e-05 | 
Amp=0.00e+00 | Total=2.43e+00
  5726.4s | Epoch 12600 | BTE=5.51e-01 | Energy=2.07e-01 | BC=1.90e-02 | 
IC_n=2.14e-03 | IC_T=0.00e+00 | dT=0.00e+00 | WP=1.47e+00 | GE=1.60e-05 | 
Amp=0.00e+00 | Total=2.24e+00
  5817.9s | Epoch 12800 | BTE=5.76e-01 | Energy=1.97e-01 | BC=1.87e-02 | 
IC_n=2.18e-03 | IC_T=0.00e+00 | dT=0.00e+00 | WP=1.41e+00 | GE=7.04e-05 | 
Amp=0.00e+00 | Total=2.20e+00
  5909.0s | Epoch 13000 | BTE=6.00e-01 | Energy=1.90e-01 | BC=1.80e-02 | 
IC_n=1.92e-03 | IC_T=0.00e+00 | dT=0.00e+00 | WP=1.35e+00 | GE=6.87e-08 | 
Amp=0.00e+00 | Total=2.16e+00
  5998.7s | Epoch 13200 | BTE=5.84e-01 | Energy=1.84e-01 | BC=1.75e-02 | 
IC_n=2.31e-03 | IC_T=0.00e+00 | dT=0.00e+00 | WP=1.31e+00 | GE=1.14e-04 | 
Amp=0.00e+00 | Total=2.10e+00
  6089.7s | Epoch 13400 | BTE=5.54e-01 | Energy=1.72e-01 | BC=1.70e-02 | 
IC_n=2.22e-03 | IC_T=0.00e+00 | dT=0.00e+00 | WP=1.29e+00 | GE=2.08e-04 | 
Amp=0.00e+00 | Total=2.03e+00
  6180.5s | Epoch 13600 | BTE=5.80e-01 | Energy=1.79e-01 | BC=1.68e-02 | 
IC_n=2.07e-03 | IC_T=0.00e+00 | dT=0.00e+00 | WP=1.29e+00 | GE=1.71e-05 | 
Amp=0.00e+00 | Total=2.07e+00
  6269.3s | Epoch 13800 | BTE=5.80e-01 | Energy=1.81e-01 | BC=1.65e-02 | 
IC_n=1.97e-03 | IC_T=0.00e+00 | dT=0.00e+00 | WP=1.21e+00 | GE=5.60e-07 | 
Amp=0.00e+00 | Total=1.99e+00
  6361.4s | Epoch 14000 | BTE=5.55e-01 | Energy=1.73e-01 | BC=1.62e-02 | 
IC_n=1.97e-03 | IC_T=0.00e+00 | dT=0.00e+00 | WP=1.25e+00 | GE=6.29e-06 | 
Amp=0.00e+00 | Total=1.99e+00
  6452.9s | Epoch 14200 | BTE=5.39e-01 | Energy=1.64e-01 | BC=1.65e-02 | 
IC_n=2.02e-03 | IC_T=0.00e+00 | dT=0.00e+00 | WP=1.20e+00 | GE=9.23e-05 | 
Amp=0.00e+00 | Total=1.92e+00
  6544.0s | Epoch 14400 | BTE=5.06e-01 | Energy=1.65e-01 | BC=1.62e-02 | 
IC_n=1.82e-03 | IC_T=0.00e+00 | dT=0.00e+00 | WP=1.18e+00 | GE=3.50e-05 | 
Amp=0.00e+00 | Total=1.87e+00
  6634.9s | Epoch 14600 | BTE=5.98e-01 | Energy=1.67e-01 | BC=1.61e-02 | 
IC_n=1.99e-03 | IC_T=0.00e+00 | dT=0.00e+00 | WP=1.17e+00 | GE=1.48e-04 | 
Amp=0.00e+00 | Total=1.95e+00
  6725.8s | Epoch 14800 | BTE=5.24e-01 | Energy=1.66e-01 | BC=1.60e-02 | 
IC_n=2.04e-03 | IC_T=0.00e+00 | dT=0.00e+00 | WP=1.18e+00 | GE=1.11e-04 | 
Amp=0.00e+00 | Total=1.89e+00
╭───────────────────────────── Training Complete ──────────────────────────────╮
│   Time      6815.33s                                                         │
│   Output    runs/transient/1d_nongray_large_dt_1.0um_100K/20260704_134526    │
│   Saved     net_T_20260704_134526.pt                                         │
│   Saved     net_n_20260704_134526.pt                                         │
│   Saved     net_beta_20260704_134526.pt                                      │
╰──────────────────────────────────────────────────────────────────────────────╯
wandb: 
wandb: Run summary:
wandb: physics/local_dir runs/transient/1d_no...
wandb: 
wandb: You can sync this run to the cloud by running:
wandb: wandb sync /home/markoherkaliuk/src/pinn-bte-zoo/wandb/offline-run-20260704_134531-x0tlo0sw
wandb: Find logs at: ./wandb/offline-run-20260704_134531-x0tlo0sw/logs
Results saved to: 
runs/transient/1d_nongray_large_dt_1.0um_100K/20260704_134526/20260704_134526_re
sults.npz
  Generating visualizations...
Saved heatmap: runs/transient/1d_nongray_large_dt_1.0um_100K/20260704_134526/heatmap_20260704_134526.png
Saved snapshots: runs/transient/1d_nongray_large_dt_1.0um_100K/20260704_134526/snapshots_20260704_134526.png
Saved BC check: runs/transient/1d_nongray_large_dt_1.0um_100K/20260704_134526/bc_check_20260704_134526.png
Saved IC check: runs/transient/1d_nongray_large_dt_1.0um_100K/20260704_134526/ic_check_20260704_134526.png
Saved animation: runs/transient/1d_nongray_large_dt_1.0um_100K/20260704_134526/animation_20260704_134526.gif
  Saved: loss_20260704_134526.png
  Amplitude: A(0)=50.0000, A(end)=4.9040 (90.2% decay)
  Energy drift: 0.0619
  ⚠ Oscillation at t≈44τ
  Saved: 
runs/transient/1d_nongray_large_dt_1.0um_100K/20260704_134526/amplitude_decay_20
260704_134526.png

Done!
>>> archb1 arm=pirate-wp0 done exit=0 Sat Jul  4 03:39:14 PM EEST 2026
>>> archb1 pilot arm=pirate-ratet Sat Jul  4 03:39:14 PM EEST 2026

Mode: nongray_large_dt - Mode-resolved with β-network, large ΔT (~100K)
[07/04/26 15:39:15] INFO     use_spectral_t=True: forcing use_hard_ic=False     
                             (spectral architecture handles IC by construction).
[07/04/26 15:39:15] INFO     use_spectral_t=True: forcing use_hard_ic=False     
                             (spectral architecture handles IC by construction).
                    INFO     Random seed set: 42                                
                    INFO     Random seed set: 42                                
[07/04/26 15:39:16] INFO     Lt from dom γ: 97.322 τ_ref (gray Lt was 549.202)  
[07/04/26 15:39:16] INFO     Lt from dom γ: 97.322 τ_ref (gray Lt was 549.202)  
                    INFO     Analytical Lt: A(Lt)=0.001 threshold,              
                             Lt_analytical=549.2τ, Lt_final=97.3τ               
                    INFO     Analytical Lt: A(Lt)=0.001 threshold,              
                             Lt_analytical=549.2τ, Lt_final=97.3τ               
                    INFO     Large ΔT model: L=1.0μm, ΔT=100.0K                 
                    INFO     Large ΔT model: L=1.0μm, ΔT=100.0K                 
                    INFO     Temperature range: [250K, 350K]                    
                    INFO     Temperature range: [250K, 350K]                    
                    INFO     Reference scales: v_ref=1.68e+00, τ_ref=6.05e-11   
                    INFO     Reference scales: v_ref=1.68e+00, τ_ref=6.05e-11   
                    INFO     Effective Kn=0.1015, Lt=97.3                       
                    INFO     Effective Kn=0.1015, Lt=97.3                       
                    INFO     Vectorized: ALL 60 modes × ALL 16 angles per epoch 
                    INFO     Vectorized: ALL 60 modes × ALL 16 angles per epoch 
                    INFO     Subsampling: 1800/3600 interior points per epoch   
                    INFO     Subsampling: 1800/3600 interior points per epoch   
[07/04/26 15:39:20] INFO     DOM γ-target (universal, all-L): grid [250,350]K,  
                             γ_no13 ∈ [1.08e+09,1.34e+09] Hz (replaces          
                             1/(1+Kn²))                                         
[07/04/26 15:39:20] INFO     DOM γ-target (universal, all-L): grid [250,350]K,  
                             γ_no13 ∈ [1.08e+09,1.34e+09] Hz (replaces          
                             1/(1+Kn²))                                         
[07/04/26 15:39:21] INFO     DOM shape curve: 12001 pts over 6.185e-09s, min    
                             A/A0 = +0.0005 (non-monotone at ballistic L)       
[07/04/26 15:39:21] INFO     DOM shape curve: 12001 pts over 6.185e-09s, min    
                             A/A0 = +0.0005 (non-monotone at ballistic L)       
                    INFO     dT/dt IC (large ΔT): target range [-0.624, 0.623]  
                             in [0,1] time                                      
                    INFO     dT/dt IC (large ΔT): target range [-0.624, 0.623]  
                             in [0,1] time                                      
                    INFO     Waypoints: 24 (random-log), weight=50.0,           
                             shape=dom-rate-t                                   
                    INFO     Waypoints: 24 (random-log), weight=50.0,           
                             shape=dom-rate-t                                   
                    INFO     Auto energy weight: 1.000 (grating Kn=0.6379,      
                             Kn_eff=0.1015)                                     
                    INFO     Auto energy weight: 1.000 (grating Kn=0.6379,      
                             Kn_eff=0.1015)                                     
[07/04/26 15:39:21] INFO     W&B tracking enabled: project=pinn-bte,            
                             group=transient_1d_nongray_large_dt                
                    INFO     W&B tracking enabled: project=pinn-bte,            
                             group=transient_1d_nongray_large_dt                

1D Nongray Large ΔT Transient BTE
  L = 1.0 μm, ΔT = 100.0 K
  T range: [250K, 350K]
  Kn_eff = 0.1015
  Epochs: 15000 (β: 200)
  Output: runs/transient/1d_nongray_large_dt_1.0um_100K/20260704_153915
                    INFO     Logging to:                                        
                             runs/transient/1d_nongray_large_dt_1.0um_100K/20260
                             704_153915/training_20260704_153915.log            
                    INFO     Logging to:                                        
                             runs/transient/1d_nongray_large_dt_1.0um_100K/20260
                             704_153915/training_20260704_153915.log            
wandb: WARNING Using a boolean value for 'reinit' is deprecated. Use 'return_previous' or 'finish_previous' instead.
wandb: Tracking run with wandb version 0.24.1
wandb: W&B syncing is set to `offline` in this directory. Run `wandb online` or set WANDB_MODE=online to enable cloud syncing.
wandb: Run data is saved locally in /home/markoherkaliuk/src/pinn-bte-zoo/wandb/offline-run-20260704_153921-6ad13uvk
[07/04/26 15:39:21] INFO     Started W&B run: tr_1d_ng_L1.0um_dT100K ·          
                             20260704_153915 (6ad13uvk)                         
                    INFO     Started W&B run: tr_1d_ng_L1.0um_dT100K ·          
                             20260704_153915 (6ad13uvk)                         

Phase 1: Pretraining β-network
  Temperature range: [250K, 350K]
  Epochs: 200
     0.2s | Epoch     0 | β Loss = 3.15e+00
  β pretraining complete! Final loss: 6.90e-01
╭───────────────────────────── Starting Training ──────────────────────────────╮
│   Mode      Transient_Nongray_LargeDT                                        │
│   Epochs    15000                                                            │
│   Device    cuda                                                             │
│   Run ID    20260704_153915                                                  │
╰──────────────────────────────────────────────────────────────────────────────╯

Phase 2: BTE Training
  L = 1.0 μm, ΔT = 100.0K
  T range: [250K, 350K]
  Kn_eff = 0.1015
  τ(T) model = holland (full branch-resolved Holland--Callaway)
  Waypoints: 24 (random-log), weight=50.0
  ALL 60 modes × ALL 16 angles (vectorized)
  Epochs: 15000
     1.0s | Epoch     0 | BTE=6.96e+00 | Energy=1.27e+00 | BC=1.36e-05 | 
IC_n=1.92e-04 | IC_T=0.00e+00 | dT=1.19e-02 | WP=3.78e+00 | GE=4.13e-04 | 
Amp=0.00e+00 | Total=1.20e+01
   103.4s | Epoch   200 | BTE=1.11e+00 | Energy=1.36e+01 | BC=2.31e-02 | 
IC_n=8.16e-02 | IC_T=0.00e+00 | dT=1.59e-01 | WP=1.41e+00 | GE=2.55e-05 | 
Amp=0.00e+00 | Total=1.64e+01
   208.2s | Epoch   400 | BTE=1.06e+00 | Energy=1.07e+01 | BC=1.28e-01 | 
IC_n=1.39e-01 | IC_T=0.00e+00 | dT=8.26e-02 | WP=1.03e+00 | GE=8.22e-06 | 
Amp=0.00e+00 | Total=1.31e+01
   309.6s | Epoch   600 | BTE=9.08e-01 | Energy=5.84e+00 | BC=6.45e-02 | 
IC_n=9.79e-02 | IC_T=0.00e+00 | dT=2.58e-01 | WP=6.59e-01 | GE=2.71e-05 | 
Amp=0.00e+00 | Total=7.82e+00
   412.1s | Epoch   800 | BTE=1.03e+00 | Energy=6.42e+00 | BC=6.05e-02 | 
IC_n=9.76e-02 | IC_T=0.00e+00 | dT=3.32e-02 | WP=6.40e-01 | GE=3.21e-06 | 
Amp=0.00e+00 | Total=8.29e+00
   515.4s | Epoch  1000 | BTE=1.17e+00 | Energy=5.32e+00 | BC=6.33e-02 | 
IC_n=8.07e-02 | IC_T=0.00e+00 | dT=1.11e-02 | WP=5.05e-01 | GE=1.77e-05 | 
Amp=0.00e+00 | Total=7.15e+00
   617.9s | Epoch  1200 | BTE=1.15e+00 | Energy=4.87e+00 | BC=6.35e-02 | 
IC_n=7.52e-02 | IC_T=0.00e+00 | dT=4.31e-03 | WP=1.74e-01 | GE=1.42e-06 | 
Amp=0.00e+00 | Total=6.34e+00
   720.1s | Epoch  1400 | BTE=1.24e+00 | Energy=4.77e+00 | BC=6.77e-02 | 
IC_n=6.63e-02 | IC_T=0.00e+00 | dT=5.47e-04 | WP=1.15e-01 | GE=3.38e-06 | 
Amp=0.00e+00 | Total=6.26e+00
   822.6s | Epoch  1600 | BTE=1.20e+00 | Energy=4.06e+00 | BC=5.49e-02 | 
IC_n=5.98e-02 | IC_T=0.00e+00 | dT=5.51e-03 | WP=2.42e-01 | GE=2.24e-06 | 
Amp=0.00e+00 | Total=5.63e+00
   926.0s | Epoch  1800 | BTE=1.36e+00 | Energy=4.58e+00 | BC=7.13e-02 | 
IC_n=5.97e-02 | IC_T=0.00e+00 | dT=3.39e-03 | WP=1.05e-01 | GE=3.95e-05 | 
Amp=0.00e+00 | Total=6.18e+00
  1027.0s | Epoch  2000 | BTE=1.20e+00 | Energy=4.57e+00 | BC=7.86e-02 | 
IC_n=3.80e-02 | IC_T=0.00e+00 | dT=3.98e-02 | WP=6.01e-02 | GE=3.76e-07 | 
Amp=0.00e+00 | Total=5.99e+00
  1129.7s | Epoch  2200 | BTE=1.36e+00 | Energy=4.48e+00 | BC=6.77e-02 | 
IC_n=4.46e-02 | IC_T=0.00e+00 | dT=1.66e-02 | WP=4.24e-02 | GE=1.65e-06 | 
Amp=0.00e+00 | Total=6.01e+00
  1231.6s | Epoch  2400 | BTE=1.47e+00 | Energy=4.45e+00 | BC=1.09e-01 | 
IC_n=3.70e-02 | IC_T=0.00e+00 | dT=5.32e-02 | WP=4.85e-02 | GE=1.78e-05 | 
Amp=0.00e+00 | Total=6.16e+00
  1333.7s | Epoch  2600 | BTE=1.64e+00 | Energy=3.68e+00 | BC=7.26e-02 | 
IC_n=2.95e-02 | IC_T=0.00e+00 | dT=3.58e-04 | WP=3.55e-02 | GE=1.88e-05 | 
Amp=0.00e+00 | Total=5.46e+00
  1435.6s | Epoch  2800 | BTE=1.35e+00 | Energy=3.37e+00 | BC=8.30e-02 | 
IC_n=2.66e-02 | IC_T=0.00e+00 | dT=1.44e-02 | WP=3.79e-02 | GE=3.19e-06 | 
Amp=0.00e+00 | Total=4.88e+00
  1537.6s | Epoch  3000 | BTE=1.66e+00 | Energy=3.60e+00 | BC=8.07e-02 | 
IC_n=2.28e-02 | IC_T=0.00e+00 | dT=9.75e-04 | WP=2.91e-02 | GE=4.74e-06 | 
Amp=0.00e+00 | Total=5.39e+00
  1640.5s | Epoch  3200 | BTE=1.60e+00 | Energy=3.51e+00 | BC=8.38e-02 | 
IC_n=2.25e-02 | IC_T=0.00e+00 | dT=6.82e-04 | WP=2.23e-02 | GE=1.69e-06 | 
Amp=0.00e+00 | Total=5.24e+00
  1742.5s | Epoch  3400 | BTE=1.79e+00 | Energy=2.99e+00 | BC=8.78e-02 | 
IC_n=1.84e-02 | IC_T=0.00e+00 | dT=3.75e-03 | WP=2.30e-02 | GE=3.53e-05 | 
Amp=0.00e+00 | Total=4.92e+00
  1844.0s | Epoch  3600 | BTE=1.58e+00 | Energy=3.10e+00 | BC=9.80e-02 | 
IC_n=1.38e-02 | IC_T=0.00e+00 | dT=3.70e-02 | WP=1.39e-02 | GE=6.14e-05 | 
Amp=0.00e+00 | Total=4.84e+00
  1946.2s | Epoch  3800 | BTE=1.51e+00 | Energy=2.92e+00 | BC=9.55e-02 | 
IC_n=1.48e-02 | IC_T=0.00e+00 | dT=2.88e-03 | WP=1.92e-02 | GE=1.15e-06 | 
Amp=0.00e+00 | Total=4.56e+00
  2049.3s | Epoch  4000 | BTE=1.65e+00 | Energy=2.47e+00 | BC=8.76e-02 | 
IC_n=1.08e-02 | IC_T=0.00e+00 | dT=6.84e-03 | WP=2.15e-02 | GE=4.42e-05 | 
Amp=0.00e+00 | Total=4.25e+00
  2152.4s | Epoch  4200 | BTE=1.67e+00 | Energy=2.49e+00 | BC=8.75e-02 | 
IC_n=1.02e-02 | IC_T=0.00e+00 | dT=2.64e-02 | WP=3.85e-02 | GE=7.68e-06 | 
Amp=0.00e+00 | Total=4.32e+00
  2254.8s | Epoch  4400 | BTE=1.68e+00 | Energy=2.50e+00 | BC=8.47e-02 | 
IC_n=1.58e-02 | IC_T=0.00e+00 | dT=3.20e-02 | WP=2.27e-02 | GE=1.38e-06 | 
Amp=0.00e+00 | Total=4.34e+00
  2357.4s | Epoch  4600 | BTE=1.75e+00 | Energy=2.79e+00 | BC=8.83e-02 | 
IC_n=1.34e-02 | IC_T=0.00e+00 | dT=7.40e-03 | WP=1.09e-02 | GE=5.85e-06 | 
Amp=0.00e+00 | Total=4.66e+00
  2459.2s | Epoch  4800 | BTE=1.71e+00 | Energy=2.40e+00 | BC=9.37e-02 | 
IC_n=9.28e-03 | IC_T=0.00e+00 | dT=1.37e-02 | WP=1.18e-02 | GE=3.85e-05 | 
Amp=0.00e+00 | Total=4.24e+00
  2562.1s | Epoch  5000 | BTE=1.55e+00 | Energy=2.39e+00 | BC=9.08e-02 | 
IC_n=1.12e-02 | IC_T=0.00e+00 | dT=1.87e-02 | WP=1.45e-02 | GE=3.63e-06 | 
Amp=0.00e+00 | Total=4.08e+00
  2664.8s | Epoch  5200 | BTE=1.72e+00 | Energy=2.63e+00 | BC=8.59e-02 | 
IC_n=8.18e-03 | IC_T=0.00e+00 | dT=7.53e-02 | WP=1.87e-02 | GE=3.14e-07 | 
Amp=0.00e+00 | Total=4.54e+00
  2767.2s | Epoch  5400 | BTE=1.65e+00 | Energy=2.33e+00 | BC=1.05e-01 | 
IC_n=8.98e-03 | IC_T=0.00e+00 | dT=1.22e-03 | WP=1.89e-02 | GE=1.73e-05 | 
Amp=0.00e+00 | Total=4.11e+00
  2869.6s | Epoch  5600 | BTE=1.71e+00 | Energy=2.25e+00 | BC=8.76e-02 | 
IC_n=1.14e-02 | IC_T=0.00e+00 | dT=1.40e-04 | WP=1.72e-02 | GE=2.77e-05 | 
Amp=0.00e+00 | Total=4.07e+00
  2971.3s | Epoch  5800 | BTE=1.70e+00 | Energy=2.29e+00 | BC=8.22e-02 | 
IC_n=8.92e-03 | IC_T=0.00e+00 | dT=5.30e-03 | WP=1.28e-02 | GE=3.74e-07 | 
Amp=0.00e+00 | Total=4.09e+00
  3074.1s | Epoch  6000 | BTE=1.68e+00 | Energy=2.46e+00 | BC=1.03e-01 | 
IC_n=8.46e-03 | IC_T=0.00e+00 | dT=3.43e-02 | WP=5.57e-03 | GE=1.71e-05 | 
Amp=0.00e+00 | Total=4.29e+00
  3175.9s | Epoch  6200 | BTE=1.78e+00 | Energy=2.27e+00 | BC=1.03e-01 | 
IC_n=1.44e-02 | IC_T=0.00e+00 | dT=2.13e-02 | WP=1.22e-02 | GE=8.58e-06 | 
Amp=0.00e+00 | Total=4.20e+00
  3277.9s | Epoch  6400 | BTE=1.90e+00 | Energy=2.40e+00 | BC=8.96e-02 | 
IC_n=1.40e-02 | IC_T=0.00e+00 | dT=1.70e-02 | WP=1.14e-02 | GE=9.83e-09 | 
Amp=0.00e+00 | Total=4.43e+00
  3380.5s | Epoch  6600 | BTE=1.80e+00 | Energy=2.22e+00 | BC=9.38e-02 | 
IC_n=9.13e-03 | IC_T=0.00e+00 | dT=1.54e-02 | WP=7.33e-03 | GE=3.39e-06 | 
Amp=0.00e+00 | Total=4.15e+00
  3482.9s | Epoch  6800 | BTE=1.84e+00 | Energy=2.04e+00 | BC=1.00e-01 | 
IC_n=8.77e-03 | IC_T=0.00e+00 | dT=4.39e-02 | WP=2.29e-02 | GE=6.77e-06 | 
Amp=0.00e+00 | Total=4.05e+00
  3584.2s | Epoch  7000 | BTE=1.80e+00 | Energy=2.14e+00 | BC=1.02e-01 | 
IC_n=8.31e-03 | IC_T=0.00e+00 | dT=4.20e-02 | WP=1.35e-02 | GE=8.76e-06 | 
Amp=0.00e+00 | Total=4.11e+00
  3687.1s | Epoch  7200 | BTE=1.67e+00 | Energy=2.02e+00 | BC=1.01e-01 | 
IC_n=7.99e-03 | IC_T=0.00e+00 | dT=5.53e-03 | WP=2.07e-02 | GE=2.78e-05 | 
Amp=0.00e+00 | Total=3.82e+00
  3789.0s | Epoch  7400 | BTE=1.79e+00 | Energy=2.03e+00 | BC=1.16e-01 | 
IC_n=6.98e-03 | IC_T=0.00e+00 | dT=4.68e-03 | WP=1.30e-02 | GE=1.37e-05 | 
Amp=0.00e+00 | Total=3.96e+00
  3891.6s | Epoch  7600 | BTE=1.93e+00 | Energy=2.10e+00 | BC=8.89e-02 | 
IC_n=9.13e-03 | IC_T=0.00e+00 | dT=1.08e-03 | WP=8.64e-03 | GE=1.05e-04 | 
Amp=0.00e+00 | Total=4.13e+00
  3993.3s | Epoch  7800 | BTE=1.64e+00 | Energy=2.04e+00 | BC=1.03e-01 | 
IC_n=7.05e-03 | IC_T=0.00e+00 | dT=7.41e-03 | WP=1.00e-02 | GE=1.10e-04 | 
Amp=0.00e+00 | Total=3.81e+00
  4095.5s | Epoch  8000 | BTE=1.98e+00 | Energy=2.14e+00 | BC=9.83e-02 | 
IC_n=7.23e-03 | IC_T=0.00e+00 | dT=1.30e-02 | WP=1.25e-02 | GE=9.17e-07 | 
Amp=0.00e+00 | Total=4.25e+00
  4197.3s | Epoch  8200 | BTE=1.88e+00 | Energy=2.06e+00 | BC=1.01e-01 | 
IC_n=9.18e-03 | IC_T=0.00e+00 | dT=1.15e-03 | WP=1.36e-02 | GE=4.12e-05 | 
Amp=0.00e+00 | Total=4.06e+00
  4298.6s | Epoch  8400 | BTE=1.84e+00 | Energy=1.86e+00 | BC=9.33e-02 | 
IC_n=9.39e-03 | IC_T=0.00e+00 | dT=1.55e-04 | WP=1.45e-02 | GE=4.07e-05 | 
Amp=0.00e+00 | Total=3.82e+00
  4401.5s | Epoch  8600 | BTE=1.88e+00 | Energy=2.04e+00 | BC=1.04e-01 | 
IC_n=8.42e-03 | IC_T=0.00e+00 | dT=1.22e-02 | WP=1.27e-02 | GE=4.51e-06 | 
Amp=0.00e+00 | Total=4.05e+00
  4505.1s | Epoch  8800 | BTE=1.75e+00 | Energy=2.17e+00 | BC=1.09e-01 | 
IC_n=8.52e-03 | IC_T=0.00e+00 | dT=1.30e-02 | WP=1.05e-02 | GE=3.41e-06 | 
Amp=0.00e+00 | Total=4.06e+00
  4608.2s | Epoch  9000 | BTE=1.80e+00 | Energy=2.01e+00 | BC=9.47e-02 | 
IC_n=7.21e-03 | IC_T=0.00e+00 | dT=1.46e-03 | WP=1.18e-02 | GE=2.97e-05 | 
Amp=0.00e+00 | Total=3.93e+00
  4711.0s | Epoch  9200 | BTE=1.81e+00 | Energy=1.92e+00 | BC=9.45e-02 | 
IC_n=1.07e-02 | IC_T=0.00e+00 | dT=4.45e-02 | WP=1.48e-02 | GE=5.17e-05 | 
Amp=0.00e+00 | Total=3.89e+00
  4813.2s | Epoch  9400 | BTE=1.68e+00 | Energy=2.08e+00 | BC=1.13e-01 | 
IC_n=6.99e-03 | IC_T=0.00e+00 | dT=1.62e-02 | WP=9.84e-03 | GE=6.90e-07 | 
Amp=0.00e+00 | Total=3.91e+00
  4915.8s | Epoch  9600 | BTE=1.69e+00 | Energy=2.22e+00 | BC=9.87e-02 | 
IC_n=7.85e-03 | IC_T=0.00e+00 | dT=2.52e-03 | WP=6.19e-03 | GE=2.51e-05 | 
Amp=0.00e+00 | Total=4.02e+00
  5018.0s | Epoch  9800 | BTE=1.69e+00 | Energy=2.02e+00 | BC=1.00e-01 | 
IC_n=6.86e-03 | IC_T=0.00e+00 | dT=3.42e-03 | WP=8.00e-03 | GE=2.56e-07 | 
Amp=0.00e+00 | Total=3.83e+00
  5119.7s | Epoch 10000 | BTE=1.87e+00 | Energy=2.01e+00 | BC=1.05e-01 | 
IC_n=7.08e-03 | IC_T=0.00e+00 | dT=4.32e-03 | WP=7.01e-03 | GE=2.43e-06 | 
Amp=0.00e+00 | Total=4.00e+00
  5222.2s | Epoch 10200 | BTE=1.75e+00 | Energy=1.87e+00 | BC=1.02e-01 | 
IC_n=6.80e-03 | IC_T=0.00e+00 | dT=1.38e-02 | WP=1.05e-02 | GE=1.21e-05 | 
Amp=0.00e+00 | Total=3.75e+00
  5323.5s | Epoch 10400 | BTE=1.94e+00 | Energy=1.88e+00 | BC=1.04e-01 | 
IC_n=7.29e-03 | IC_T=0.00e+00 | dT=8.86e-04 | WP=1.82e-02 | GE=2.25e-05 | 
Amp=0.00e+00 | Total=3.94e+00
  5427.4s | Epoch 10600 | BTE=1.75e+00 | Energy=1.88e+00 | BC=1.03e-01 | 
IC_n=7.36e-03 | IC_T=0.00e+00 | dT=1.09e-02 | WP=8.56e-03 | GE=4.72e-05 | 
Amp=0.00e+00 | Total=3.76e+00
  5531.8s | Epoch 10800 | BTE=1.72e+00 | Energy=1.90e+00 | BC=9.41e-02 | 
IC_n=8.22e-03 | IC_T=0.00e+00 | dT=4.99e-03 | WP=1.33e-02 | GE=2.54e-07 | 
Amp=0.00e+00 | Total=3.74e+00
  5633.2s | Epoch 11000 | BTE=1.76e+00 | Energy=1.93e+00 | BC=1.03e-01 | 
IC_n=7.84e-03 | IC_T=0.00e+00 | dT=6.20e-03 | WP=8.16e-03 | GE=7.84e-05 | 
Amp=0.00e+00 | Total=3.82e+00
  5735.6s | Epoch 11200 | BTE=1.71e+00 | Energy=2.11e+00 | BC=1.14e-01 | 
IC_n=6.70e-03 | IC_T=0.00e+00 | dT=1.21e-02 | WP=9.85e-03 | GE=1.10e-05 | 
Amp=0.00e+00 | Total=3.96e+00
  5839.0s | Epoch 11400 | BTE=1.77e+00 | Energy=1.95e+00 | BC=1.11e-01 | 
IC_n=7.26e-03 | IC_T=0.00e+00 | dT=1.02e-02 | WP=1.46e-02 | GE=8.75e-07 | 
Amp=0.00e+00 | Total=3.87e+00
  5940.3s | Epoch 11600 | BTE=1.86e+00 | Energy=1.91e+00 | BC=1.11e-01 | 
IC_n=7.93e-03 | IC_T=0.00e+00 | dT=1.71e-04 | WP=1.58e-02 | GE=2.42e-06 | 
Amp=0.00e+00 | Total=3.91e+00
  6042.1s | Epoch 11800 | BTE=1.95e+00 | Energy=2.04e+00 | BC=1.08e-01 | 
IC_n=7.32e-03 | IC_T=0.00e+00 | dT=3.07e-02 | WP=7.72e-03 | GE=1.54e-05 | 
Amp=0.00e+00 | Total=4.14e+00
  6145.0s | Epoch 12000 | BTE=1.77e+00 | Energy=1.78e+00 | BC=1.10e-01 | 
IC_n=7.16e-03 | IC_T=0.00e+00 | dT=2.39e-02 | WP=7.54e-03 | GE=2.87e-06 | 
Amp=0.00e+00 | Total=3.71e+00
  6247.8s | Epoch 12200 | BTE=1.80e+00 | Energy=1.83e+00 | BC=1.12e-01 | 
IC_n=7.35e-03 | IC_T=0.00e+00 | dT=3.24e-02 | WP=1.31e-02 | GE=4.24e-05 | 
Amp=0.00e+00 | Total=3.80e+00
  6348.1s | Epoch 12400 | BTE=1.78e+00 | Energy=2.00e+00 | BC=1.08e-01 | 
IC_n=6.82e-03 | IC_T=0.00e+00 | dT=2.33e-03 | WP=9.12e-03 | GE=1.13e-05 | 
Amp=0.00e+00 | Total=3.91e+00
  6451.5s | Epoch 12600 | BTE=1.68e+00 | Energy=1.87e+00 | BC=1.08e-01 | 
IC_n=7.04e-03 | IC_T=0.00e+00 | dT=2.75e-02 | WP=1.02e-02 | GE=3.29e-05 | 
Amp=0.00e+00 | Total=3.70e+00
  6555.4s | Epoch 12800 | BTE=1.85e+00 | Energy=1.78e+00 | BC=1.09e-01 | 
IC_n=6.73e-03 | IC_T=0.00e+00 | dT=2.64e-02 | WP=8.49e-03 | GE=1.62e-05 | 
Amp=0.00e+00 | Total=3.77e+00
  6659.8s | Epoch 13000 | BTE=1.72e+00 | Energy=1.87e+00 | BC=1.10e-01 | 
IC_n=6.75e-03 | IC_T=0.00e+00 | dT=2.17e-02 | WP=8.87e-03 | GE=1.98e-07 | 
Amp=0.00e+00 | Total=3.73e+00
  6762.1s | Epoch 13200 | BTE=1.76e+00 | Energy=1.81e+00 | BC=1.09e-01 | 
IC_n=7.77e-03 | IC_T=0.00e+00 | dT=2.52e-02 | WP=1.17e-02 | GE=2.54e-05 | 
Amp=0.00e+00 | Total=3.72e+00
  6864.5s | Epoch 13400 | BTE=1.68e+00 | Energy=1.68e+00 | BC=1.06e-01 | 
IC_n=7.14e-03 | IC_T=0.00e+00 | dT=3.65e-03 | WP=7.98e-03 | GE=8.20e-05 | 
Amp=0.00e+00 | Total=3.49e+00
  6965.1s | Epoch 13600 | BTE=1.88e+00 | Energy=1.95e+00 | BC=1.07e-01 | 
IC_n=7.15e-03 | IC_T=0.00e+00 | dT=2.15e-04 | WP=1.02e-02 | GE=8.11e-06 | 
Amp=0.00e+00 | Total=3.96e+00
  7067.1s | Epoch 13800 | BTE=1.75e+00 | Energy=1.95e+00 | BC=1.08e-01 | 
IC_n=7.15e-03 | IC_T=0.00e+00 | dT=1.29e-05 | WP=1.03e-02 | GE=5.86e-06 | 
Amp=0.00e+00 | Total=3.82e+00
  7169.7s | Epoch 14000 | BTE=1.75e+00 | Energy=1.80e+00 | BC=1.07e-01 | 
IC_n=6.82e-03 | IC_T=0.00e+00 | dT=2.58e-04 | WP=9.82e-03 | GE=1.19e-07 | 
Amp=0.00e+00 | Total=3.68e+00
  7272.6s | Epoch 14200 | BTE=1.76e+00 | Energy=1.74e+00 | BC=1.08e-01 | 
IC_n=6.81e-03 | IC_T=0.00e+00 | dT=5.01e-04 | WP=8.49e-03 | GE=4.17e-05 | 
Amp=0.00e+00 | Total=3.62e+00
  7374.8s | Epoch 14400 | BTE=1.76e+00 | Energy=1.78e+00 | BC=1.08e-01 | 
IC_n=6.93e-03 | IC_T=0.00e+00 | dT=4.77e-05 | WP=9.92e-03 | GE=3.60e-05 | 
Amp=0.00e+00 | Total=3.67e+00
  7477.0s | Epoch 14600 | BTE=1.86e+00 | Energy=1.84e+00 | BC=1.08e-01 | 
IC_n=7.31e-03 | IC_T=0.00e+00 | dT=1.62e-04 | WP=9.02e-03 | GE=4.84e-05 | 
Amp=0.00e+00 | Total=3.82e+00
  7580.0s | Epoch 14800 | BTE=1.95e+00 | Energy=1.89e+00 | BC=1.08e-01 | 
IC_n=7.05e-03 | IC_T=0.00e+00 | dT=2.06e-02 | WP=7.59e-03 | GE=9.19e-05 | 
Amp=0.00e+00 | Total=3.99e+00
╭───────────────────────────── Training Complete ──────────────────────────────╮
│   Time      7681.82s                                                         │
│   Output    runs/transient/1d_nongray_large_dt_1.0um_100K/20260704_153915    │
│   Saved     net_T_20260704_153915.pt                                         │
│   Saved     net_n_20260704_153915.pt                                         │
│   Saved     net_beta_20260704_153915.pt                                      │
╰──────────────────────────────────────────────────────────────────────────────╯
wandb: 
wandb: Run summary:
wandb: physics/local_dir runs/transient/1d_no...
wandb: 
wandb: You can sync this run to the cloud by running:
wandb: wandb sync /home/markoherkaliuk/src/pinn-bte-zoo/wandb/offline-run-20260704_153921-6ad13uvk
wandb: Find logs at: ./wandb/offline-run-20260704_153921-6ad13uvk/logs
Results saved to: 
runs/transient/1d_nongray_large_dt_1.0um_100K/20260704_153915/20260704_153915_re
sults.npz
  Generating visualizations...
Saved heatmap: runs/transient/1d_nongray_large_dt_1.0um_100K/20260704_153915/heatmap_20260704_153915.png
Saved snapshots: runs/transient/1d_nongray_large_dt_1.0um_100K/20260704_153915/snapshots_20260704_153915.png
Saved BC check: runs/transient/1d_nongray_large_dt_1.0um_100K/20260704_153915/bc_check_20260704_153915.png
Saved IC check: runs/transient/1d_nongray_large_dt_1.0um_100K/20260704_153915/ic_check_20260704_153915.png
Saved animation: runs/transient/1d_nongray_large_dt_1.0um_100K/20260704_153915/animation_20260704_153915.gif
  Saved: loss_20260704_153915.png
  Amplitude: A(0)=50.0000, A(end)=0.0622 (99.9% decay)
  Energy drift: 0.0008
  ⚠ Oscillation at t≈29τ
  Saved: 
runs/transient/1d_nongray_large_dt_1.0um_100K/20260704_153915/amplitude_decay_20
260704_153915.png

Done!
>>> archb1 arm=pirate-ratet done exit=0 Sat Jul  4 05:47:31 PM EEST 2026
>>> archb1 pilot arm=pirate-proj-L001 Sat Jul  4 05:47:31 PM EEST 2026

Mode: nongray_large_dt - Mode-resolved with β-network, large ΔT (~100K)
[07/04/26 17:47:32] INFO     use_spectral_t=True: forcing use_hard_ic=False     
                             (spectral architecture handles IC by construction).
[07/04/26 17:47:32] INFO     use_spectral_t=True: forcing use_hard_ic=False     
                             (spectral architecture handles IC by construction).
                    INFO     Random seed set: 42                                
                    INFO     Random seed set: 42                                
                    INFO     Lt from dom γ: 0.241 τ_ref (gray Lt was 84.493)    
                    INFO     Lt from dom γ: 0.241 τ_ref (gray Lt was 84.493)    
                    INFO     Analytical Lt: A(Lt)=0.001 threshold,              
                             Lt_analytical=84.5τ, Lt_final=0.2τ                 
                    INFO     Analytical Lt: A(Lt)=0.001 threshold,              
                             Lt_analytical=84.5τ, Lt_final=0.2τ                 
                    INFO     Large ΔT model: L=0.0μm, ΔT=100.0K                 
                    INFO     Large ΔT model: L=0.0μm, ΔT=100.0K                 
                    INFO     Temperature range: [250K, 350K]                    
                    INFO     Temperature range: [250K, 350K]                    
                    INFO     Reference scales: v_ref=1.68e+00, τ_ref=6.05e-11   
                    INFO     Reference scales: v_ref=1.68e+00, τ_ref=6.05e-11   
                    INFO     Effective Kn=10.1522, Lt=0.2                       
                    INFO     Effective Kn=10.1522, Lt=0.2                       
                    INFO     Vectorized: ALL 60 modes × ALL 16 angles per epoch 
                    INFO     Vectorized: ALL 60 modes × ALL 16 angles per epoch 
                    INFO     Subsampling: 1800/3600 interior points per epoch   
                    INFO     Subsampling: 1800/3600 interior points per epoch   
[07/04/26 17:47:37] INFO     DOM γ-target (universal, all-L): grid [250,350]K,  
                             γ_no13 ∈ [3.96e+11,5.54e+11] Hz (replaces          
                             1/(1+Kn²))                                         
[07/04/26 17:47:37] INFO     DOM γ-target (universal, all-L): grid [250,350]K,  
                             γ_no13 ∈ [3.96e+11,5.54e+11] Hz (replaces          
                             1/(1+Kn²))                                         
                    INFO     DOM shape curve: 12001 pts over 1.534e-11s, min    
                             A/A0 = +0.0173 (non-monotone at ballistic L)       
                    INFO     DOM shape curve: 12001 pts over 1.534e-11s, min    
                             A/A0 = +0.0173 (non-monotone at ballistic L)       
                    INFO     dT/dt IC (large ΔT): target range [-0.042, 0.042]  
                             in [0,1] time                                      
                    INFO     dT/dt IC (large ΔT): target range [-0.042, 0.042]  
                             in [0,1] time                                      
                    INFO     Waypoints: 9 (log), weight=50.0,                   
                             shape=dom-curve-proj                               
                    INFO     Waypoints: 9 (log), weight=50.0,                   
                             shape=dom-curve-proj                               
                    INFO     Auto energy weight: 1.000 (grating Kn=63.7879,     
                             Kn_eff=10.1522)                                    
                    INFO     Auto energy weight: 1.000 (grating Kn=63.7879,     
                             Kn_eff=10.1522)                                    
[07/04/26 17:47:37] INFO     W&B tracking enabled: project=pinn-bte,            
                             group=transient_1d_nongray_large_dt                
                    INFO     W&B tracking enabled: project=pinn-bte,            
                             group=transient_1d_nongray_large_dt                

1D Nongray Large ΔT Transient BTE
  L = 0.01 μm, ΔT = 100.0 K
  T range: [250K, 350K]
  Kn_eff = 10.1522
  Epochs: 15000 (β: 200)
  Output: runs/transient/1d_nongray_large_dt_0.01um_100K/20260704_174732
                    INFO     Logging to:                                        
                             runs/transient/1d_nongray_large_dt_0.01um_100K/2026
                             0704_174732/training_20260704_174732.log           
                    INFO     Logging to:                                        
                             runs/transient/1d_nongray_large_dt_0.01um_100K/2026
                             0704_174732/training_20260704_174732.log           
wandb: WARNING Using a boolean value for 'reinit' is deprecated. Use 'return_previous' or 'finish_previous' instead.
wandb: Tracking run with wandb version 0.24.1
wandb: W&B syncing is set to `offline` in this directory. Run `wandb online` or set WANDB_MODE=online to enable cloud syncing.
wandb: Run data is saved locally in /home/markoherkaliuk/src/pinn-bte-zoo/wandb/offline-run-20260704_174737-e8w0f6zz
[07/04/26 17:47:38] INFO     Started W&B run: tr_1d_ng_L0.01um_dT100K ·         
                             20260704_174732 (e8w0f6zz)                         
[07/04/26 17:47:38] INFO     Started W&B run: tr_1d_ng_L0.01um_dT100K ·         
                             20260704_174732 (e8w0f6zz)                         

Phase 1: Pretraining β-network
  Temperature range: [250K, 350K]
  Epochs: 200
     0.2s | Epoch     0 | β Loss = 3.15e+00
  β pretraining complete! Final loss: 6.90e-01
╭───────────────────────────── Starting Training ──────────────────────────────╮
│   Mode      Transient_Nongray_LargeDT                                        │
│   Epochs    15000                                                            │
│   Device    cuda                                                             │
│   Run ID    20260704_174732                                                  │
╰──────────────────────────────────────────────────────────────────────────────╯

Phase 2: BTE Training
  L = 0.0 μm, ΔT = 100.0K
  T range: [250K, 350K]
  Kn_eff = 10.1522
  τ(T) model = holland (full branch-resolved Holland--Callaway)
  Waypoints: 9 (log), weight=50.0
  ALL 60 modes × ALL 16 angles (vectorized)
  Epochs: 15000
     0.9s | Epoch     0 | BTE=7.01e+00 | Energy=2.11e+01 | BC=1.36e-05 | 
IC_n=1.92e-04 | IC_T=0.00e+00 | dT=2.62e-01 | WP=2.51e-01 | GE=4.13e-04 | 
Amp=0.00e+00 | Total=2.86e+01
    93.3s | Epoch   200 | BTE=7.79e+00 | Energy=4.03e+00 | BC=3.80e-04 | 
IC_n=2.47e-03 | IC_T=0.00e+00 | dT=4.76e-03 | WP=3.14e-01 | GE=2.12e-04 | 
Amp=0.00e+00 | Total=1.21e+01
   183.8s | Epoch   400 | BTE=6.42e+00 | Energy=5.12e+00 | BC=4.91e-04 | 
IC_n=8.47e-04 | IC_T=0.00e+00 | dT=1.72e-03 | WP=2.78e-01 | GE=3.72e-05 | 
Amp=0.00e+00 | Total=1.18e+01
   275.2s | Epoch   600 | BTE=5.25e+00 | Energy=5.75e+00 | BC=3.33e-04 | 
IC_n=1.28e-03 | IC_T=0.00e+00 | dT=1.83e-03 | WP=2.57e-01 | GE=1.17e-03 | 
Amp=0.00e+00 | Total=1.13e+01
   365.8s | Epoch   800 | BTE=4.09e+00 | Energy=5.56e+00 | BC=1.76e-04 | 
IC_n=2.38e-03 | IC_T=0.00e+00 | dT=9.40e-04 | WP=2.52e-01 | GE=8.13e-05 | 
Amp=0.00e+00 | Total=9.90e+00
   457.9s | Epoch  1000 | BTE=3.36e+00 | Energy=5.18e+00 | BC=3.77e-04 | 
IC_n=2.33e-03 | IC_T=0.00e+00 | dT=7.56e-04 | WP=2.52e-01 | GE=2.56e-05 | 
Amp=0.00e+00 | Total=8.80e+00
   548.7s | Epoch  1200 | BTE=2.88e+00 | Energy=4.74e+00 | BC=6.91e-04 | 
IC_n=2.25e-03 | IC_T=0.00e+00 | dT=6.53e-04 | WP=2.49e-01 | GE=1.24e-05 | 
Amp=0.00e+00 | Total=7.88e+00
   638.5s | Epoch  1400 | BTE=2.68e+00 | Energy=4.59e+00 | BC=7.03e-04 | 
IC_n=2.27e-03 | IC_T=0.00e+00 | dT=5.32e-04 | WP=2.51e-01 | GE=2.45e-04 | 
Amp=0.00e+00 | Total=7.52e+00
   728.9s | Epoch  1600 | BTE=2.41e+00 | Energy=4.52e+00 | BC=5.33e-04 | 
IC_n=2.30e-03 | IC_T=0.00e+00 | dT=1.06e-03 | WP=2.43e-01 | GE=2.24e-04 | 
Amp=0.00e+00 | Total=7.18e+00
   821.0s | Epoch  1800 | BTE=2.18e+00 | Energy=4.50e+00 | BC=3.95e-04 | 
IC_n=2.41e-03 | IC_T=0.00e+00 | dT=5.70e-04 | WP=2.32e-01 | GE=8.62e-05 | 
Amp=0.00e+00 | Total=6.92e+00
   912.9s | Epoch  2000 | BTE=1.99e+00 | Energy=4.20e+00 | BC=3.38e-04 | 
IC_n=2.38e-03 | IC_T=0.00e+00 | dT=2.52e-04 | WP=2.10e-01 | GE=1.28e-04 | 
Amp=0.00e+00 | Total=6.40e+00
  1002.7s | Epoch  2200 | BTE=1.71e+00 | Energy=4.02e+00 | BC=3.48e-04 | 
IC_n=2.19e-03 | IC_T=0.00e+00 | dT=8.81e-04 | WP=1.85e-01 | GE=1.77e-04 | 
Amp=0.00e+00 | Total=5.92e+00
  1093.2s | Epoch  2400 | BTE=1.36e+00 | Energy=3.34e+00 | BC=4.04e-04 | 
IC_n=1.91e-03 | IC_T=0.00e+00 | dT=9.01e-04 | WP=1.45e-01 | GE=2.32e-05 | 
Amp=0.00e+00 | Total=4.85e+00
  1183.6s | Epoch  2600 | BTE=1.07e+00 | Energy=2.39e+00 | BC=3.56e-04 | 
IC_n=1.57e-03 | IC_T=0.00e+00 | dT=9.01e-04 | WP=1.08e-01 | GE=3.56e-05 | 
Amp=0.00e+00 | Total=3.57e+00
  1274.8s | Epoch  2800 | BTE=7.51e-01 | Energy=1.74e+00 | BC=2.73e-04 | 
IC_n=1.09e-03 | IC_T=0.00e+00 | dT=9.01e-04 | WP=7.68e-02 | GE=1.45e-05 | 
Amp=0.00e+00 | Total=2.57e+00
  1365.3s | Epoch  3000 | BTE=5.91e-01 | Energy=1.22e+00 | BC=1.76e-04 | 
IC_n=7.66e-04 | IC_T=0.00e+00 | dT=9.01e-04 | WP=6.43e-02 | GE=4.41e-05 | 
Amp=0.00e+00 | Total=1.88e+00
  1455.0s | Epoch  3200 | BTE=4.68e-01 | Energy=1.11e+00 | BC=1.30e-04 | 
IC_n=5.99e-04 | IC_T=0.00e+00 | dT=9.01e-04 | WP=6.01e-02 | GE=1.28e-06 | 
Amp=0.00e+00 | Total=1.64e+00
  1546.6s | Epoch  3400 | BTE=4.22e-01 | Energy=9.92e-01 | BC=1.23e-04 | 
IC_n=5.32e-04 | IC_T=0.00e+00 | dT=9.01e-04 | WP=5.85e-02 | GE=1.25e-04 | 
Amp=0.00e+00 | Total=1.47e+00
  1638.5s | Epoch  3600 | BTE=3.94e-01 | Energy=6.97e-01 | BC=1.02e-04 | 
IC_n=5.00e-04 | IC_T=0.00e+00 | dT=9.01e-04 | WP=5.90e-02 | GE=1.42e-04 | 
Amp=0.00e+00 | Total=1.15e+00
  1729.4s | Epoch  3800 | BTE=3.36e-01 | Energy=6.94e-01 | BC=1.00e-04 | 
IC_n=5.15e-04 | IC_T=0.00e+00 | dT=9.01e-04 | WP=5.77e-02 | GE=5.85e-05 | 
Amp=0.00e+00 | Total=1.09e+00
  1819.0s | Epoch  4000 | BTE=3.54e-01 | Energy=9.65e-01 | BC=1.14e-04 | 
IC_n=5.62e-04 | IC_T=0.00e+00 | dT=9.01e-04 | WP=5.44e-02 | GE=4.92e-05 | 
Amp=0.00e+00 | Total=1.38e+00
  1910.1s | Epoch  4200 | BTE=3.67e-01 | Energy=5.60e-01 | BC=1.41e-04 | 
IC_n=5.49e-04 | IC_T=0.00e+00 | dT=9.01e-04 | WP=5.58e-02 | GE=7.75e-05 | 
Amp=0.00e+00 | Total=9.85e-01
  2000.5s | Epoch  4400 | BTE=2.95e-01 | Energy=7.34e-01 | BC=1.42e-04 | 
IC_n=5.53e-04 | IC_T=0.00e+00 | dT=9.01e-04 | WP=5.34e-02 | GE=8.11e-07 | 
Amp=0.00e+00 | Total=1.08e+00
  2091.7s | Epoch  4600 | BTE=3.31e-01 | Energy=6.47e-01 | BC=1.49e-04 | 
IC_n=5.58e-04 | IC_T=0.00e+00 | dT=9.01e-04 | WP=5.26e-02 | GE=1.89e-05 | 
Amp=0.00e+00 | Total=1.03e+00
  2181.9s | Epoch  4800 | BTE=2.76e-01 | Energy=5.86e-01 | BC=1.17e-04 | 
IC_n=5.74e-04 | IC_T=0.00e+00 | dT=9.01e-04 | WP=5.18e-02 | GE=5.83e-05 | 
Amp=0.00e+00 | Total=9.15e-01
  2273.2s | Epoch  5000 | BTE=2.94e-01 | Energy=5.60e-01 | BC=1.22e-04 | 
IC_n=5.68e-04 | IC_T=0.00e+00 | dT=9.01e-04 | WP=5.21e-02 | GE=1.12e-05 | 
Amp=0.00e+00 | Total=9.08e-01
  2363.7s | Epoch  5200 | BTE=2.94e-01 | Energy=6.27e-01 | BC=1.17e-04 | 
IC_n=6.15e-04 | IC_T=0.00e+00 | dT=9.01e-04 | WP=5.05e-02 | GE=5.12e-05 | 
Amp=0.00e+00 | Total=9.73e-01
  2453.0s | Epoch  5400 | BTE=2.84e-01 | Energy=7.16e-01 | BC=1.22e-04 | 
IC_n=6.69e-04 | IC_T=0.00e+00 | dT=9.01e-04 | WP=4.89e-02 | GE=3.33e-05 | 
Amp=0.00e+00 | Total=1.05e+00
  2543.4s | Epoch  5600 | BTE=2.96e-01 | Energy=1.61e+00 | BC=1.34e-04 | 
IC_n=7.28e-04 | IC_T=0.00e+00 | dT=9.01e-04 | WP=5.02e-02 | GE=1.67e-05 | 
Amp=0.00e+00 | Total=1.96e+00
  2633.9s | Epoch  5800 | BTE=2.91e-01 | Energy=5.29e-01 | BC=1.48e-04 | 
IC_n=7.70e-04 | IC_T=0.00e+00 | dT=9.01e-04 | WP=4.89e-02 | GE=1.38e-05 | 
Amp=0.00e+00 | Total=8.71e-01
  2724.1s | Epoch  6000 | BTE=2.87e-01 | Energy=6.45e-01 | BC=1.35e-04 | 
IC_n=7.31e-04 | IC_T=0.00e+00 | dT=9.01e-04 | WP=4.79e-02 | GE=8.34e-05 | 
Amp=0.00e+00 | Total=9.82e-01
  2815.1s | Epoch  6200 | BTE=2.75e-01 | Energy=5.14e-01 | BC=1.34e-04 | 
IC_n=7.25e-04 | IC_T=0.00e+00 | dT=9.01e-04 | WP=4.85e-02 | GE=9.57e-07 | 
Amp=0.00e+00 | Total=8.39e-01
  2905.2s | Epoch  6400 | BTE=2.88e-01 | Energy=5.32e-01 | BC=1.48e-04 | 
IC_n=7.83e-04 | IC_T=0.00e+00 | dT=9.01e-04 | WP=4.72e-02 | GE=2.28e-09 | 
Amp=0.00e+00 | Total=8.69e-01
  2995.3s | Epoch  6600 | BTE=2.94e-01 | Energy=5.85e-01 | BC=1.65e-04 | 
IC_n=8.02e-04 | IC_T=0.00e+00 | dT=9.01e-04 | WP=4.60e-02 | GE=1.71e-05 | 
Amp=0.00e+00 | Total=9.28e-01
  3085.3s | Epoch  6800 | BTE=2.76e-01 | Energy=5.04e-01 | BC=1.54e-04 | 
IC_n=7.98e-04 | IC_T=0.00e+00 | dT=9.01e-04 | WP=4.67e-02 | GE=6.10e-07 | 
Amp=0.00e+00 | Total=8.29e-01
  3176.7s | Epoch  7000 | BTE=3.08e-01 | Energy=1.87e+00 | BC=1.68e-04 | 
IC_n=8.52e-04 | IC_T=0.00e+00 | dT=9.01e-04 | WP=4.36e-02 | GE=7.50e-06 | 
Amp=0.00e+00 | Total=2.22e+00
  3266.3s | Epoch  7200 | BTE=2.48e-01 | Energy=5.87e-01 | BC=1.61e-04 | 
IC_n=8.06e-04 | IC_T=0.00e+00 | dT=9.01e-04 | WP=4.44e-02 | GE=2.45e-05 | 
Amp=0.00e+00 | Total=8.81e-01
  3356.8s | Epoch  7400 | BTE=2.54e-01 | Energy=4.24e-01 | BC=1.76e-04 | 
IC_n=8.40e-04 | IC_T=0.00e+00 | dT=9.01e-04 | WP=4.45e-02 | GE=4.97e-05 | 
Amp=0.00e+00 | Total=7.24e-01
  3448.3s | Epoch  7600 | BTE=2.84e-01 | Energy=6.05e-01 | BC=1.66e-04 | 
IC_n=8.96e-04 | IC_T=0.00e+00 | dT=9.01e-04 | WP=4.41e-02 | GE=7.29e-05 | 
Amp=0.00e+00 | Total=9.34e-01
  3539.8s | Epoch  7800 | BTE=2.70e-01 | Energy=4.40e-01 | BC=1.72e-04 | 
IC_n=8.78e-04 | IC_T=0.00e+00 | dT=9.01e-04 | WP=4.36e-02 | GE=1.60e-04 | 
Amp=0.00e+00 | Total=7.56e-01
  3630.4s | Epoch  8000 | BTE=2.74e-01 | Energy=4.42e-01 | BC=1.77e-04 | 
IC_n=8.65e-04 | IC_T=0.00e+00 | dT=9.01e-04 | WP=4.37e-02 | GE=1.01e-05 | 
Amp=0.00e+00 | Total=7.62e-01
  3722.0s | Epoch  8200 | BTE=2.56e-01 | Energy=4.96e-01 | BC=1.76e-04 | 
IC_n=8.50e-04 | IC_T=0.00e+00 | dT=9.01e-04 | WP=4.33e-02 | GE=3.46e-05 | 
Amp=0.00e+00 | Total=7.97e-01
  3811.0s | Epoch  8400 | BTE=2.68e-01 | Energy=5.03e-01 | BC=1.79e-04 | 
IC_n=8.91e-04 | IC_T=0.00e+00 | dT=9.01e-04 | WP=4.24e-02 | GE=5.48e-05 | 
Amp=0.00e+00 | Total=8.15e-01
  3901.6s | Epoch  8600 | BTE=2.67e-01 | Energy=4.86e-01 | BC=1.86e-04 | 
IC_n=8.80e-04 | IC_T=0.00e+00 | dT=9.01e-04 | WP=4.23e-02 | GE=9.36e-06 | 
Amp=0.00e+00 | Total=7.97e-01
  3992.3s | Epoch  8800 | BTE=2.56e-01 | Energy=5.56e-01 | BC=1.92e-04 | 
IC_n=9.07e-04 | IC_T=0.00e+00 | dT=9.01e-04 | WP=4.21e-02 | GE=3.01e-05 | 
Amp=0.00e+00 | Total=8.56e-01
  4082.4s | Epoch  9000 | BTE=2.66e-01 | Energy=3.82e-01 | BC=1.94e-04 | 
IC_n=9.22e-04 | IC_T=0.00e+00 | dT=9.01e-04 | WP=4.16e-02 | GE=4.86e-05 | 
Amp=0.00e+00 | Total=6.92e-01
  4173.9s | Epoch  9200 | BTE=2.56e-01 | Energy=5.00e-01 | BC=1.89e-04 | 
IC_n=9.05e-04 | IC_T=0.00e+00 | dT=9.01e-04 | WP=4.06e-02 | GE=9.25e-05 | 
Amp=0.00e+00 | Total=7.98e-01
  4265.8s | Epoch  9400 | BTE=2.48e-01 | Energy=3.50e-01 | BC=1.88e-04 | 
IC_n=9.13e-04 | IC_T=0.00e+00 | dT=9.01e-04 | WP=4.05e-02 | GE=7.10e-06 | 
Amp=0.00e+00 | Total=6.40e-01
  4355.5s | Epoch  9600 | BTE=2.48e-01 | Energy=4.12e-01 | BC=1.95e-04 | 
IC_n=9.32e-04 | IC_T=0.00e+00 | dT=9.01e-04 | WP=4.11e-02 | GE=1.35e-05 | 
Amp=0.00e+00 | Total=7.04e-01
  4446.7s | Epoch  9800 | BTE=2.59e-01 | Energy=3.43e-01 | BC=1.96e-04 | 
IC_n=9.27e-04 | IC_T=0.00e+00 | dT=9.01e-04 | WP=4.04e-02 | GE=7.18e-07 | 
Amp=0.00e+00 | Total=6.44e-01
  4538.4s | Epoch 10000 | BTE=2.59e-01 | Energy=3.46e-01 | BC=2.08e-04 | 
IC_n=9.46e-04 | IC_T=0.00e+00 | dT=9.01e-04 | WP=3.94e-02 | GE=1.09e-05 | 
Amp=0.00e+00 | Total=6.46e-01
  4628.8s | Epoch 10200 | BTE=2.62e-01 | Energy=3.87e-01 | BC=2.06e-04 | 
IC_n=9.61e-04 | IC_T=0.00e+00 | dT=9.01e-04 | WP=3.89e-02 | GE=1.78e-05 | 
Amp=0.00e+00 | Total=6.89e-01
  4719.2s | Epoch 10400 | BTE=2.75e-01 | Energy=3.50e-01 | BC=2.05e-04 | 
IC_n=9.67e-04 | IC_T=0.00e+00 | dT=9.01e-04 | WP=3.91e-02 | GE=2.15e-06 | 
Amp=0.00e+00 | Total=6.66e-01
  4809.0s | Epoch 10600 | BTE=2.59e-01 | Energy=3.41e-01 | BC=2.11e-04 | 
IC_n=9.66e-04 | IC_T=0.00e+00 | dT=9.01e-04 | WP=3.88e-02 | GE=6.01e-05 | 
Amp=0.00e+00 | Total=6.41e-01
  4900.0s | Epoch 10800 | BTE=2.51e-01 | Energy=3.21e-01 | BC=2.15e-04 | 
IC_n=9.72e-04 | IC_T=0.00e+00 | dT=9.01e-04 | WP=3.82e-02 | GE=2.75e-06 | 
Amp=0.00e+00 | Total=6.12e-01
  4990.3s | Epoch 11000 | BTE=2.49e-01 | Energy=3.51e-01 | BC=2.16e-04 | 
IC_n=9.70e-04 | IC_T=0.00e+00 | dT=9.01e-04 | WP=3.80e-02 | GE=9.03e-05 | 
Amp=0.00e+00 | Total=6.40e-01
  5080.3s | Epoch 11200 | BTE=2.57e-01 | Energy=3.64e-01 | BC=2.19e-04 | 
IC_n=9.76e-04 | IC_T=0.00e+00 | dT=9.01e-04 | WP=3.80e-02 | GE=7.91e-06 | 
Amp=0.00e+00 | Total=6.61e-01
  5170.8s | Epoch 11400 | BTE=2.61e-01 | Energy=3.92e-01 | BC=2.22e-04 | 
IC_n=9.71e-04 | IC_T=0.00e+00 | dT=9.01e-04 | WP=3.72e-02 | GE=1.71e-06 | 
Amp=0.00e+00 | Total=6.92e-01
  5260.1s | Epoch 11600 | BTE=2.47e-01 | Energy=3.29e-01 | BC=2.22e-04 | 
IC_n=9.85e-04 | IC_T=0.00e+00 | dT=9.01e-04 | WP=3.77e-02 | GE=1.12e-05 | 
Amp=0.00e+00 | Total=6.16e-01
  5349.6s | Epoch 11800 | BTE=2.64e-01 | Energy=3.36e-01 | BC=2.23e-04 | 
IC_n=9.72e-04 | IC_T=0.00e+00 | dT=9.01e-04 | WP=3.68e-02 | GE=1.20e-06 | 
Amp=0.00e+00 | Total=6.38e-01
  5439.8s | Epoch 12000 | BTE=2.52e-01 | Energy=3.35e-01 | BC=2.23e-04 | 
IC_n=9.90e-04 | IC_T=0.00e+00 | dT=9.01e-04 | WP=3.69e-02 | GE=6.43e-06 | 
Amp=0.00e+00 | Total=6.25e-01
  5530.1s | Epoch 12200 | BTE=2.73e-01 | Energy=3.69e-01 | BC=2.22e-04 | 
IC_n=9.91e-04 | IC_T=0.00e+00 | dT=9.01e-04 | WP=3.67e-02 | GE=3.73e-05 | 
Amp=0.00e+00 | Total=6.81e-01
  5621.2s | Epoch 12400 | BTE=2.65e-01 | Energy=3.37e-01 | BC=2.24e-04 | 
IC_n=9.82e-04 | IC_T=0.00e+00 | dT=9.01e-04 | WP=3.68e-02 | GE=2.53e-05 | 
Amp=0.00e+00 | Total=6.40e-01
  5711.6s | Epoch 12600 | BTE=2.48e-01 | Energy=3.29e-01 | BC=2.27e-04 | 
IC_n=9.90e-04 | IC_T=0.00e+00 | dT=9.01e-04 | WP=3.69e-02 | GE=1.62e-05 | 
Amp=0.00e+00 | Total=6.16e-01
  5801.6s | Epoch 12800 | BTE=2.62e-01 | Energy=3.23e-01 | BC=2.28e-04 | 
IC_n=9.94e-04 | IC_T=0.00e+00 | dT=9.01e-04 | WP=3.67e-02 | GE=2.04e-05 | 
Amp=0.00e+00 | Total=6.24e-01
  5892.3s | Epoch 13000 | BTE=2.71e-01 | Energy=3.22e-01 | BC=2.30e-04 | 
IC_n=9.97e-04 | IC_T=0.00e+00 | dT=9.01e-04 | WP=3.66e-02 | GE=1.74e-07 | 
Amp=0.00e+00 | Total=6.32e-01
  5983.2s | Epoch 13200 | BTE=2.71e-01 | Energy=2.94e-01 | BC=2.29e-04 | 
IC_n=9.92e-04 | IC_T=0.00e+00 | dT=9.01e-04 | WP=3.65e-02 | GE=3.95e-05 | 
Amp=0.00e+00 | Total=6.03e-01
  6074.8s | Epoch 13400 | BTE=2.59e-01 | Energy=3.17e-01 | BC=2.31e-04 | 
IC_n=9.95e-04 | IC_T=0.00e+00 | dT=9.01e-04 | WP=3.64e-02 | GE=9.91e-05 | 
Amp=0.00e+00 | Total=6.15e-01
  6165.0s | Epoch 13600 | BTE=2.75e-01 | Energy=3.13e-01 | BC=2.34e-04 | 
IC_n=9.99e-04 | IC_T=0.00e+00 | dT=9.01e-04 | WP=3.62e-02 | GE=1.25e-05 | 
Amp=0.00e+00 | Total=6.26e-01
  6255.4s | Epoch 13800 | BTE=2.72e-01 | Energy=3.30e-01 | BC=2.34e-04 | 
IC_n=9.96e-04 | IC_T=0.00e+00 | dT=9.01e-04 | WP=3.63e-02 | GE=1.78e-06 | 
Amp=0.00e+00 | Total=6.41e-01
  6346.0s | Epoch 14000 | BTE=2.71e-01 | Energy=3.14e-01 | BC=2.32e-04 | 
IC_n=1.00e-03 | IC_T=0.00e+00 | dT=9.01e-04 | WP=3.64e-02 | GE=3.81e-07 | 
Amp=0.00e+00 | Total=6.24e-01
  6436.3s | Epoch 14200 | BTE=2.61e-01 | Energy=2.81e-01 | BC=2.35e-04 | 
IC_n=1.00e-03 | IC_T=0.00e+00 | dT=9.01e-04 | WP=3.65e-02 | GE=6.46e-05 | 
Amp=0.00e+00 | Total=5.81e-01
  6527.1s | Epoch 14400 | BTE=2.56e-01 | Energy=3.96e-01 | BC=2.37e-04 | 
IC_n=1.01e-03 | IC_T=0.00e+00 | dT=9.01e-04 | WP=3.66e-02 | GE=2.40e-05 | 
Amp=0.00e+00 | Total=6.91e-01
  6618.3s | Epoch 14600 | BTE=2.79e-01 | Energy=3.41e-01 | BC=2.34e-04 | 
IC_n=1.00e-03 | IC_T=0.00e+00 | dT=9.01e-04 | WP=3.61e-02 | GE=8.53e-05 | 
Amp=0.00e+00 | Total=6.58e-01
  6709.7s | Epoch 14800 | BTE=2.61e-01 | Energy=3.39e-01 | BC=2.37e-04 | 
IC_n=1.00e-03 | IC_T=0.00e+00 | dT=9.01e-04 | WP=3.63e-02 | GE=8.31e-05 | 
Amp=0.00e+00 | Total=6.39e-01
╭───────────────────────────── Training Complete ──────────────────────────────╮
│   Time      6800.85s                                                         │
│   Output    runs/transient/1d_nongray_large_dt_0.01um_100K/20260704_174732   │
│   Saved     net_T_20260704_174732.pt                                         │
│   Saved     net_n_20260704_174732.pt                                         │
│   Saved     net_beta_20260704_174732.pt                                      │
╰──────────────────────────────────────────────────────────────────────────────╯
wandb: 
wandb: Run summary:
wandb: physics/local_dir runs/transient/1d_no...
wandb: 
wandb: You can sync this run to the cloud by running:
wandb: wandb sync /home/markoherkaliuk/src/pinn-bte-zoo/wandb/offline-run-20260704_174737-e8w0f6zz
wandb: Find logs at: ./wandb/offline-run-20260704_174737-e8w0f6zz/logs
Results saved to: 
runs/transient/1d_nongray_large_dt_0.01um_100K/20260704_174732/20260704_174732_r
esults.npz
  Generating visualizations...
Saved heatmap: runs/transient/1d_nongray_large_dt_0.01um_100K/20260704_174732/heatmap_20260704_174732.png
Saved snapshots: runs/transient/1d_nongray_large_dt_0.01um_100K/20260704_174732/snapshots_20260704_174732.png
Saved BC check: runs/transient/1d_nongray_large_dt_0.01um_100K/20260704_174732/bc_check_20260704_174732.png
Saved IC check: runs/transient/1d_nongray_large_dt_0.01um_100K/20260704_174732/ic_check_20260704_174732.png
Saved animation: runs/transient/1d_nongray_large_dt_0.01um_100K/20260704_174732/animation_20260704_174732.gif
  Saved: loss_20260704_174732.png
  Amplitude: A(0)=50.0000, A(end)=0.9132 (98.2% decay)
  Energy drift: 0.0113
  ⚠ Oscillation at t≈0τ
  Saved: 
runs/transient/1d_nongray_large_dt_0.01um_100K/20260704_174732/amplitude_decay_2
0260704_174732.png

Done!
>>> archb1 arm=pirate-proj-L001 done exit=0 Sat Jul  4 07:41:06 PM EEST 2026
=== arch campaign batch1 DONE Sat Jul  4 07:41:06 PM EEST 2026 ===
